filename, Unlabeled, a, b, c, capital, d, e, f, g, h, i, j, k, l, m, n, o, p, period, q, question mark, r, s, t, u, v, w, x, y, z
Screen-Shot-2023-07-15-at-11-09-53-PM_png_jpg.rf.0048d94d9e5c9ad8ae8bce4e64bd08f0.jpg, 0, 0, 0, 0, 0, 0, 0, 0, 0, 1, 0, 0, 0, 0, 0, 0, 0, 0, 0, 0, 0, 0, 0, 0, 0, 0, 0, 0, 0, 0
Screen-Shot-2023-07-17-at-12-10-43-AM_png_jpg.rf.008544c37a689a22ae212f558e9fd6ae.jpg, 0, 0, 0, 0, 0, 0, 0, 0, 0, 0, 0, 0, 0, 0, 0, 0, 0, 0, 0, 1, 0, 0, 0, 0, 0, 0, 0, 0, 0, 0
Screen-Shot-2023-07-16-at-12-01-16-AM_png_jpg.rf.00732c18bb66f6210b92579034f9268a.jpg, 0, 0, 0, 0, 0, 0, 0, 0, 0, 0, 0, 0, 0, 0, 0, 0, 0, 0, 0, 0, 0, 0, 0, 0, 0, 0, 0, 0, 1, 0
v1-JPG5whs_jpg.rf.006fc88906167bc2fe1e943091e3ee1a.jpg, 0, 0, 0, 0, 0, 0, 0, 0, 0, 0, 0, 0, 0, 0, 0, 0, 0, 0, 0, 0, 0, 0, 0, 0, 0, 1, 0, 0, 0, 0
Screen-Shot-2023-07-15-at-11-27-31-PM_png_jpg.rf.00eee442c26d18198078ab31d69afd83.jpg, 0, 0, 0, 0, 0, 0, 0, 0, 0, 0, 0, 0, 0, 0, 0, 1, 0, 0, 0, 0, 0, 0, 0, 0, 0, 0, 0, 0, 0, 0
l1-JPG0rot_jpg.rf.0110e8d085d87b2f6daccce0ecc4ceeb.jpg, 0, 0, 0, 0, 0, 0, 0, 0, 0, 0, 0, 0, 0, 1, 0, 0, 0, 0, 0, 0, 0, 0, 0, 0, 0, 0, 0, 0, 0, 0
Screen-Shot-2023-07-15-at-10-47-29-PM_png_jpg.rf.0055d092c0cdcbc4ade3077d668bb897.jpg, 0, 1, 0, 0, 0, 0, 0, 0, 0, 0, 0, 0, 0, 0, 0, 0, 0, 0, 0, 0, 0, 0, 0, 0, 0, 0, 0, 0, 0, 0
Screen-Shot-2023-07-16-at-11-53-19-PM_png_jpg.rf.0123dee5cb597c7eea72ab036bbebee9.jpg, 0, 0, 0, 0, 0, 1, 0, 0, 0, 0, 0, 0, 0, 0, 0, 0, 0, 0, 0, 0, 0, 0, 0, 0, 0, 0, 0, 0, 0, 0
Screen-Shot-2023-07-15-at-11-16-55-PM_png_jpg.rf.00b53ad4a786dd0466d544c0a1df9e3b.jpg, 0, 0, 0, 0, 0, 0, 0, 0, 0, 0, 0, 0, 1, 0, 0, 0, 0, 0, 0, 0, 0, 0, 0, 0, 0, 0, 0, 0, 0, 0
Screen-Shot-2023-07-16-at-11-52-18-PM_png_jpg.rf.010e62b13254852ffcbac84d33325058.jpg, 0, 0, 0, 0, 0, 1, 0, 0, 0, 0, 0, 0, 0, 0, 0, 0, 0, 0, 0, 0, 0, 0, 0, 0, 0, 0, 0, 0, 0, 0
Screen-Shot-2023-07-16-at-12-12-25-AM_png_jpg.rf.010758a7f0629ab4d0a43292fb64a883.jpg, 0, 0, 0, 0, 0, 0, 0, 0, 0, 0, 0, 0, 0, 0, 0, 0, 0, 0, 0, 0, 1, 0, 0, 0, 0, 0, 0, 0, 0, 0
Screen-Shot-2023-07-17-at-12-16-17-AM_png_jpg.rf.012b141bd7fc6de8670cb4abf8f85223.jpg, 0, 0, 0, 0, 0, 0, 0, 0, 0, 0, 0, 0, 0, 0, 0, 0, 0, 0, 0, 0, 0, 0, 0, 0, 0, 0, 0, 1, 0, 0
Screen-Shot-2023-07-17-at-12-22-53-AM_png.rf.00d6040726815b5c721711ffac7652eb.jpg, 0, 0, 0, 0, 0, 0, 0, 0, 0, 0, 0, 0, 0, 0, 0, 0, 0, 0, 0, 0, 1, 0, 0, 0, 0, 0, 0, 0, 0, 0
Screen-Shot-2023-07-15-at-11-33-46-PM_png_jpg.rf.01842b6e2a0cd921bfa5f9ad49b2c25d.jpg, 0, 0, 0, 0, 0, 0, 0, 0, 0, 0, 0, 0, 0, 0, 0, 0, 0, 1, 0, 0, 0, 0, 0, 0, 0, 0, 0, 0, 0, 0
Screen-Shot-2023-07-15-at-11-44-36-PM_png_jpg.rf.009dc5553261cbefdc078ac08ab5d195.jpg, 0, 0, 0, 0, 0, 0, 0, 0, 0, 0, 0, 0, 0, 0, 0, 0, 0, 0, 0, 0, 0, 0, 0, 1, 0, 0, 0, 0, 0, 0
t1-JPG7whs_jpg.rf.00f2c0c276924616945d495727d2b199.jpg, 0, 0, 0, 0, 0, 0, 0, 0, 0, 0, 0, 0, 0, 0, 0, 0, 0, 0, 0, 0, 0, 0, 0, 1, 0, 0, 0, 0, 0, 0
Screen-Shot-2023-07-15-at-11-05-39-PM_png_jpg.rf.02058b9c056f308b98113e7cb5e1ba3c.jpg, 0, 0, 0, 0, 0, 0, 1, 0, 0, 0, 0, 0, 0, 0, 0, 0, 0, 0, 0, 0, 0, 0, 0, 0, 0, 0, 0, 0, 0, 0
Screen-Shot-2023-07-15-at-11-29-18-PM_png.rf.00f70e4057e3bbfdede51ac294bd7582.jpg, 0, 0, 0, 0, 0, 0, 0, 0, 0, 0, 0, 0, 0, 0, 0, 0, 1, 0, 0, 0, 0, 0, 0, 0, 0, 0, 0, 0, 0, 0
Screen-Shot-2023-07-17-at-12-08-44-AM_png_jpg.rf.013476d55ee6086930a4f5f9aa812143.jpg, 0, 0, 0, 0, 0, 0, 0, 0, 0, 0, 0, 0, 0, 0, 0, 0, 0, 1, 0, 0, 0, 0, 0, 0, 0, 0, 0, 0, 0, 0
Screen-Shot-2023-07-15-at-11-20-22-PM-copy_png.rf.015d1361daa1e92287c03cbaeeb5b609.jpg, 0, 0, 0, 0, 0, 0, 0, 0, 0, 0, 0, 0, 0, 1, 0, 0, 0, 0, 0, 0, 0, 0, 0, 0, 0, 0, 0, 0, 0, 0
Screen-Shot-2023-07-16-at-12-00-18-AM_png_jpg.rf.020c1ac415c4253aa5438ccb39706329.jpg, 0, 0, 0, 0, 0, 0, 0, 0, 0, 0, 0, 0, 0, 0, 0, 0, 0, 0, 0, 0, 0, 0, 0, 0, 0, 0, 0, 1, 0, 0
Screen-Shot-2023-07-17-at-12-01-26-AM_png_jpg.rf.02255e54a85cd35159867b4f89c69d6c.jpg, 0, 0, 0, 0, 0, 0, 0, 0, 0, 0, 0, 1, 0, 0, 0, 0, 0, 0, 0, 0, 0, 0, 0, 0, 0, 0, 0, 0, 0, 0
Screen-Shot-2023-07-16-at-12-03-54-AM_png_jpg.rf.01464034e746838f5d5fde33eb84738d.jpg, 0, 0, 0, 0, 0, 0, 0, 0, 0, 0, 0, 0, 0, 0, 0, 0, 0, 0, 0, 0, 0, 0, 0, 0, 0, 0, 0, 0, 0, 1
Screen-Shot-2023-07-15-at-11-03-54-PM_png_jpg.rf.00a898d96fb7016ad3f19f0cd6103b18.jpg, 0, 0, 0, 0, 0, 1, 0, 0, 0, 0, 0, 0, 0, 0, 0, 0, 0, 0, 0, 0, 0, 0, 0, 0, 0, 0, 0, 0, 0, 0
Screen-Shot-2023-07-15-at-11-20-22-PM-copy_png_jpg.rf.022eb0bbc18843289cc8eccfdc3cab4e.jpg, 0, 0, 0, 0, 0, 0, 0, 0, 0, 0, 0, 0, 0, 1, 0, 0, 0, 0, 0, 0, 0, 0, 0, 0, 0, 0, 0, 0, 0, 0
Screen-Shot-2023-07-16-at-12-10-32-AM_png_jpg.rf.024bae11669630e6ffc730dcb1c64225.jpg, 0, 0, 0, 0, 0, 0, 0, 0, 0, 0, 0, 0, 0, 0, 0, 0, 0, 0, 0, 0, 1, 0, 0, 0, 0, 0, 0, 0, 0, 0
Screen-Shot-2023-07-15-at-11-23-10-PM-copy_png_jpg.rf.013a2597cc88acf7ee4892cceed63178.jpg, 0, 0, 0, 0, 0, 0, 0, 0, 0, 0, 0, 0, 0, 0, 1, 0, 0, 0, 0, 0, 0, 0, 0, 0, 0, 0, 0, 0, 0, 0
Screen-Shot-2023-07-17-at-12-07-58-AM_png_jpg.rf.01f3db460caf2d62dae5e207174f8552.jpg, 0, 0, 0, 0, 0, 0, 0, 0, 0, 0, 0, 0, 0, 0, 0, 0, 1, 0, 0, 0, 0, 0, 0, 0, 0, 0, 0, 0, 0, 0
Screen-Shot-2023-07-15-at-11-14-48-PM-copy_png_jpg.rf.0237e15aad9568edc9e6c83b44ac7a72.jpg, 0, 0, 0, 0, 0, 0, 0, 0, 0, 0, 0, 1, 0, 0, 0, 0, 0, 0, 0, 0, 0, 0, 0, 0, 0, 0, 0, 0, 0, 0
Screen-Shot-2023-07-11-at-12-30-24-PM_png_jpg.rf.01110d2b5f3ffcd63b4940973b825b07.jpg, 0, 0, 0, 0, 0, 0, 0, 0, 0, 0, 0, 0, 0, 0, 0, 0, 0, 0, 0, 0, 1, 0, 0, 0, 0, 0, 0, 0, 0, 0
Screen-Shot-2023-07-16-at-12-09-52-AM_png_jpg.rf.0246d2acb36511ab0a057935033d0b16.jpg, 0, 0, 0, 0, 0, 0, 0, 0, 0, 0, 0, 0, 0, 0, 0, 0, 0, 0, 0, 0, 1, 0, 0, 0, 0, 0, 0, 0, 0, 0
Screen-Shot-2023-07-16-at-11-42-48-PM_png_jpg.rf.02a49fd067b7f812f4afb4c9b646dba5.jpg, 0, 1, 0, 0, 0, 0, 0, 0, 0, 0, 0, 0, 0, 0, 0, 0, 0, 0, 0, 0, 0, 0, 0, 0, 0, 0, 0, 0, 0, 0
Screen-Shot-2023-07-15-at-11-58-37-PM_png_jpg.rf.02938e34a66b8c35f89304b2e8a58e7d.jpg, 0, 0, 0, 0, 0, 0, 0, 0, 0, 0, 0, 0, 0, 0, 0, 0, 0, 0, 0, 0, 0, 0, 0, 0, 0, 0, 0, 1, 0, 0
Screen-Shot-2023-07-15-at-10-47-56-PM_png_jpg.rf.00ae3c3ccba4d4861a4749a2259564ef.jpg, 0, 0, 0, 1, 0, 0, 0, 0, 0, 0, 0, 0, 0, 0, 0, 0, 0, 0, 0, 0, 0, 0, 0, 0, 0, 0, 0, 0, 0, 0
Screen-Shot-2023-07-15-at-11-36-25-PM_png_jpg.rf.026d1c5222ed7f222fadd79a585d39c5.jpg, 0, 0, 0, 0, 0, 0, 0, 0, 0, 0, 0, 0, 0, 0, 0, 0, 0, 0, 0, 1, 0, 0, 0, 0, 0, 0, 0, 0, 0, 0
v1-JPG1rot_jpg.rf.02394573a163a264ece328c56604fbb6.jpg, 0, 0, 0, 0, 0, 0, 0, 0, 0, 0, 0, 0, 0, 0, 0, 0, 0, 0, 0, 0, 0, 0, 0, 0, 0, 1, 0, 0, 0, 0
Screen-Shot-2023-07-15-at-11-43-50-PM-copy_png_jpg.rf.01474f3456d656626dacebcb41600438.jpg, 0, 0, 0, 0, 0, 0, 0, 0, 0, 0, 0, 0, 0, 0, 0, 0, 0, 0, 0, 0, 0, 0, 1, 0, 0, 0, 0, 0, 0, 0
x1-JPG10rot_jpg.rf.0124ec4c08ff1cf66a946fef4e25a4a1.jpg, 0, 0, 0, 0, 0, 0, 0, 0, 0, 0, 0, 0, 0, 0, 0, 0, 0, 0, 0, 0, 0, 0, 0, 0, 0, 0, 0, 1, 0, 0
Screen-Shot-2023-07-15-at-11-10-37-PM_png_jpg.rf.02d07c51cb30615cf6a0baa166ae88d8.jpg, 0, 0, 0, 0, 0, 0, 0, 0, 0, 1, 0, 0, 0, 0, 0, 0, 0, 0, 0, 0, 0, 0, 0, 0, 0, 0, 0, 0, 0, 0
Screen-Shot-2023-07-17-at-12-12-46-AM_png_jpg.rf.031478dca3b123d7259f1b03562b67c7.jpg, 0, 0, 0, 0, 0, 0, 0, 0, 0, 0, 0, 0, 0, 0, 0, 0, 0, 0, 0, 0, 0, 0, 0, 1, 0, 0, 0, 0, 0, 0
Screen-Shot-2023-07-15-at-11-09-30-PM-copy_png_jpg.rf.02d3bfd191ca55fbfea1591f4ded5d0a.jpg, 0, 0, 0, 0, 0, 0, 0, 0, 1, 0, 0, 0, 0, 0, 0, 0, 0, 0, 0, 0, 0, 0, 0, 0, 0, 0, 0, 0, 0, 0
Screen-Shot-2023-07-17-at-12-03-03-AM_png_jpg.rf.02cf52dbeba77dffbe1f1d352a7c79b7.jpg, 0, 0, 0, 0, 0, 0, 0, 0, 0, 0, 0, 0, 1, 0, 0, 0, 0, 0, 0, 0, 0, 0, 0, 0, 0, 0, 0, 0, 0, 0
Screen-Shot-2023-07-15-at-11-01-44-PM_png.rf.02ef4cbbe8acf062d31f03b2b8325b28.jpg, 0, 0, 0, 1, 0, 0, 0, 0, 0, 0, 0, 0, 0, 0, 0, 0, 0, 0, 0, 0, 0, 0, 0, 0, 0, 0, 0, 0, 0, 0
Screen-Shot-2023-07-15-at-11-13-23-PM_png_jpg.rf.018f692caf68bdfe257e3055a13e6746.jpg, 0, 0, 0, 0, 0, 0, 0, 0, 0, 0, 1, 0, 0, 0, 0, 0, 0, 0, 0, 0, 0, 0, 0, 0, 0, 0, 0, 0, 0, 0
Screen-Shot-2023-07-16-at-12-01-11-AM_png_jpg.rf.03200fe5b5737cbd5bf9ddce8dadb1c7.jpg, 0, 0, 0, 0, 0, 0, 0, 0, 0, 0, 0, 0, 0, 0, 0, 0, 0, 0, 0, 0, 0, 0, 0, 0, 0, 0, 0, 0, 1, 0
r1-JPG8rot_jpg.rf.02fd12dfd45f5175b976cbc6154c6c28.jpg, 0, 0, 0, 0, 0, 0, 0, 0, 0, 0, 0, 0, 0, 0, 0, 0, 0, 0, 0, 0, 0, 1, 0, 0, 0, 0, 0, 0, 0, 0
Screen-Shot-2023-07-15-at-11-55-44-PM_png_jpg.rf.0361ee061d34643bc448409a4f48668b.jpg, 0, 0, 0, 0, 0, 0, 0, 0, 0, 0, 0, 0, 0, 0, 0, 0, 0, 0, 0, 0, 0, 0, 0, 0, 0, 1, 0, 0, 0, 0
x1-JPG4rot_jpg.rf.02ad011fce64bea0014fff3f1998def8.jpg, 0, 0, 0, 0, 0, 0, 0, 0, 0, 0, 0, 0, 0, 0, 0, 0, 0, 0, 0, 0, 0, 0, 0, 0, 0, 0, 0, 1, 0, 0
Screen-Shot-2023-07-17-at-12-12-43-AM_png_jpg.rf.027580e4e6c25ce5130ebc330a1be507.jpg, 0, 0, 0, 0, 0, 0, 0, 0, 0, 0, 0, 0, 0, 0, 0, 0, 0, 0, 0, 0, 0, 0, 0, 1, 0, 0, 0, 0, 0, 0
j1-JPG17rot_jpg.rf.02f04bbd35916d81080e0965cb13f59c.jpg, 0, 0, 0, 0, 0, 0, 0, 0, 0, 0, 0, 1, 0, 0, 0, 0, 0, 0, 0, 0, 0, 0, 0, 0, 0, 0, 0, 0, 0, 0
a1-JPG13rot_jpg.rf.02f0f9ff61b7760edec9f4c8cba0de5e.jpg, 1, 0, 0, 0, 0, 0, 0, 0, 0, 0, 0, 0, 0, 0, 0, 0, 0, 0, 0, 0, 0, 0, 0, 0, 0, 0, 0, 0, 0, 0
Screen-Shot-2023-07-15-at-11-59-21-PM_png_jpg.rf.02f5ffb273a6a787fd750baacd90b462.jpg, 0, 0, 0, 0, 0, 0, 0, 0, 0, 0, 0, 0, 0, 0, 0, 0, 0, 0, 0, 0, 0, 0, 0, 0, 0, 0, 0, 1, 0, 0
v1-JPG16rot_jpg.rf.040c482318bbc5e78ddfa9693dd839a4.jpg, 0, 0, 0, 0, 0, 0, 0, 0, 0, 0, 0, 0, 0, 0, 0, 0, 0, 0, 0, 0, 0, 0, 0, 0, 0, 1, 0, 0, 0, 0
z1-JPG19whs_jpg.rf.0388143c9ac8c4d7b436fdd78ec8d32a.jpg, 0, 0, 0, 0, 0, 0, 0, 0, 0, 0, 0, 0, 0, 0, 0, 0, 0, 0, 0, 0, 0, 0, 0, 0, 0, 0, 0, 0, 0, 1
Screen-Shot-2023-07-17-at-12-11-33-AM_png_jpg.rf.02e34b8c009a2a1e83b168615adb4ef1.jpg, 0, 0, 0, 0, 0, 0, 0, 0, 0, 0, 0, 0, 0, 0, 0, 0, 0, 0, 0, 0, 0, 1, 0, 0, 0, 0, 0, 0, 0, 0
Screen-Shot-2023-07-11-at-12-28-23-PM_png_jpg.rf.03b0169a513eda39f796d69c1d5eccc5.jpg, 0, 0, 0, 0, 0, 0, 0, 0, 0, 0, 0, 0, 0, 0, 0, 0, 0, 0, 1, 0, 0, 0, 0, 0, 0, 0, 0, 0, 0, 0
Screen-Shot-2023-07-17-at-12-12-16-AM_png_jpg.rf.03c5903f9775e69476fb208aedbcaccf.jpg, 0, 0, 0, 0, 0, 0, 0, 0, 0, 0, 0, 0, 0, 0, 0, 0, 0, 0, 0, 0, 0, 0, 1, 0, 0, 0, 0, 0, 0, 0
Screen-Shot-2023-07-17-at-12-02-38-AM_png.rf.02c6f08d6dd6c9a15a5c3427ddfb28c2.jpg, 0, 0, 0, 0, 0, 0, 0, 0, 0, 0, 0, 0, 1, 0, 0, 0, 0, 0, 0, 0, 0, 0, 0, 0, 0, 0, 0, 0, 0, 0
Screen-Shot-2023-07-17-at-12-14-51-AM_png_jpg.rf.0251b4bc713a62499d0b81dac638fdde.jpg, 0, 0, 0, 0, 0, 0, 0, 0, 0, 0, 0, 0, 0, 0, 0, 0, 0, 0, 0, 0, 0, 0, 0, 0, 0, 1, 0, 0, 0, 0
Screen-Shot-2023-07-17-at-12-05-55-AM_png_jpg.rf.036f6c2306bb30ca01378f82914e7316.jpg, 0, 0, 0, 0, 0, 0, 0, 0, 0, 0, 0, 0, 0, 0, 1, 0, 0, 0, 0, 0, 0, 0, 0, 0, 0, 0, 0, 0, 0, 0
j1-JPG10rot_jpg.rf.03e0b7ab1d18d27898656ccba34fa011.jpg, 0, 0, 0, 0, 0, 0, 0, 0, 0, 0, 0, 1, 0, 0, 0, 0, 0, 0, 0, 0, 0, 0, 0, 0, 0, 0, 0, 0, 0, 0
Screen-Shot-2023-07-15-at-10-59-56-PM_png_jpg.rf.03b6bcab9559ce88229b372f56dc2e1c.jpg, 0, 0, 1, 0, 0, 0, 0, 0, 0, 0, 0, 0, 0, 0, 0, 0, 0, 0, 0, 0, 0, 0, 0, 0, 0, 0, 0, 0, 0, 0
Screen-Shot-2023-07-15-at-10-53-35-PM_png.rf.045462c7915251bf7d84d69e8b925284.jpg, 0, 0, 0, 0, 0, 0, 0, 1, 0, 0, 0, 0, 0, 0, 0, 0, 0, 0, 0, 0, 0, 0, 0, 0, 0, 0, 0, 0, 0, 0
Screen-Shot-2023-07-16-at-12-01-32-AM_png_jpg.rf.03e20312f96d835a163f49e08bab9111.jpg, 0, 0, 0, 0, 0, 0, 0, 0, 0, 0, 0, 0, 0, 0, 0, 0, 0, 0, 0, 0, 0, 0, 0, 0, 0, 0, 0, 0, 1, 0
Screen-Shot-2023-07-17-at-12-07-58-AM_png_jpg.rf.035f134c552de756d5c29438165df6eb.jpg, 0, 0, 0, 0, 0, 0, 0, 0, 0, 0, 0, 0, 0, 0, 0, 0, 1, 0, 0, 0, 0, 0, 0, 0, 0, 0, 0, 0, 0, 0
Screen-Shot-2023-07-16-at-11-50-27-PM_png_jpg.rf.04372874deecbd1c4d915db9ee766e5b.jpg, 0, 0, 0, 1, 0, 0, 0, 0, 0, 0, 0, 0, 0, 0, 0, 0, 0, 0, 0, 0, 0, 0, 0, 0, 0, 0, 0, 0, 0, 0
z1-JPG14rot_jpg.rf.04006aa3cdb463b5932c5c0f561585a3.jpg, 0, 0, 0, 0, 0, 0, 0, 0, 0, 0, 0, 0, 0, 0, 0, 0, 0, 0, 0, 0, 0, 0, 0, 0, 0, 0, 0, 0, 0, 1
a1-JPG2dim_jpg.rf.0484e1c4468bf3073104d84a4860a8f0.jpg, 0, 1, 0, 0, 0, 0, 0, 0, 0, 0, 0, 0, 0, 0, 0, 0, 0, 0, 0, 0, 0, 0, 0, 0, 0, 0, 0, 0, 0, 0
Screen-Shot-2023-07-15-at-11-13-29-PM_png_jpg.rf.04f2678987d62bb0b92802d45f244e4a.jpg, 0, 0, 0, 0, 0, 0, 0, 0, 0, 0, 1, 0, 0, 0, 0, 0, 0, 0, 0, 0, 0, 0, 0, 0, 0, 0, 0, 0, 0, 0
Screen-Shot-2023-07-15-at-11-55-50-PM_png_jpg.rf.053522aed45097021bea300561cf01c8.jpg, 0, 0, 0, 0, 0, 0, 0, 0, 0, 0, 0, 0, 0, 0, 0, 0, 0, 0, 0, 0, 0, 0, 0, 0, 0, 1, 0, 0, 0, 0
n1-JPG16whs_jpg.rf.049df09219321f75f83d3f553ac7433b.jpg, 0, 0, 0, 0, 0, 0, 0, 0, 0, 0, 0, 0, 0, 0, 0, 1, 0, 0, 0, 0, 0, 0, 0, 0, 0, 0, 0, 0, 0, 0
Screen-Shot-2023-07-15-at-11-23-41-PM_png_jpg.rf.04919cabf1f9b138b81c62641d8bd88d.jpg, 0, 0, 0, 0, 0, 0, 0, 0, 0, 0, 0, 0, 0, 0, 1, 0, 0, 0, 0, 0, 0, 0, 0, 0, 0, 0, 0, 0, 0, 0
x1-JPG12rot_jpg.rf.04f83b58b36aec0469a83a95de6cc6c6.jpg, 0, 0, 0, 0, 0, 0, 0, 0, 0, 0, 0, 0, 0, 0, 0, 0, 0, 0, 0, 0, 0, 0, 0, 0, 0, 0, 0, 1, 0, 0
r1-JPG4dim_jpg.rf.04c221395bc090347ef5f113757aa3bb.jpg, 0, 0, 0, 0, 0, 0, 0, 0, 0, 0, 0, 0, 0, 0, 0, 0, 0, 0, 0, 0, 0, 1, 0, 0, 0, 0, 0, 0, 0, 0
Screen-Shot-2023-07-17-at-12-02-08-AM_png_jpg.rf.051ea0d63c4dc1a60384729d860f4c53.jpg, 0, 0, 0, 0, 0, 0, 0, 0, 0, 0, 0, 0, 1, 0, 0, 0, 0, 0, 0, 0, 0, 0, 0, 0, 0, 0, 0, 0, 0, 0
Screen-Shot-2023-07-17-at-12-18-02-AM_png_jpg.rf.0518a34f5a64b7a800897051ae6270dc.jpg, 0, 0, 0, 0, 0, 0, 0, 0, 0, 0, 0, 0, 0, 0, 0, 0, 0, 0, 0, 0, 0, 0, 0, 0, 0, 0, 0, 0, 1, 0
Screen-Shot-2023-07-15-at-11-19-44-PM_png_jpg.rf.04c2122622bf5482d9ed957d70f766a3.jpg, 0, 0, 0, 0, 0, 0, 0, 0, 0, 0, 0, 0, 0, 1, 0, 0, 0, 0, 0, 0, 0, 0, 0, 0, 0, 0, 0, 0, 0, 0
Screen-Shot-2023-07-16-at-12-07-43-AM_png_jpg.rf.0516f5f8fe4a5ffb77297f2419a2be92.jpg, 0, 0, 0, 0, 1, 0, 0, 0, 0, 0, 0, 0, 0, 0, 0, 0, 0, 0, 0, 0, 0, 0, 0, 0, 0, 0, 0, 0, 0, 0
Screen-Shot-2023-07-17-at-12-22-30-AM_png_jpg.rf.041ec0fac9c18512aedd993208a21e26.jpg, 0, 0, 0, 0, 0, 0, 0, 0, 0, 0, 0, 0, 0, 0, 0, 0, 0, 0, 0, 0, 1, 0, 0, 0, 0, 0, 0, 0, 0, 0
Screen-Shot-2023-07-17-at-12-08-27-AM_png_jpg.rf.05583a819805fa3851d5d474c3d41808.jpg, 0, 0, 0, 0, 0, 0, 0, 0, 0, 0, 0, 0, 0, 0, 0, 0, 1, 0, 0, 0, 0, 0, 0, 0, 0, 0, 0, 0, 0, 0
Screen-Shot-2023-07-15-at-10-48-38-PM-copy-2_png_jpg.rf.05b2512d4287284a9fad55a35003e258.jpg, 0, 0, 0, 0, 0, 0, 1, 0, 0, 0, 0, 0, 0, 0, 0, 0, 0, 0, 0, 0, 0, 0, 0, 0, 0, 0, 0, 0, 0, 0
z1-JPG4whs_jpg.rf.04635acbcd312bc099ca60a66b39a460.jpg, 0, 0, 0, 0, 0, 0, 0, 0, 0, 0, 0, 0, 0, 0, 0, 0, 0, 0, 0, 0, 0, 0, 0, 0, 0, 0, 0, 0, 0, 1
d1-JPG5rot_jpg.rf.0592f9c8553ab40e62a0cc93ca6d698f.jpg, 1, 0, 0, 0, 0, 0, 0, 0, 0, 0, 0, 0, 0, 0, 0, 0, 0, 0, 0, 0, 0, 0, 0, 0, 0, 0, 0, 0, 0, 0
Screen-Shot-2023-07-16-at-12-08-18-AM_png_jpg.rf.06016d7b71c05d358579aeefbf874322.jpg, 0, 0, 0, 0, 0, 0, 0, 0, 0, 0, 0, 0, 0, 0, 0, 0, 0, 0, 0, 0, 1, 0, 0, 0, 0, 0, 0, 0, 0, 0
o1-JPG9rot_jpg.rf.05e8eace962adb4ba295e9861bd00760.jpg, 0, 0, 0, 0, 0, 0, 0, 0, 0, 0, 0, 0, 0, 0, 0, 0, 1, 0, 0, 0, 0, 0, 0, 0, 0, 0, 0, 0, 0, 0
Screen-Shot-2023-07-16-at-11-50-52-PM_png_jpg.rf.05b8e46441be9f83e0056d1f581b7fdb.jpg, 0, 0, 0, 1, 0, 0, 0, 0, 0, 0, 0, 0, 0, 0, 0, 0, 0, 0, 0, 0, 0, 0, 0, 0, 0, 0, 0, 0, 0, 0
i1-JPG3dim_jpg.rf.0454ae91e5e32930cfaf29f0805c5a19.jpg, 0, 0, 0, 0, 0, 0, 0, 0, 0, 0, 1, 0, 0, 0, 0, 0, 0, 0, 0, 0, 0, 0, 0, 0, 0, 0, 0, 0, 0, 0
Screen-Shot-2023-07-17-at-12-16-05-AM_png_jpg.rf.055ba5e25221406405242242eacd9b4b.jpg, 0, 0, 0, 0, 0, 0, 0, 0, 0, 0, 0, 0, 0, 0, 0, 0, 0, 0, 0, 0, 0, 0, 0, 0, 0, 0, 1, 0, 0, 0
Screen-Shot-2023-07-16-at-11-48-02-PM_png_jpg.rf.05fed62a4ac083b4b338a633c8fbb4b2.jpg, 0, 0, 0, 1, 0, 0, 0, 0, 0, 0, 0, 0, 0, 0, 0, 0, 0, 0, 0, 0, 0, 0, 0, 0, 0, 0, 0, 0, 0, 0
b1-JPG2dim_jpg.rf.065aa2004b80060cbc449bad1b172770.jpg, 0, 0, 1, 0, 0, 0, 0, 0, 0, 0, 0, 0, 0, 0, 0, 0, 0, 0, 0, 0, 0, 0, 0, 0, 0, 0, 0, 0, 0, 0
Screen-Shot-2023-07-15-at-11-04-40-PM_png.rf.05b9cf1d201cfd5d2af7a1b9f4103b56.jpg, 0, 0, 0, 0, 0, 1, 0, 0, 0, 0, 0, 0, 0, 0, 0, 0, 0, 0, 0, 0, 0, 0, 0, 0, 0, 0, 0, 0, 0, 0
l1-JPG4dim_jpg.rf.068ebeaf6d37e21d4a4d0e788e3914b7.jpg, 0, 0, 0, 0, 0, 0, 0, 0, 0, 0, 0, 0, 0, 1, 0, 0, 0, 0, 0, 0, 0, 0, 0, 0, 0, 0, 0, 0, 0, 0
Screen-Shot-2023-07-16-at-11-50-36-PM_png.rf.05be5701557fffb4357730c26ac1fc3a.jpg, 0, 0, 0, 1, 0, 0, 0, 0, 0, 0, 0, 0, 0, 0, 0, 0, 0, 0, 0, 0, 0, 0, 0, 0, 0, 0, 0, 0, 0, 0
z1-JPG1rot_jpg.rf.060df31f82b623edcb9bc2eb3fc96b75.jpg, 0, 0, 0, 0, 0, 0, 0, 0, 0, 0, 0, 0, 0, 0, 0, 0, 0, 0, 0, 0, 0, 0, 0, 0, 0, 0, 0, 0, 0, 1
f1-JPG13dim_jpg.rf.0627c04d226a9cacb0ffa2bf097d81ea.jpg, 0, 0, 0, 0, 0, 0, 0, 1, 0, 0, 0, 0, 0, 0, 0, 0, 0, 0, 0, 0, 0, 0, 0, 0, 0, 0, 0, 0, 0, 0
Screen-Shot-2023-07-17-at-12-11-47-AM_png_jpg.rf.062ef4e75d240c4826ebc66c78a6fd8e.jpg, 0, 0, 0, 0, 0, 0, 0, 0, 0, 0, 0, 0, 0, 0, 0, 0, 0, 0, 0, 0, 0, 0, 1, 0, 0, 0, 0, 0, 0, 0
Screen-Shot-2023-07-17-at-12-12-55-AM_png_jpg.rf.06afe376ad1ab0fffc94a791a3b61f27.jpg, 0, 0, 0, 0, 0, 0, 0, 0, 0, 0, 0, 0, 0, 0, 0, 0, 0, 0, 0, 0, 0, 0, 0, 1, 0, 0, 0, 0, 0, 0
Screen-Shot-2023-07-16-at-11-51-14-PM_png_jpg.rf.0717887f4d1cd8c6373f3680ddb8df0f.jpg, 0, 0, 0, 0, 0, 1, 0, 0, 0, 0, 0, 0, 0, 0, 0, 0, 0, 0, 0, 0, 0, 0, 0, 0, 0, 0, 0, 0, 0, 0
Screen-Shot-2023-07-16-at-12-15-31-PM_png_jpg.rf.06982bd5c2b5a52c0871cfcf9ccbcc6e.jpg, 0, 0, 0, 0, 0, 0, 0, 0, 0, 0, 0, 0, 0, 0, 0, 0, 0, 0, 1, 0, 0, 0, 0, 0, 0, 0, 0, 0, 0, 0
Screen-Shot-2023-07-17-at-12-18-06-AM_png_jpg.rf.071b6b5a07a69a206270e25337bb7593.jpg, 0, 0, 0, 0, 0, 0, 0, 0, 0, 0, 0, 0, 0, 0, 0, 0, 0, 0, 0, 0, 0, 0, 0, 0, 0, 0, 0, 0, 1, 0
Screen-Shot-2023-07-15-at-11-59-15-PM_png_jpg.rf.07385ff16edee82bdddf48745e6daa46.jpg, 0, 0, 0, 0, 0, 0, 0, 0, 0, 0, 0, 0, 0, 0, 0, 0, 0, 0, 0, 0, 0, 0, 0, 0, 0, 0, 0, 1, 0, 0
d1-JPG8whs_jpg.rf.0665d145f183061c925926a5db802c03.jpg, 0, 0, 0, 0, 0, 1, 0, 0, 0, 0, 0, 0, 0, 0, 0, 0, 0, 0, 0, 0, 0, 0, 0, 0, 0, 0, 0, 0, 0, 0
Screen-Shot-2023-07-16-at-11-54-06-PM_png_jpg.rf.06487953066c6880f898cef564445182.jpg, 0, 0, 0, 0, 0, 0, 1, 0, 0, 0, 0, 0, 0, 0, 0, 0, 0, 0, 0, 0, 0, 0, 0, 0, 0, 0, 0, 0, 0, 0
Screen-Shot-2023-07-15-at-10-58-39-PM_png_jpg.rf.06a7664bc2cbd871806d0d4d5a64f99e.jpg, 0, 0, 1, 0, 0, 0, 0, 0, 0, 0, 0, 0, 0, 0, 0, 0, 0, 0, 0, 0, 0, 0, 0, 0, 0, 0, 0, 0, 0, 0
Screen-Shot-2023-07-16-at-12-02-25-AM_png_jpg.rf.06221e781632d7c01008cc597aa00304.jpg, 0, 0, 0, 0, 0, 0, 0, 0, 0, 0, 0, 0, 0, 0, 0, 0, 0, 0, 0, 0, 0, 0, 0, 0, 0, 0, 0, 0, 1, 0
Screen-Shot-2023-07-15-at-11-40-12-PM_png_jpg.rf.074370cfb6c94910b6940519e2ab5c9b.jpg, 0, 0, 0, 0, 0, 0, 0, 0, 0, 0, 0, 0, 0, 0, 0, 0, 0, 0, 0, 0, 0, 1, 0, 0, 0, 0, 0, 0, 0, 0
Screen-Shot-2023-07-17-at-12-22-26-AM_png_jpg.rf.070aa7c758efa79f4b7f7238e13df8c6.jpg, 0, 0, 0, 0, 0, 0, 0, 0, 0, 0, 0, 0, 0, 0, 0, 0, 0, 0, 0, 0, 1, 0, 0, 0, 0, 0, 0, 0, 0, 0
Screen-Shot-2023-07-17-at-12-08-56-AM_png_jpg.rf.0719131e16e615889c3fb3d4ffbede25.jpg, 0, 0, 0, 0, 0, 0, 0, 0, 0, 0, 0, 0, 0, 0, 0, 0, 0, 1, 0, 0, 0, 0, 0, 0, 0, 0, 0, 0, 0, 0
Screen-Shot-2023-07-16-at-12-10-37-AM_png_jpg.rf.077282388a75d00a1c6bc6f09f958b2c.jpg, 0, 0, 0, 0, 0, 0, 0, 0, 0, 0, 0, 0, 0, 0, 0, 0, 0, 0, 0, 0, 1, 0, 0, 0, 0, 0, 0, 0, 0, 0
Screen-Shot-2023-07-15-at-11-28-48-PM_png.rf.0665b09ee3abd63f55c7540f4a77b3e7.jpg, 0, 0, 0, 0, 0, 0, 0, 0, 0, 0, 0, 0, 0, 0, 0, 0, 1, 0, 0, 0, 0, 0, 0, 0, 0, 0, 0, 0, 0, 0
a1-JPG8dim_jpg.rf.073d37f5c5b9f20518a12304d5919bac.jpg, 0, 1, 0, 0, 0, 0, 0, 0, 0, 0, 0, 0, 0, 0, 0, 0, 0, 0, 0, 0, 0, 0, 0, 0, 0, 0, 0, 0, 0, 0
Screen-Shot-2023-07-17-at-12-08-27-AM_png_jpg.rf.074ca80744f801b84d384782b4e84490.jpg, 0, 0, 0, 0, 0, 0, 0, 0, 0, 0, 0, 0, 0, 0, 0, 0, 1, 0, 0, 0, 0, 0, 0, 0, 0, 0, 0, 0, 0, 0
s1-JPG5rot_jpg.rf.07b5d2786ca3e3e0e4e374611146000b.jpg, 0, 0, 0, 0, 0, 0, 0, 0, 0, 0, 0, 0, 0, 0, 0, 0, 0, 0, 0, 0, 0, 0, 1, 0, 0, 0, 0, 0, 0, 0
Screen-Shot-2023-07-15-at-11-11-28-PM-copy_png_jpg.rf.081c8bbd8f19689769030b6837ddd400.jpg, 0, 0, 0, 0, 0, 0, 0, 0, 0, 1, 0, 0, 0, 0, 0, 0, 0, 0, 0, 0, 0, 0, 0, 0, 0, 0, 0, 0, 0, 0
Screen-Shot-2023-07-17-at-12-14-47-AM_png_jpg.rf.05ff2877d1fa1895f992a69c29819e28.jpg, 0, 0, 0, 0, 0, 0, 0, 0, 0, 0, 0, 0, 0, 0, 0, 0, 0, 0, 0, 0, 0, 0, 0, 0, 0, 1, 0, 0, 0, 0
Screen-Shot-2023-07-15-at-10-49-05-PM_png_jpg.rf.07dc882a8ccb3328222f7ab5b0077c09.jpg, 0, 0, 0, 0, 0, 0, 0, 1, 0, 0, 0, 0, 0, 0, 0, 0, 0, 0, 0, 0, 0, 0, 0, 0, 0, 0, 0, 0, 0, 0
n1-JPG6whs_jpg.rf.0733f71097e16b56ead6b221db5abbd8.jpg, 0, 0, 0, 0, 0, 0, 0, 0, 0, 0, 0, 0, 0, 0, 0, 1, 0, 0, 0, 0, 0, 0, 0, 0, 0, 0, 0, 0, 0, 0
Screen-Shot-2023-07-15-at-10-54-05-PM_png.rf.07de5202186aeeeaa687ad6db12b079a.jpg, 0, 0, 0, 0, 0, 0, 0, 1, 0, 0, 0, 0, 0, 0, 0, 0, 0, 0, 0, 0, 0, 0, 0, 0, 0, 0, 0, 0, 0, 0
Screen-Shot-2023-07-17-at-12-07-06-AM_png_jpg.rf.081916a7f07ce62714c1ca5058b79f37.jpg, 0, 0, 0, 0, 0, 0, 0, 0, 0, 0, 0, 0, 0, 0, 0, 1, 0, 0, 0, 0, 0, 0, 0, 0, 0, 0, 0, 0, 0, 0
Screen-Shot-2023-07-16-at-11-55-31-PM-copy_png.rf.08586a23b2d91cb43f560d7705a83b7f.jpg, 0, 0, 0, 0, 0, 0, 0, 1, 0, 0, 0, 0, 0, 0, 0, 0, 0, 0, 0, 0, 0, 0, 0, 0, 0, 0, 0, 0, 0, 0
Screen-Shot-2023-07-17-at-12-05-40-AM_png_jpg.rf.07c007df66f1d1fcb09ab4461b6bff20.jpg, 0, 0, 0, 0, 0, 0, 0, 0, 0, 0, 0, 0, 0, 1, 0, 0, 0, 0, 0, 0, 0, 0, 0, 0, 0, 0, 0, 0, 0, 0
c1-JPG7whs_jpg.rf.075892db84068b06a5036e0614dcb8ea.jpg, 0, 0, 0, 1, 0, 0, 0, 0, 0, 0, 0, 0, 0, 0, 0, 0, 0, 0, 0, 0, 0, 0, 0, 0, 0, 0, 0, 0, 0, 0
p1-JPG13whs_jpg.rf.08635a199ed8f06b965eae601a67fb71.jpg, 0, 0, 0, 0, 0, 0, 0, 0, 0, 0, 0, 0, 0, 0, 0, 0, 0, 1, 0, 0, 0, 0, 0, 0, 0, 0, 0, 0, 0, 0
t1-JPG16whs_jpg.rf.089d55b3e666df862051ea9346160aae.jpg, 0, 0, 0, 0, 0, 0, 0, 0, 0, 0, 0, 0, 0, 0, 0, 0, 0, 0, 0, 0, 0, 0, 0, 1, 0, 0, 0, 0, 0, 0
Screen-Shot-2023-07-15-at-11-41-33-PM_png_jpg.rf.0860b62e0cce2ca8dce7a4eae410cf53.jpg, 0, 0, 0, 0, 0, 0, 0, 0, 0, 0, 0, 0, 0, 0, 0, 0, 0, 0, 0, 0, 0, 1, 0, 0, 0, 0, 0, 0, 0, 0
w1-JPG7dim_jpg.rf.0578864c4d8644347fedafa4f26dc06c.jpg, 1, 0, 0, 0, 0, 0, 0, 0, 0, 0, 0, 0, 0, 0, 0, 0, 0, 0, 0, 0, 0, 0, 0, 0, 0, 0, 0, 0, 0, 0
n1-JPG14whs_jpg.rf.088008fb12125e5a7f34e4efbc904b0e.jpg, 0, 0, 0, 0, 0, 0, 0, 0, 0, 0, 0, 0, 0, 0, 0, 1, 0, 0, 0, 0, 0, 0, 0, 0, 0, 0, 0, 0, 0, 0
Screen-Shot-2023-07-17-at-12-10-55-AM_png_jpg.rf.081de9debc6150161896ee9db7eee244.jpg, 0, 0, 0, 0, 0, 0, 0, 0, 0, 0, 0, 0, 0, 0, 0, 0, 0, 0, 0, 0, 0, 1, 0, 0, 0, 0, 0, 0, 0, 0
Screen-Shot-2023-07-17-at-12-09-26-AM_png_jpg.rf.087711ad9c182ac4087cf163b0f556db.jpg, 0, 0, 0, 0, 0, 0, 0, 0, 0, 0, 0, 0, 0, 0, 0, 0, 0, 1, 0, 0, 0, 0, 0, 0, 0, 0, 0, 0, 0, 0
Screen-Shot-2023-07-16-at-11-59-32-PM_png_jpg.rf.08cbd22371c843f3fff569e567812298.jpg, 0, 0, 0, 0, 0, 0, 0, 0, 0, 1, 0, 0, 0, 0, 0, 0, 0, 0, 0, 0, 0, 0, 0, 0, 0, 0, 0, 0, 0, 0
Screen-Shot-2023-07-15-at-11-02-53-PM_png.rf.08167e5990285ce6e51323d7d9260745.jpg, 0, 0, 0, 0, 0, 1, 0, 0, 0, 0, 0, 0, 0, 0, 0, 0, 0, 0, 0, 0, 0, 0, 0, 0, 0, 0, 0, 0, 0, 0
Screen-Shot-2023-07-17-at-12-13-49-AM_png_jpg.rf.0801449ac0b311f3328dc6f498495b15.jpg, 0, 0, 0, 0, 0, 0, 0, 0, 0, 0, 0, 0, 0, 0, 0, 0, 0, 0, 0, 0, 0, 0, 0, 0, 1, 0, 0, 0, 0, 0
Screen-Shot-2023-07-15-at-11-14-24-PM_png_jpg.rf.6d2cbed1cc22e8d3b324cae336fff122.jpg, 0, 0, 0, 0, 0, 0, 0, 0, 0, 0, 0, 1, 0, 0, 0, 0, 0, 0, 0, 0, 0, 0, 0, 0, 0, 0, 0, 0, 0, 0
Screen-Shot-2023-07-17-at-12-15-50-AM_png_jpg.rf.6d37c0a942ecd5d68763c82ecfce88bd.jpg, 0, 0, 0, 0, 0, 0, 0, 0, 0, 0, 0, 0, 0, 0, 0, 0, 0, 0, 0, 0, 0, 0, 0, 0, 0, 0, 1, 0, 0, 0
Screen-Shot-2023-07-15-at-11-56-47-PM_png_jpg.rf.6d381b11211d110fdf3b8565205541f8.jpg, 0, 0, 0, 0, 0, 0, 0, 0, 0, 0, 0, 0, 0, 0, 0, 0, 0, 0, 0, 0, 0, 0, 0, 0, 0, 0, 1, 0, 0, 0
Screen-Shot-2023-07-15-at-11-42-41-PM_png_jpg.rf.6d39819f2dfeacf807db12b8435bdf4f.jpg, 0, 0, 0, 0, 0, 0, 0, 0, 0, 0, 0, 0, 0, 0, 0, 0, 0, 0, 0, 0, 0, 0, 1, 0, 0, 0, 0, 0, 0, 0
n1-JPG9rot_jpg.rf.6d4513f292a23eabf6a888d2ccc377e5.jpg, 1, 0, 0, 0, 0, 0, 0, 0, 0, 0, 0, 0, 0, 0, 0, 0, 0, 0, 0, 0, 0, 0, 0, 0, 0, 0, 0, 0, 0, 0
Screen-Shot-2023-07-17-at-12-01-12-AM_png.rf.6d573eee2ba726b6c67c86f0304880db.jpg, 0, 0, 0, 0, 0, 0, 0, 0, 0, 0, 0, 1, 0, 0, 0, 0, 0, 0, 0, 0, 0, 0, 0, 0, 0, 0, 0, 0, 0, 0
Screen-Shot-2023-07-16-at-11-53-19-PM_png_jpg.rf.6d5c6c4e6c7f7d39b4d5b8e782b91922.jpg, 0, 0, 0, 0, 0, 1, 0, 0, 0, 0, 0, 0, 0, 0, 0, 0, 0, 0, 0, 0, 0, 0, 0, 0, 0, 0, 0, 0, 0, 0
Screen-Shot-2023-07-15-at-11-59-21-PM_png_jpg.rf.6d7c7f9f00580cdee707832533843696.jpg, 0, 0, 0, 0, 0, 0, 0, 0, 0, 0, 0, 0, 0, 0, 0, 0, 0, 0, 0, 0, 0, 0, 0, 0, 0, 0, 0, 1, 0, 0
Screen-Shot-2023-07-17-at-12-11-47-AM_png_jpg.rf.6d81af22535500633e23539a147abafd.jpg, 0, 0, 0, 0, 0, 0, 0, 0, 0, 0, 0, 0, 0, 0, 0, 0, 0, 0, 0, 0, 0, 0, 1, 0, 0, 0, 0, 0, 0, 0
Screen-Shot-2023-07-15-at-11-03-01-PM_png.rf.6da05c0e9f3223f1ad00d188071c8603.jpg, 0, 0, 0, 0, 0, 1, 0, 0, 0, 0, 0, 0, 0, 0, 0, 0, 0, 0, 0, 0, 0, 0, 0, 0, 0, 0, 0, 0, 0, 0
Screen-Shot-2023-07-16-at-12-01-49-AM_png_jpg.rf.6dac3e54c46d6f69128f8f56cbb812ce.jpg, 0, 0, 0, 0, 0, 0, 0, 0, 0, 0, 0, 0, 0, 0, 0, 0, 0, 0, 0, 0, 0, 0, 0, 0, 0, 0, 0, 0, 1, 0
Screen-Shot-2023-07-17-at-12-18-17-AM_png_jpg.rf.6db8b30485c1be63a1b6583fc6ed5333.jpg, 0, 0, 0, 0, 0, 0, 0, 0, 0, 0, 0, 0, 0, 0, 0, 0, 0, 0, 0, 0, 0, 0, 0, 0, 0, 0, 0, 0, 0, 1
m1-JPG14whs_jpg.rf.6dc50b0c6a21d987476f053d364275fb.jpg, 0, 0, 0, 0, 0, 0, 0, 0, 0, 0, 0, 0, 0, 0, 1, 0, 0, 0, 0, 0, 0, 0, 0, 0, 0, 0, 0, 0, 0, 0
Screen-Shot-2023-07-15-at-10-56-29-PM_png_jpg.rf.6dcd770348d9f456143dd44b4e766e0b.jpg, 0, 1, 0, 0, 0, 0, 0, 0, 0, 0, 0, 0, 0, 0, 0, 0, 0, 0, 0, 0, 0, 0, 0, 0, 0, 0, 0, 0, 0, 0
p1-JPG0rot_jpg.rf.6dd704072228a03dd3a69989a4df7ec2.jpg, 0, 0, 0, 0, 0, 0, 0, 0, 0, 0, 0, 0, 0, 0, 0, 0, 0, 1, 0, 0, 0, 0, 0, 0, 0, 0, 0, 0, 0, 0
Screen-Shot-2023-07-16-at-11-52-49-PM_png_jpg.rf.6de15156514e970da83b0f2be294f101.jpg, 0, 0, 0, 0, 0, 1, 0, 0, 0, 0, 0, 0, 0, 0, 0, 0, 0, 0, 0, 0, 0, 0, 0, 0, 0, 0, 0, 0, 0, 0
Screen-Shot-2023-07-15-at-11-09-12-PM_png_jpg.rf.6dfcedbad2b184baf20f1d41cee2810e.jpg, 0, 0, 0, 0, 0, 0, 0, 0, 1, 0, 0, 0, 0, 0, 0, 0, 0, 0, 0, 0, 0, 0, 0, 0, 0, 0, 0, 0, 0, 0
Screen-Shot-2023-07-17-at-12-20-04-AM_png_jpg.rf.6e2b6762fa2864ec9f6b6fb82dfc04df.jpg, 0, 0, 0, 0, 1, 0, 0, 0, 0, 0, 0, 0, 0, 0, 0, 0, 0, 0, 0, 0, 0, 0, 0, 0, 0, 0, 0, 0, 0, 0
Screen-Shot-2023-07-16-at-12-02-01-AM_png_jpg.rf.6e509fbe870975590e88e22715ed93a3.jpg, 0, 0, 0, 0, 0, 0, 0, 0, 0, 0, 0, 0, 0, 0, 0, 0, 0, 0, 0, 0, 0, 0, 0, 0, 0, 0, 0, 0, 1, 0
b1-JPG15rot_jpg.rf.6e15a06e3494dcac13f87bcebf0a4e1d.jpg, 1, 0, 0, 0, 0, 0, 0, 0, 0, 0, 0, 0, 0, 0, 0, 0, 0, 0, 0, 0, 0, 0, 0, 0, 0, 0, 0, 0, 0, 0
i1-JPG7rot_jpg.rf.6e5f99417102403d279dd02b55d2f836.jpg, 0, 0, 0, 0, 0, 0, 0, 0, 0, 0, 1, 0, 0, 0, 0, 0, 0, 0, 0, 0, 0, 0, 0, 0, 0, 0, 0, 0, 0, 0
Screen-Shot-2023-07-15-at-11-59-15-PM_png_jpg.rf.6e857d017138d67cd3f4ee8581cd06b6.jpg, 0, 0, 0, 0, 0, 0, 0, 0, 0, 0, 0, 0, 0, 0, 0, 0, 0, 0, 0, 0, 0, 0, 0, 0, 0, 0, 0, 1, 0, 0
Screen-Shot-2023-07-17-at-12-05-55-AM_png_jpg.rf.6e7ccc19d1d38694468d3cdd07066790.jpg, 0, 0, 0, 0, 0, 0, 0, 0, 0, 0, 0, 0, 0, 0, 1, 0, 0, 0, 0, 0, 0, 0, 0, 0, 0, 0, 0, 0, 0, 0
Screen-Shot-2023-07-16-at-12-08-12-AM_png_jpg.rf.6e03407d4b2529ce7eb1226f88f01f2c.jpg, 0, 0, 0, 0, 0, 0, 0, 0, 0, 0, 0, 0, 0, 0, 0, 0, 0, 0, 0, 0, 1, 0, 0, 0, 0, 0, 0, 0, 0, 0
Screen-Shot-2023-07-17-at-12-16-05-AM_png_jpg.rf.6e87fd12511611ee34895178db27e59b.jpg, 0, 0, 0, 0, 0, 0, 0, 0, 0, 0, 0, 0, 0, 0, 0, 0, 0, 0, 0, 0, 0, 0, 0, 0, 0, 0, 1, 0, 0, 0
Screen-Shot-2023-07-15-at-11-34-48-PM_png_jpg.rf.6e90e15e35297bab277d9d0a7a458202.jpg, 0, 0, 0, 0, 0, 0, 0, 0, 0, 0, 0, 0, 0, 0, 0, 0, 0, 0, 0, 1, 0, 0, 0, 0, 0, 0, 0, 0, 0, 0
b1-JPG5dim_jpg.rf.6f573fb8f2ee5e9cd3b8c19c5b51f8f8.jpg, 0, 0, 1, 0, 0, 0, 0, 0, 0, 0, 0, 0, 0, 0, 0, 0, 0, 0, 0, 0, 0, 0, 0, 0, 0, 0, 0, 0, 0, 0
Screen-Shot-2023-07-16-at-12-08-18-AM_png_jpg.rf.6f1c87f98ba3a42f6ce83573af290811.jpg, 0, 0, 0, 0, 0, 0, 0, 0, 0, 0, 0, 0, 0, 0, 0, 0, 0, 0, 0, 0, 1, 0, 0, 0, 0, 0, 0, 0, 0, 0
h1-JPG8whs_jpg.rf.6f067eba254bf12e7c6f8d7290275c2a.jpg, 0, 0, 0, 0, 0, 0, 0, 0, 0, 1, 0, 0, 0, 0, 0, 0, 0, 0, 0, 0, 0, 0, 0, 0, 0, 0, 0, 0, 0, 0
Screen-Shot-2023-07-15-at-11-43-26-PM_png.rf.6e976ed2190407a6110f673d55b54bc5.jpg, 0, 0, 0, 0, 0, 0, 0, 0, 0, 0, 0, 0, 0, 0, 0, 0, 0, 0, 0, 0, 0, 0, 1, 0, 0, 0, 0, 0, 0, 0
Screen-Shot-2023-07-15-at-11-59-35-PM_png.rf.6feb184e59501e35bf55d53c2eb3ce58.jpg, 0, 0, 0, 0, 0, 0, 0, 0, 0, 0, 0, 0, 0, 0, 0, 0, 0, 0, 0, 0, 0, 0, 0, 0, 0, 0, 0, 1, 0, 0
Screen-Shot-2023-07-17-at-12-09-02-AM_png_jpg.rf.6f70cb10c2bbbce41b9be646218296b6.jpg, 0, 0, 0, 0, 0, 0, 0, 0, 0, 0, 0, 0, 0, 0, 0, 0, 0, 1, 0, 0, 0, 0, 0, 0, 0, 0, 0, 0, 0, 0
Screen-Shot-2023-07-17-at-12-08-40-AM_png_jpg.rf.6f665ba07961d127ec5e262ffb20c37c.jpg, 0, 0, 0, 0, 0, 0, 0, 0, 0, 0, 0, 0, 0, 0, 0, 0, 0, 1, 0, 0, 0, 0, 0, 0, 0, 0, 0, 0, 0, 0
Screen-Shot-2023-07-16-at-12-11-45-AM_png_jpg.rf.6f46332c3321ca983bd28380df8333ff.jpg, 0, 0, 0, 0, 0, 0, 0, 0, 0, 0, 0, 0, 0, 0, 0, 0, 0, 0, 0, 0, 1, 0, 0, 0, 0, 0, 0, 0, 0, 0
Screen-Shot-2023-07-15-at-11-57-00-PM_png_jpg.rf.7033cbf1fa9a1b5202cd4b8a020579f2.jpg, 0, 0, 0, 0, 0, 0, 0, 0, 0, 0, 0, 0, 0, 0, 0, 0, 0, 0, 0, 0, 0, 0, 0, 0, 0, 0, 1, 0, 0, 0
Screen-Shot-2023-07-15-at-11-57-00-PM_png_jpg.rf.7035f33ca7477cede1e7b5981b1ca2d4.jpg, 0, 0, 0, 0, 0, 0, 0, 0, 0, 0, 0, 0, 0, 0, 0, 0, 0, 0, 0, 0, 0, 0, 0, 0, 0, 0, 1, 0, 0, 0
z1-JPG15rot_jpg.rf.6f1ee4671cd6ecdda05e68c07aae5e39.jpg, 0, 0, 0, 0, 0, 0, 0, 0, 0, 0, 0, 0, 0, 0, 0, 0, 0, 0, 0, 0, 0, 0, 0, 0, 0, 0, 0, 0, 0, 1
Screen-Shot-2023-07-16-at-11-47-02-PM_png_jpg.rf.6fc74347f7996a3486a78059320a67c2.jpg, 0, 0, 1, 0, 0, 0, 0, 0, 0, 0, 0, 0, 0, 0, 0, 0, 0, 0, 0, 0, 0, 0, 0, 0, 0, 0, 0, 0, 0, 0
Screen-Shot-2023-07-15-at-11-35-58-PM_png_jpg.rf.6f09e835f4b7486ced8a2a3870754d76.jpg, 0, 0, 0, 0, 0, 0, 0, 0, 0, 0, 0, 0, 0, 0, 0, 0, 0, 0, 0, 1, 0, 0, 0, 0, 0, 0, 0, 0, 0, 0
Screen-Shot-2023-07-15-at-11-35-58-PM_png_jpg.rf.6f3a8c612a8f7b51dd09ede8b6380def.jpg, 0, 0, 0, 0, 0, 0, 0, 0, 0, 0, 0, 0, 0, 0, 0, 0, 0, 0, 0, 1, 0, 0, 0, 0, 0, 0, 0, 0, 0, 0
Screen-Shot-2023-07-16-at-11-50-36-PM_png_jpg.rf.70e473ed0ac7455e20ff9db4a94e50a6.jpg, 0, 0, 0, 1, 0, 0, 0, 0, 0, 0, 0, 0, 0, 0, 0, 0, 0, 0, 0, 0, 0, 0, 0, 0, 0, 0, 0, 0, 0, 0
d1-JPG19rot_jpg.rf.708503c3b3099c66efc9ec119496df77.jpg, 0, 0, 0, 0, 0, 1, 0, 0, 0, 0, 0, 0, 0, 0, 0, 0, 0, 0, 0, 0, 0, 0, 0, 0, 0, 0, 0, 0, 0, 0
Screen-Shot-2023-07-16-at-12-03-09-AM_png.rf.708adc8f810cd2c0f2dfc98b4c12ff35.jpg, 0, 0, 0, 0, 0, 0, 0, 0, 0, 0, 0, 0, 0, 0, 0, 0, 0, 0, 0, 0, 0, 0, 0, 0, 0, 0, 0, 0, 0, 1
Screen-Shot-2023-07-15-at-10-59-21-PM_png_jpg.rf.6edda709c319033d61d2bc34b83a7b04.jpg, 0, 0, 1, 0, 0, 0, 0, 0, 0, 0, 0, 0, 0, 0, 0, 0, 0, 0, 0, 0, 0, 0, 0, 0, 0, 0, 0, 0, 0, 0
Screen-Shot-2023-07-17-at-12-12-55-AM_png_jpg.rf.6f69cd1ff9149527c0ad6af32718e1fd.jpg, 0, 0, 0, 0, 0, 0, 0, 0, 0, 0, 0, 0, 0, 0, 0, 0, 0, 0, 0, 0, 0, 0, 0, 1, 0, 0, 0, 0, 0, 0
Screen-Shot-2023-07-16-at-12-08-12-AM_png_jpg.rf.7085b1bcc6f013775906d0ab4f56597d.jpg, 0, 0, 0, 0, 0, 0, 0, 0, 0, 0, 0, 0, 0, 0, 0, 0, 0, 0, 0, 0, 1, 0, 0, 0, 0, 0, 0, 0, 0, 0
Screen-Shot-2023-07-17-at-12-19-31-AM_png_jpg.rf.7047559352535a407017e4199e618fba.jpg, 0, 0, 0, 0, 1, 0, 0, 0, 0, 0, 0, 0, 0, 0, 0, 0, 0, 0, 0, 0, 0, 0, 0, 0, 0, 0, 0, 0, 0, 0
Screen-Shot-2023-07-17-at-12-15-07-AM_png_jpg.rf.7139218326a2b61ef34cdaf7f9ddea03.jpg, 0, 0, 0, 0, 0, 0, 0, 0, 0, 0, 0, 0, 0, 0, 0, 0, 0, 0, 0, 0, 0, 0, 0, 0, 0, 1, 0, 0, 0, 0
Screen-Shot-2023-07-15-at-11-19-40-PM_png_jpg.rf.6f4864bd6fa62eb03a575024c81467df.jpg, 0, 0, 0, 0, 0, 0, 0, 0, 0, 0, 0, 0, 0, 1, 0, 0, 0, 0, 0, 0, 0, 0, 0, 0, 0, 0, 0, 0, 0, 0
o1-JPG18whs_jpg.rf.70b724f7911655fc17abef235cd85f11.jpg, 0, 0, 0, 0, 0, 0, 0, 0, 0, 0, 0, 0, 0, 0, 0, 0, 1, 0, 0, 0, 0, 0, 0, 0, 0, 0, 0, 0, 0, 0
Screen-Shot-2023-07-11-at-12-28-38-PM_png_jpg.rf.70f7b1fc5098e006d54aa97c5c5ac49e.jpg, 0, 0, 0, 0, 1, 0, 0, 0, 0, 0, 0, 0, 0, 0, 0, 0, 0, 0, 0, 0, 0, 0, 0, 0, 0, 0, 0, 0, 0, 0
Screen-Shot-2023-07-17-at-12-02-24-AM_png_jpg.rf.711ad80f638ecb6b407972adfa64f6ae.jpg, 0, 0, 0, 0, 0, 0, 0, 0, 0, 0, 0, 0, 1, 0, 0, 0, 0, 0, 0, 0, 0, 0, 0, 0, 0, 0, 0, 0, 0, 0
Screen-Shot-2023-07-17-at-12-10-18-AM_png_jpg.rf.71325a687acf53f5ede4d439e85d4dc0.jpg, 0, 0, 0, 0, 0, 0, 0, 0, 0, 0, 0, 0, 0, 0, 0, 0, 0, 0, 0, 1, 0, 0, 0, 0, 0, 0, 0, 0, 0, 0
Screen-Shot-2023-07-17-at-12-13-53-AM_png_jpg.rf.7128d50216e7ba72c58e677800f50f14.jpg, 0, 0, 0, 0, 0, 0, 0, 0, 0, 0, 0, 0, 0, 0, 0, 0, 0, 0, 0, 0, 0, 0, 0, 0, 1, 0, 0, 0, 0, 0
l1-JPG14dim_jpg.rf.7153ff682004fae293d687952be72785.jpg, 0, 0, 0, 0, 0, 0, 0, 0, 0, 0, 0, 0, 0, 1, 0, 0, 0, 0, 0, 0, 0, 0, 0, 0, 0, 0, 0, 0, 0, 0
w1-JPG6whs_jpg.rf.70b90c5d00294b3209ae40aeffbd59a4.jpg, 0, 0, 0, 0, 0, 0, 0, 0, 0, 0, 0, 0, 0, 0, 0, 0, 0, 0, 0, 0, 0, 0, 0, 0, 0, 0, 1, 0, 0, 0
Screen-Shot-2023-07-15-at-11-02-36-PM_png_jpg.rf.7175c3b83bfb2d8e044fc96b9d4c1050.jpg, 0, 0, 0, 0, 0, 1, 0, 0, 0, 0, 0, 0, 0, 0, 0, 0, 0, 0, 0, 0, 0, 0, 0, 0, 0, 0, 0, 0, 0, 0
Screen-Shot-2023-07-16-at-11-56-22-PM_png_jpg.rf.7175ea95bb3b4fd776815fe2c3df8b28.jpg, 0, 0, 0, 0, 0, 0, 0, 1, 0, 0, 0, 0, 0, 0, 0, 0, 0, 0, 0, 0, 0, 0, 0, 0, 0, 0, 0, 0, 0, 0
Screen-Shot-2023-07-16-at-11-58-05-PM_png.rf.71d68b41375cbfac3a0d211d7e9ba9e0.jpg, 0, 0, 0, 0, 0, 0, 0, 0, 1, 0, 0, 0, 0, 0, 0, 0, 0, 0, 0, 0, 0, 0, 0, 0, 0, 0, 0, 0, 0, 0
n1-JPG4whs_jpg.rf.720c73eb6abfd6b0ba6550fb4dd9d6f6.jpg, 0, 0, 0, 0, 0, 0, 0, 0, 0, 0, 0, 0, 0, 0, 0, 1, 0, 0, 0, 0, 0, 0, 0, 0, 0, 0, 0, 0, 0, 0
Screen-Shot-2023-07-16-at-11-59-08-PM_png_jpg.rf.71a61c821cc0aba8626a703a743e4c0e.jpg, 0, 0, 0, 0, 0, 0, 0, 0, 0, 1, 0, 0, 0, 0, 0, 0, 0, 0, 0, 0, 0, 0, 0, 0, 0, 0, 0, 0, 0, 0
Screen-Shot-2023-07-17-at-12-16-05-AM_png_jpg.rf.71f82c1b60ccd04112f11ef78d66e807.jpg, 0, 0, 0, 0, 0, 0, 0, 0, 0, 0, 0, 0, 0, 0, 0, 0, 0, 0, 0, 0, 0, 0, 0, 0, 0, 0, 1, 0, 0, 0
Screen-Shot-2023-07-15-at-11-19-35-PM_png.rf.7190a9b4b6d6c303cf1c6ba2a389e42d.jpg, 0, 0, 0, 0, 0, 0, 0, 0, 0, 0, 0, 0, 0, 1, 0, 0, 0, 0, 0, 0, 0, 0, 0, 0, 0, 0, 0, 0, 0, 0
Screen-Shot-2023-07-15-at-11-43-50-PM-copy_png_jpg.rf.72ef4a4950034ae7c08f1b51aaf15442.jpg, 0, 0, 0, 0, 0, 0, 0, 0, 0, 0, 0, 0, 0, 0, 0, 0, 0, 0, 0, 0, 0, 0, 1, 0, 0, 0, 0, 0, 0, 0
s1-JPG3dim_jpg.rf.71b7ac9c4795ceef64c6d376e7ee9def.jpg, 0, 0, 0, 0, 0, 0, 0, 0, 0, 0, 0, 0, 0, 0, 0, 0, 0, 0, 0, 0, 0, 0, 1, 0, 0, 0, 0, 0, 0, 0
Screen-Shot-2023-07-17-at-12-17-27-AM_png_jpg.rf.730cb5c08c647b2eb9d929c9ddf7be10.jpg, 0, 0, 0, 0, 0, 0, 0, 0, 0, 0, 0, 0, 0, 0, 0, 0, 0, 0, 0, 0, 0, 0, 0, 0, 0, 0, 0, 0, 1, 0
n1-JPG10whs_jpg.rf.71a75a929dffb612873cad19ed51cd5d.jpg, 0, 0, 0, 0, 0, 0, 0, 0, 0, 0, 0, 0, 0, 0, 0, 1, 0, 0, 0, 0, 0, 0, 0, 0, 0, 0, 0, 0, 0, 0
k1-JPG2whs_jpg.rf.72f3b9c17bf19eeb1e8b33379e5e7d7f.jpg, 0, 0, 0, 0, 0, 0, 0, 0, 0, 0, 0, 0, 1, 0, 0, 0, 0, 0, 0, 0, 0, 0, 0, 0, 0, 0, 0, 0, 0, 0
Screen-Shot-2023-07-16-at-11-55-22-PM_png.rf.72e358e14256a942b218d19dbffb2e7c.jpg, 0, 0, 0, 0, 0, 0, 1, 0, 0, 0, 0, 0, 0, 0, 0, 0, 0, 0, 0, 0, 0, 0, 0, 0, 0, 0, 0, 0, 0, 0
Screen-Shot-2023-07-16-at-11-50-52-PM_png_jpg.rf.72e1c6c3a93ec4e08195ecbc5f798c9a.jpg, 0, 0, 0, 1, 0, 0, 0, 0, 0, 0, 0, 0, 0, 0, 0, 0, 0, 0, 0, 0, 0, 0, 0, 0, 0, 0, 0, 0, 0, 0
Screen-Shot-2023-07-15-at-11-06-18-PM_png_jpg.rf.72b7d52da62e9f6497b6e2d29084b713.jpg, 0, 0, 0, 0, 0, 0, 1, 0, 0, 0, 0, 0, 0, 0, 0, 0, 0, 0, 0, 0, 0, 0, 0, 0, 0, 0, 0, 0, 0, 0
Screen-Shot-2023-07-15-at-11-01-18-PM_png_jpg.rf.720c5fab2890f16909c23baefd8e8d01.jpg, 0, 0, 0, 1, 0, 0, 0, 0, 0, 0, 0, 0, 0, 0, 0, 0, 0, 0, 0, 0, 0, 0, 0, 0, 0, 0, 0, 0, 0, 0
Screen-Shot-2023-07-15-at-11-26-57-PM_png.rf.738fc1ed3ac66a2c3006fcee2b757517.jpg, 0, 0, 0, 0, 0, 0, 0, 0, 0, 0, 0, 0, 0, 0, 0, 1, 0, 0, 0, 0, 0, 0, 0, 0, 0, 0, 0, 0, 0, 0
Screen-Shot-2023-07-17-at-12-08-56-AM_png_jpg.rf.735a330704c3e1c863689516ca3b4593.jpg, 0, 0, 0, 0, 0, 0, 0, 0, 0, 0, 0, 0, 0, 0, 0, 0, 0, 1, 0, 0, 0, 0, 0, 0, 0, 0, 0, 0, 0, 0
Screen-Shot-2023-07-11-at-12-28-23-PM_png_jpg.rf.73e7aabb6385195923cbf0765bc05178.jpg, 0, 0, 0, 0, 0, 0, 0, 0, 0, 0, 0, 0, 0, 0, 0, 0, 0, 0, 1, 0, 0, 0, 0, 0, 0, 0, 0, 0, 0, 0
Screen-Shot-2023-07-16-at-12-12-25-AM_png_jpg.rf.73abcda87e9b2a1487282838f7c6f21c.jpg, 0, 0, 0, 0, 0, 0, 0, 0, 0, 0, 0, 0, 0, 0, 0, 0, 0, 0, 0, 0, 1, 0, 0, 0, 0, 0, 0, 0, 0, 0
Screen-Shot-2023-07-17-at-12-07-58-AM_png.rf.72c5460f386ee6e06e131d558fc723da.jpg, 0, 0, 0, 0, 0, 0, 0, 0, 0, 0, 0, 0, 0, 0, 0, 0, 1, 0, 0, 0, 0, 0, 0, 0, 0, 0, 0, 0, 0, 0
Screen-Shot-2023-07-16-at-12-10-32-AM_png_jpg.rf.71daa7503216d021595e5a79c1107886.jpg, 0, 0, 0, 0, 0, 0, 0, 0, 0, 0, 0, 0, 0, 0, 0, 0, 0, 0, 0, 0, 1, 0, 0, 0, 0, 0, 0, 0, 0, 0
Screen-Shot-2023-07-15-at-11-55-26-PM_png_jpg.rf.735d83a62cdfe28d6be3c0b35f7db104.jpg, 0, 0, 0, 0, 0, 0, 0, 0, 0, 0, 0, 0, 0, 0, 0, 0, 0, 0, 0, 0, 0, 0, 0, 0, 0, 1, 0, 0, 0, 0
Screen-Shot-2023-07-17-at-12-02-43-AM_png_jpg.rf.7388ae7b8d95cc7bb18e34be02e3fd8c.jpg, 0, 0, 0, 0, 0, 0, 0, 0, 0, 0, 0, 0, 1, 0, 0, 0, 0, 0, 0, 0, 0, 0, 0, 0, 0, 0, 0, 0, 0, 0
u1-JPG4dim_jpg.rf.73498dd48ddaa81537ecbe7825026183.jpg, 0, 0, 0, 0, 0, 0, 0, 0, 0, 0, 0, 0, 0, 0, 0, 0, 0, 0, 0, 0, 0, 0, 0, 0, 1, 0, 0, 0, 0, 0
Screen-Shot-2023-07-15-at-10-56-47-PM_png_jpg.rf.740c547b8e38c3ff0d6c87a149851843.jpg, 0, 1, 0, 0, 0, 0, 0, 0, 0, 0, 0, 0, 0, 0, 0, 0, 0, 0, 0, 0, 0, 0, 0, 0, 0, 0, 0, 0, 0, 0
Screen-Shot-2023-07-15-at-11-30-14-PM_png_jpg.rf.74052713b3e8c9f55b2f3c822ec10c00.jpg, 0, 0, 0, 0, 0, 0, 0, 0, 0, 0, 0, 0, 0, 0, 0, 0, 1, 0, 0, 0, 0, 0, 0, 0, 0, 0, 0, 0, 0, 0
i1-JPG11whs_jpg.rf.71d8d7a7b96d26c13ac9d464b0f67036.jpg, 0, 0, 0, 0, 0, 0, 0, 0, 0, 0, 1, 0, 0, 0, 0, 0, 0, 0, 0, 0, 0, 0, 0, 0, 0, 0, 0, 0, 0, 0
Screen-Shot-2023-07-17-at-12-08-56-AM_png_jpg.rf.734cb564c05495bd69e6b6139b683188.jpg, 0, 0, 0, 0, 0, 0, 0, 0, 0, 0, 0, 0, 0, 0, 0, 0, 0, 1, 0, 0, 0, 0, 0, 0, 0, 0, 0, 0, 0, 0
Screen-Shot-2023-07-15-at-11-58-48-PM_png_jpg.rf.74219183a0bf8c000da03a4da5e8d233.jpg, 0, 0, 0, 0, 0, 0, 0, 0, 0, 0, 0, 0, 0, 0, 0, 0, 0, 0, 0, 0, 0, 0, 0, 0, 0, 0, 0, 1, 0, 0
t1-JPG18rot_jpg.rf.74450d15d85d8d73c0ff8308a4789f6c.jpg, 0, 0, 0, 0, 0, 0, 0, 0, 0, 0, 0, 0, 0, 0, 0, 0, 0, 0, 0, 0, 0, 0, 0, 1, 0, 0, 0, 0, 0, 0
Screen-Shot-2023-07-15-at-11-30-14-PM_png_jpg.rf.7448837f26d2decebb4c1382254c7a06.jpg, 0, 0, 0, 0, 0, 0, 0, 0, 0, 0, 0, 0, 0, 0, 0, 0, 1, 0, 0, 0, 0, 0, 0, 0, 0, 0, 0, 0, 0, 0
Screen-Shot-2023-07-17-at-12-14-04-AM_png_jpg.rf.74377c267af270e71527aebf054e9cd1.jpg, 0, 0, 0, 0, 0, 0, 0, 0, 0, 0, 0, 0, 0, 0, 0, 0, 0, 0, 0, 0, 0, 0, 0, 0, 1, 0, 0, 0, 0, 0
Screen-Shot-2023-07-17-at-12-15-28-AM_png_jpg.rf.74436269fb65f17904178cdcd7c2f97e.jpg, 0, 0, 0, 0, 0, 0, 0, 0, 0, 0, 0, 0, 0, 0, 0, 0, 0, 0, 0, 0, 0, 0, 0, 0, 0, 0, 1, 0, 0, 0
Screen-Shot-2023-07-15-at-11-02-17-PM_png_jpg.rf.7482c0c4a852ce7b0a76499d61b3f275.jpg, 0, 0, 0, 1, 0, 0, 0, 0, 0, 0, 0, 0, 0, 0, 0, 0, 0, 0, 0, 0, 0, 0, 0, 0, 0, 0, 0, 0, 0, 0
Screen-Shot-2023-07-15-at-11-57-50-PM_png_jpg.rf.745e4a7f47e2de57e35c463bd3cffd1f.jpg, 0, 0, 0, 0, 0, 0, 0, 0, 0, 0, 0, 0, 0, 0, 0, 0, 0, 0, 0, 0, 0, 0, 0, 0, 0, 0, 1, 0, 0, 0
Screen-Shot-2023-07-16-at-11-54-28-PM_png_jpg.rf.748ec6973c5fe166896ba301d03e4ad3.jpg, 0, 0, 0, 0, 0, 0, 1, 0, 0, 0, 0, 0, 0, 0, 0, 0, 0, 0, 0, 0, 0, 0, 0, 0, 0, 0, 0, 0, 0, 0
Screen-Shot-2023-07-15-at-11-05-10-PM_png_jpg.rf.74e35abeab14fc6240743023c2c072bd.jpg, 0, 0, 0, 0, 0, 0, 1, 0, 0, 0, 0, 0, 0, 0, 0, 0, 0, 0, 0, 0, 0, 0, 0, 0, 0, 0, 0, 0, 0, 0
Screen-Shot-2023-07-15-at-11-59-15-PM_png_jpg.rf.745de2433b804e05cf42113f4624e56e.jpg, 0, 0, 0, 0, 0, 0, 0, 0, 0, 0, 0, 0, 0, 0, 0, 0, 0, 0, 0, 0, 0, 0, 0, 0, 0, 0, 0, 1, 0, 0
Screen-Shot-2023-07-17-at-12-01-43-AM_png_jpg.rf.74bc3d1a0ba47c693e5db264db5dbc0b.jpg, 0, 0, 0, 0, 0, 0, 0, 0, 0, 0, 0, 1, 0, 0, 0, 0, 0, 0, 0, 0, 0, 0, 0, 0, 0, 0, 0, 0, 0, 0
Screen-Shot-2023-07-16-at-12-01-16-AM_png_jpg.rf.7507c1d2f419f36aacfa0aaced806061.jpg, 0, 0, 0, 0, 0, 0, 0, 0, 0, 0, 0, 0, 0, 0, 0, 0, 0, 0, 0, 0, 0, 0, 0, 0, 0, 0, 0, 0, 1, 0
Screen-Shot-2023-07-16-at-12-01-04-AM_png_jpg.rf.75232de86022aad3770d93eb8e3ef20b.jpg, 0, 0, 0, 0, 0, 0, 0, 0, 0, 0, 0, 0, 0, 0, 0, 0, 0, 0, 0, 0, 0, 0, 0, 0, 0, 0, 0, 0, 1, 0
h1-JPG14rot_jpg.rf.75533e7037aca71a62eddd48af1d48c3.jpg, 0, 0, 0, 0, 0, 0, 0, 0, 0, 1, 0, 0, 0, 0, 0, 0, 0, 0, 0, 0, 0, 0, 0, 0, 0, 0, 0, 0, 0, 0
Screen-Shot-2023-07-17-at-12-07-14-AM_png_jpg.rf.75594f7cb99bea16826025600c9fc481.jpg, 0, 0, 0, 0, 0, 0, 0, 0, 0, 0, 0, 0, 0, 0, 0, 1, 0, 0, 0, 0, 0, 0, 0, 0, 0, 0, 0, 0, 0, 0
Screen-Shot-2023-07-15-at-11-05-20-PM_png.rf.747c773cc49c07f076a21513a7367089.jpg, 0, 0, 0, 0, 0, 0, 1, 0, 0, 0, 0, 0, 0, 0, 0, 0, 0, 0, 0, 0, 0, 0, 0, 0, 0, 0, 0, 0, 0, 0
Screen-Shot-2023-07-17-at-12-00-19-AM_png_jpg.rf.74a1d2cddd5fdbb14fb5c7d9c2f540a7.jpg, 0, 0, 0, 0, 0, 0, 0, 0, 0, 0, 1, 0, 0, 0, 0, 0, 0, 0, 0, 0, 0, 0, 0, 0, 0, 0, 0, 0, 0, 0
o1-JPG9whs_jpg.rf.745012d11910c2b52273f6e40b391e66.jpg, 0, 0, 0, 0, 0, 0, 0, 0, 0, 0, 0, 0, 0, 0, 0, 0, 1, 0, 0, 0, 0, 0, 0, 0, 0, 0, 0, 0, 0, 0
Screen-Shot-2023-07-15-at-11-14-17-PM_png_jpg.rf.758045ea568c4ddb928d0378c1c5f55f.jpg, 0, 0, 0, 0, 0, 0, 0, 0, 0, 0, 0, 1, 0, 0, 0, 0, 0, 0, 0, 0, 0, 0, 0, 0, 0, 0, 0, 0, 0, 0
Screen-Shot-2023-07-17-at-12-05-35-AM_png_jpg.rf.75adb041a1cebef38a47b2ee4f8fa865.jpg, 0, 0, 0, 0, 0, 0, 0, 0, 0, 0, 0, 0, 0, 1, 0, 0, 0, 0, 0, 0, 0, 0, 0, 0, 0, 0, 0, 0, 0, 0
Screen-Shot-2023-07-16-at-12-03-09-AM_png_jpg.rf.75af24a890cb9c1e97fbe9d548a05d78.jpg, 0, 0, 0, 0, 0, 0, 0, 0, 0, 0, 0, 0, 0, 0, 0, 0, 0, 0, 0, 0, 0, 0, 0, 0, 0, 0, 0, 0, 0, 1
Screen-Shot-2023-07-17-at-12-15-11-AM_png_jpg.rf.75782552b8c0c7bf9f408fce1ac7b4f0.jpg, 0, 0, 0, 0, 0, 0, 0, 0, 0, 0, 0, 0, 0, 0, 0, 0, 0, 0, 0, 0, 0, 0, 0, 0, 0, 1, 0, 0, 0, 0
Screen-Shot-2023-07-16-at-11-56-16-PM_png_jpg.rf.74c48f4436c5999c1554c281f525f3a1.jpg, 0, 0, 0, 0, 0, 0, 0, 1, 0, 0, 0, 0, 0, 0, 0, 0, 0, 0, 0, 0, 0, 0, 0, 0, 0, 0, 0, 0, 0, 0
Screen-Shot-2023-07-17-at-12-14-47-AM_png_jpg.rf.732e829a4a7acabbfbe25e73d791af0b.jpg, 0, 0, 0, 0, 0, 0, 0, 0, 0, 0, 0, 0, 0, 0, 0, 0, 0, 0, 0, 0, 0, 0, 0, 0, 0, 1, 0, 0, 0, 0
a1-JPG17whs_jpg.rf.75521b7303d9f7bb34b73b63b6965036.jpg, 0, 1, 0, 0, 0, 0, 0, 0, 0, 0, 0, 0, 0, 0, 0, 0, 0, 0, 0, 0, 0, 0, 0, 0, 0, 0, 0, 0, 0, 0
c1-JPG3rot_jpg.rf.7696529fc81406583851f71df53c77aa.jpg, 1, 0, 0, 0, 0, 0, 0, 0, 0, 0, 0, 0, 0, 0, 0, 0, 0, 0, 0, 0, 0, 0, 0, 0, 0, 0, 0, 0, 0, 0
Screen-Shot-2023-07-16-at-12-02-25-AM_png_jpg.rf.764ee05f3352858b209fe06485d7b151.jpg, 0, 0, 0, 0, 0, 0, 0, 0, 0, 0, 0, 0, 0, 0, 0, 0, 0, 0, 0, 0, 0, 0, 0, 0, 0, 0, 0, 0, 1, 0
Screen-Shot-2023-07-17-at-12-17-23-AM_png_jpg.rf.76b8bcaee04a9997ece7fcf61ef73d70.jpg, 0, 0, 0, 0, 0, 0, 0, 0, 0, 0, 0, 0, 0, 0, 0, 0, 0, 0, 0, 0, 0, 0, 0, 0, 0, 0, 0, 0, 1, 0
Screen-Shot-2023-07-15-at-11-15-09-PM_png_jpg.rf.769a939f0f8d3b58ce80916f9e5cd388.jpg, 0, 0, 0, 0, 0, 0, 0, 0, 0, 0, 0, 1, 0, 0, 0, 0, 0, 0, 0, 0, 0, 0, 0, 0, 0, 0, 0, 0, 0, 0
Screen-Shot-2023-07-15-at-11-26-57-PM_png_jpg.rf.7614f62f53b85e33e66df71a7d28e6b1.jpg, 0, 0, 0, 0, 0, 0, 0, 0, 0, 0, 0, 0, 0, 0, 0, 1, 0, 0, 0, 0, 0, 0, 0, 0, 0, 0, 0, 0, 0, 0
Screen-Shot-2023-07-17-at-12-16-28-AM_png_jpg.rf.76ac0e386e0b48cfde4e70540d3db3f7.jpg, 0, 0, 0, 0, 0, 0, 0, 0, 0, 0, 0, 0, 0, 0, 0, 0, 0, 0, 0, 0, 0, 0, 0, 0, 0, 0, 0, 1, 0, 0
Screen-Shot-2023-07-16-at-11-55-22-PM_png_jpg.rf.7641769d029d6b65b5b4c8c347bb64d5.jpg, 0, 0, 0, 0, 0, 0, 1, 0, 0, 0, 0, 0, 0, 0, 0, 0, 0, 0, 0, 0, 0, 0, 0, 0, 0, 0, 0, 0, 0, 0
v1-JPG8whs_jpg.rf.76016d7374197428b975a9e1d33c6587.jpg, 0, 0, 0, 0, 0, 0, 0, 0, 0, 0, 0, 0, 0, 0, 0, 0, 0, 0, 0, 0, 0, 0, 0, 0, 0, 1, 0, 0, 0, 0
Screen-Shot-2023-07-15-at-11-40-08-PM_png_jpg.rf.75e82ce50d45fff107cd1c5d32de3082.jpg, 0, 0, 0, 0, 0, 0, 0, 0, 0, 0, 0, 0, 0, 0, 0, 0, 0, 0, 0, 0, 0, 1, 0, 0, 0, 0, 0, 0, 0, 0
Screen-Shot-2023-07-17-at-12-00-03-AM_png_jpg.rf.7735db7bc73842694ed6b9239f0a4b0e.jpg, 0, 0, 0, 0, 0, 0, 0, 0, 0, 1, 0, 0, 0, 0, 0, 0, 0, 0, 0, 0, 0, 0, 0, 0, 0, 0, 0, 0, 0, 0
Screen-Shot-2023-07-15-at-11-30-37-PM_png_jpg.rf.7518eb0667367f64fd210f05ef4ef4b2.jpg, 0, 0, 0, 0, 0, 0, 0, 0, 0, 0, 0, 0, 0, 0, 0, 0, 1, 0, 0, 0, 0, 0, 0, 0, 0, 0, 0, 0, 0, 0
Screen-Shot-2023-07-15-at-11-42-28-PM_png_jpg.rf.76d1cea29c8dfdf3049aa023f39f578d.jpg, 0, 0, 0, 0, 0, 0, 0, 0, 0, 0, 0, 0, 0, 0, 0, 0, 0, 0, 0, 0, 0, 0, 1, 0, 0, 0, 0, 0, 0, 0
Screen-Shot-2023-07-15-at-11-10-29-PM_png_jpg.rf.76c5f57f2ae67fc910a9685b84d04923.jpg, 0, 0, 0, 0, 0, 0, 0, 0, 0, 1, 0, 0, 0, 0, 0, 0, 0, 0, 0, 0, 0, 0, 0, 0, 0, 0, 0, 0, 0, 0
Screen-Shot-2023-07-17-at-12-18-50-AM_png_jpg.rf.77122fd712a03b9368bf128540ecc595.jpg, 0, 0, 0, 0, 0, 0, 0, 0, 0, 0, 0, 0, 0, 0, 0, 0, 0, 0, 0, 0, 0, 0, 0, 0, 0, 0, 0, 0, 0, 1
Screen-Shot-2023-07-15-at-10-51-36-PM_png_jpg.rf.7759f41f066a40ba067f64a83f9f8804.jpg, 0, 0, 0, 0, 0, 0, 0, 1, 0, 0, 0, 0, 0, 0, 0, 0, 0, 0, 0, 0, 0, 0, 0, 0, 0, 0, 0, 0, 0, 0
u1-JPG1whs_jpg.rf.76a0cf083b8d23a0f400dc2051776215.jpg, 0, 0, 0, 0, 0, 0, 0, 0, 0, 0, 0, 0, 0, 0, 0, 0, 0, 0, 0, 0, 0, 0, 0, 0, 1, 0, 0, 0, 0, 0
Screen-Shot-2023-07-17-at-12-18-06-AM_png_jpg.rf.76bf120a9d10f75bf9d8a238cfd173d8.jpg, 0, 0, 0, 0, 0, 0, 0, 0, 0, 0, 0, 0, 0, 0, 0, 0, 0, 0, 0, 0, 0, 0, 0, 0, 0, 0, 0, 0, 1, 0
Screen-Shot-2023-07-17-at-12-21-31-AM_png_jpg.rf.774ab5beb6aba0de12f153fd31420a54.jpg, 0, 0, 0, 0, 0, 0, 0, 0, 0, 0, 0, 0, 0, 0, 0, 0, 0, 0, 1, 0, 0, 0, 0, 0, 0, 0, 0, 0, 0, 0
Screen-Shot-2023-07-15-at-11-19-35-PM_png_jpg.rf.760c66be24426a60f9b9161515fafb7c.jpg, 0, 0, 0, 0, 0, 0, 0, 0, 0, 0, 0, 0, 0, 1, 0, 0, 0, 0, 0, 0, 0, 0, 0, 0, 0, 0, 0, 0, 0, 0
Screen-Shot-2023-07-16-at-11-50-15-PM_png.rf.7776f9c1bde268d19aa5a0160f9bf91a.jpg, 0, 0, 0, 1, 0, 0, 0, 0, 0, 0, 0, 0, 0, 0, 0, 0, 0, 0, 0, 0, 0, 0, 0, 0, 0, 0, 0, 0, 0, 0
Screen-Shot-2023-07-16-at-11-56-22-PM_png_jpg.rf.7764672d1959004202a41a06d9474987.jpg, 0, 0, 0, 0, 0, 0, 0, 1, 0, 0, 0, 0, 0, 0, 0, 0, 0, 0, 0, 0, 0, 0, 0, 0, 0, 0, 0, 0, 0, 0
f1-JPG3dim_jpg.rf.778ec2292bf01fca6c945eff3ba9a8af.jpg, 0, 0, 0, 0, 0, 0, 0, 1, 0, 0, 0, 0, 0, 0, 0, 0, 0, 0, 0, 0, 0, 0, 0, 0, 0, 0, 0, 0, 0, 0
q1-JPG1rot_jpg.rf.766c5ae22ad61dc44eeafb7834340f2d.jpg, 0, 0, 0, 0, 0, 0, 0, 0, 0, 0, 0, 0, 0, 0, 0, 0, 0, 0, 0, 1, 0, 0, 0, 0, 0, 0, 0, 0, 0, 0
Screen-Shot-2023-07-17-at-12-11-29-AM_png_jpg.rf.776d19586fc2231a322ebbe7e4d30a3e.jpg, 0, 0, 0, 0, 0, 0, 0, 0, 0, 0, 0, 0, 0, 0, 0, 0, 0, 0, 0, 0, 0, 1, 0, 0, 0, 0, 0, 0, 0, 0
Screen-Shot-2023-07-15-at-10-58-09-PM_png.rf.77d51d0e66c668f9f8e5bcec55c58538.jpg, 0, 0, 1, 0, 0, 0, 0, 0, 0, 0, 0, 0, 0, 0, 0, 0, 0, 0, 0, 0, 0, 0, 0, 0, 0, 0, 0, 0, 0, 0
Screen-Shot-2023-07-16-at-12-12-25-AM_png_jpg.rf.779a138b92b9caa8b6eab26c288a375c.jpg, 0, 0, 0, 0, 0, 0, 0, 0, 0, 0, 0, 0, 0, 0, 0, 0, 0, 0, 0, 0, 1, 0, 0, 0, 0, 0, 0, 0, 0, 0
Screen-Shot-2023-07-11-at-12-28-38-PM_png_jpg.rf.760e829c7673a5f12fd25482d99cb557.jpg, 0, 0, 0, 0, 1, 0, 0, 0, 0, 0, 0, 0, 0, 0, 0, 0, 0, 0, 0, 0, 0, 0, 0, 0, 0, 0, 0, 0, 0, 0
Screen-Shot-2023-07-17-at-12-12-05-AM_png_jpg.rf.77cd602528b9fcf42f89ebcbc7ac8f11.jpg, 0, 0, 0, 0, 0, 0, 0, 0, 0, 0, 0, 0, 0, 0, 0, 0, 0, 0, 0, 0, 0, 0, 1, 0, 0, 0, 0, 0, 0, 0
Screen-Shot-2023-07-16-at-11-54-28-PM_png_jpg.rf.7802483a7c027a7412ca2425ce288fa1.jpg, 0, 0, 0, 0, 0, 0, 1, 0, 0, 0, 0, 0, 0, 0, 0, 0, 0, 0, 0, 0, 0, 0, 0, 0, 0, 0, 0, 0, 0, 0
v1-JPG9dim_jpg.rf.77f5eb33f4b9ed146406f30504f378ff.jpg, 0, 0, 0, 0, 0, 0, 0, 0, 0, 0, 0, 0, 0, 0, 0, 0, 0, 0, 0, 0, 0, 0, 0, 0, 0, 1, 0, 0, 0, 0
j1-JPG11whs_jpg.rf.77e3e003db1c05c991a2c27d75c4293a.jpg, 0, 0, 0, 0, 0, 0, 0, 0, 0, 0, 0, 1, 0, 0, 0, 0, 0, 0, 0, 0, 0, 0, 0, 0, 0, 0, 0, 0, 0, 0
z1-JPG16rot_jpg.rf.787a3db23d84c0b0d2cf6203d37fc7a2.jpg, 0, 0, 0, 0, 0, 0, 0, 0, 0, 0, 0, 0, 0, 0, 0, 0, 0, 0, 0, 0, 0, 0, 0, 0, 0, 0, 0, 0, 0, 1
Screen-Shot-2023-07-17-at-12-15-46-AM_png_jpg.rf.7837c0ab15e174f3d9e9bf9f7f2c79ad.jpg, 0, 0, 0, 0, 0, 0, 0, 0, 0, 0, 0, 0, 0, 0, 0, 0, 0, 0, 0, 0, 0, 0, 0, 0, 0, 0, 1, 0, 0, 0
Screen-Shot-2023-07-15-at-11-47-30-PM_png_jpg.rf.782ccfa5b221ba75b62bf6d6ff793d6e.jpg, 0, 0, 0, 0, 0, 0, 0, 0, 0, 0, 0, 0, 0, 0, 0, 0, 0, 0, 0, 0, 0, 0, 0, 1, 0, 0, 0, 0, 0, 0
w1-JPG3whs_jpg.rf.779a1057a396593ca283abe7fad022af.jpg, 0, 0, 0, 0, 0, 0, 0, 0, 0, 0, 0, 0, 0, 0, 0, 0, 0, 0, 0, 0, 0, 0, 0, 0, 0, 0, 1, 0, 0, 0
p1-JPG5whs_jpg.rf.78a8df8cce0053d2881bf8615a16fa43.jpg, 0, 0, 0, 0, 0, 0, 0, 0, 0, 0, 0, 0, 0, 0, 0, 0, 0, 1, 0, 0, 0, 0, 0, 0, 0, 0, 0, 0, 0, 0
Screen-Shot-2023-07-16-at-11-55-31-PM-copy_png_jpg.rf.775c2b66364d81f2b57dc80fd45b14b8.jpg, 0, 0, 0, 0, 0, 0, 0, 1, 0, 0, 0, 0, 0, 0, 0, 0, 0, 0, 0, 0, 0, 0, 0, 0, 0, 0, 0, 0, 0, 0
Screen-Shot-2023-07-17-at-12-07-38-AM_png_jpg.rf.78fec5a08a9deb1fccd6d5fe826ada78.jpg, 0, 0, 0, 0, 0, 0, 0, 0, 0, 0, 0, 0, 0, 0, 0, 1, 0, 0, 0, 0, 0, 0, 0, 0, 0, 0, 0, 0, 0, 0
Screen-Shot-2023-07-15-at-11-17-05-PM_png.rf.77b6b2030d866ea472ee1e5e273f8f0f.jpg, 0, 0, 0, 0, 0, 0, 0, 0, 0, 0, 0, 0, 1, 0, 0, 0, 0, 0, 0, 0, 0, 0, 0, 0, 0, 0, 0, 0, 0, 0
Screen-Shot-2023-07-17-at-12-00-03-AM_png_jpg.rf.78d00025049a4bcc859079e399ee0f19.jpg, 0, 0, 0, 0, 0, 0, 0, 0, 0, 1, 0, 0, 0, 0, 0, 0, 0, 0, 0, 0, 0, 0, 0, 0, 0, 0, 0, 0, 0, 0
Screen-Shot-2023-07-15-at-11-10-37-PM_png_jpg.rf.78dce76e2e9fca6dbfbbb1e1479c675a.jpg, 0, 0, 0, 0, 0, 0, 0, 0, 0, 1, 0, 0, 0, 0, 0, 0, 0, 0, 0, 0, 0, 0, 0, 0, 0, 0, 0, 0, 0, 0
t1-JPG7dim_jpg.rf.78f90e6014098d656b2ebcf538afb306.jpg, 0, 0, 0, 0, 0, 0, 0, 0, 0, 0, 0, 0, 0, 0, 0, 0, 0, 0, 0, 0, 0, 0, 0, 1, 0, 0, 0, 0, 0, 0
Screen-Shot-2023-07-11-at-12-30-24-PM_png_jpg.rf.78c7ea5a16ae9020c6922313e0fd792d.jpg, 0, 0, 0, 0, 0, 0, 0, 0, 0, 0, 0, 0, 0, 0, 0, 0, 0, 0, 0, 0, 1, 0, 0, 0, 0, 0, 0, 0, 0, 0
Screen-Shot-2023-07-16-at-11-47-31-PM_png_jpg.rf.78f973c33df9c71f0069eb265cb4a032.jpg, 0, 0, 1, 0, 0, 0, 0, 0, 0, 0, 0, 0, 0, 0, 0, 0, 0, 0, 0, 0, 0, 0, 0, 0, 0, 0, 0, 0, 0, 0
x1-JPG15rot_jpg.rf.7948a3f8e6b06cbe10335c7a8f64900d.jpg, 0, 0, 0, 0, 0, 0, 0, 0, 0, 0, 0, 0, 0, 0, 0, 0, 0, 0, 0, 0, 0, 0, 0, 0, 0, 0, 0, 1, 0, 0
Screen-Shot-2023-07-15-at-11-24-06-PM_png.rf.7908bf7d882efc7e3d922e820aba71b9.jpg, 0, 0, 0, 0, 0, 0, 0, 0, 0, 0, 0, 0, 0, 0, 1, 0, 0, 0, 0, 0, 0, 0, 0, 0, 0, 0, 0, 0, 0, 0
Screen-Shot-2023-07-15-at-11-27-47-PM-copy_png_jpg.rf.76ac3b951a7e64b84dd362290c9be34c.jpg, 0, 0, 0, 0, 0, 0, 0, 0, 0, 0, 0, 0, 0, 0, 0, 1, 0, 0, 0, 0, 0, 0, 0, 0, 0, 0, 0, 0, 0, 0
Screen-Shot-2023-07-15-at-11-09-30-PM-copy_png_jpg.rf.7922b2d5459bb6787a20d7b231cdb4b1.jpg, 0, 0, 0, 0, 0, 0, 0, 0, 1, 0, 0, 0, 0, 0, 0, 0, 0, 0, 0, 0, 0, 0, 0, 0, 0, 0, 0, 0, 0, 0
Screen-Shot-2023-07-15-at-11-19-09-PM-copy_png_jpg.rf.78ffce17c0e5fea31cffcb4eaac6e06d.jpg, 0, 0, 0, 0, 0, 0, 0, 0, 0, 0, 0, 0, 1, 0, 0, 0, 0, 0, 0, 0, 0, 0, 0, 0, 0, 0, 0, 0, 0, 0
Screen-Shot-2023-07-16-at-12-02-25-AM_png_jpg.rf.785b147e1c74e0a58c8856a7d59c3126.jpg, 0, 0, 0, 0, 0, 0, 0, 0, 0, 0, 0, 0, 0, 0, 0, 0, 0, 0, 0, 0, 0, 0, 0, 0, 0, 0, 0, 0, 1, 0
Screen-Shot-2023-07-15-at-11-57-00-PM_png_jpg.rf.7998b0d57ceb9a137e3eeaed7fe65f2d.jpg, 0, 0, 0, 0, 0, 0, 0, 0, 0, 0, 0, 0, 0, 0, 0, 0, 0, 0, 0, 0, 0, 0, 0, 0, 0, 0, 1, 0, 0, 0
Screen-Shot-2023-07-15-at-10-48-38-PM-copy-2_png_jpg.rf.76c2b2acda256c9bc8da1ddd83e7fa62.jpg, 0, 0, 0, 0, 0, 0, 1, 0, 0, 0, 0, 0, 0, 0, 0, 0, 0, 0, 0, 0, 0, 0, 0, 0, 0, 0, 0, 0, 0, 0
g1-JPG13rot_jpg.rf.799e3023236bdc929a5d5506fcc7f860.jpg, 1, 0, 0, 0, 0, 0, 0, 0, 0, 0, 0, 0, 0, 0, 0, 0, 0, 0, 0, 0, 0, 0, 0, 0, 0, 0, 0, 0, 0, 0
Screen-Shot-2023-07-15-at-11-14-24-PM_png_jpg.rf.79893dc5bca003697286cb52d25190f5.jpg, 0, 0, 0, 0, 0, 0, 0, 0, 0, 0, 0, 1, 0, 0, 0, 0, 0, 0, 0, 0, 0, 0, 0, 0, 0, 0, 0, 0, 0, 0
Screen-Shot-2023-07-16-at-11-58-49-PM_png_jpg.rf.78c147d8210c96c25e3f15eee84a084a.jpg, 0, 0, 0, 0, 0, 0, 0, 0, 1, 0, 0, 0, 0, 0, 0, 0, 0, 0, 0, 0, 0, 0, 0, 0, 0, 0, 0, 0, 0, 0
Screen-Shot-2023-07-17-at-12-11-01-AM_png_jpg.rf.79a007dd645b1b55e2c917afa5df4e89.jpg, 0, 0, 0, 0, 0, 0, 0, 0, 0, 0, 0, 0, 0, 0, 0, 0, 0, 0, 0, 0, 0, 1, 0, 0, 0, 0, 0, 0, 0, 0
Screen-Shot-2023-07-17-at-12-14-08-AM_png.rf.795e6da4955ff9783cd7be0bbdf516ec.jpg, 0, 0, 0, 0, 0, 0, 0, 0, 0, 0, 0, 0, 0, 0, 0, 0, 0, 0, 0, 0, 0, 0, 0, 0, 1, 0, 0, 0, 0, 0
c1-JPG1whs_jpg.rf.7883795191342e95d09351b6aba20c74.jpg, 0, 0, 0, 1, 0, 0, 0, 0, 0, 0, 0, 0, 0, 0, 0, 0, 0, 0, 0, 0, 0, 0, 0, 0, 0, 0, 0, 0, 0, 0
Screen-Shot-2023-07-16-at-11-47-02-PM_png_jpg.rf.794dbc5e0b0a3df42dcb20ce7d00a73a.jpg, 0, 0, 1, 0, 0, 0, 0, 0, 0, 0, 0, 0, 0, 0, 0, 0, 0, 0, 0, 0, 0, 0, 0, 0, 0, 0, 0, 0, 0, 0
Screen-Shot-2023-07-11-at-12-28-38-PM_png_jpg.rf.798f614d9ae78a35d7bd8445d38a09f8.jpg, 0, 0, 0, 0, 1, 0, 0, 0, 0, 0, 0, 0, 0, 0, 0, 0, 0, 0, 0, 0, 0, 0, 0, 0, 0, 0, 0, 0, 0, 0
Screen-Shot-2023-07-17-at-12-22-02-AM_png_jpg.rf.79a936e137dd0f2f53236ca320ae9047.jpg, 0, 0, 0, 0, 0, 0, 0, 0, 0, 0, 0, 0, 0, 0, 0, 0, 0, 0, 1, 0, 0, 0, 0, 0, 0, 0, 0, 0, 0, 0
Screen-Shot-2023-07-17-at-12-20-33-AM_png_jpg.rf.79f114cdfd692cb4a4fb3f8f2f5ee7f8.jpg, 0, 0, 0, 0, 1, 0, 0, 0, 0, 0, 0, 0, 0, 0, 0, 0, 0, 0, 0, 0, 0, 0, 0, 0, 0, 0, 0, 0, 0, 0
Screen-Shot-2023-07-17-at-12-11-20-AM_png_jpg.rf.7a348c389a3d916102a3f3c683f96ceb.jpg, 0, 0, 0, 0, 0, 0, 0, 0, 0, 0, 0, 0, 0, 0, 0, 0, 0, 0, 0, 0, 0, 1, 0, 0, 0, 0, 0, 0, 0, 0
Screen-Shot-2023-07-17-at-12-03-03-AM_png_jpg.rf.79f70395245e7ddeb7bfab351599aa65.jpg, 0, 0, 0, 0, 0, 0, 0, 0, 0, 0, 0, 0, 1, 0, 0, 0, 0, 0, 0, 0, 0, 0, 0, 0, 0, 0, 0, 0, 0, 0
Screen-Shot-2023-07-17-at-12-11-37-AM_png_jpg.rf.79af3f449a17f763edb274c5e0e6a623.jpg, 0, 0, 0, 0, 0, 0, 0, 0, 0, 0, 0, 0, 0, 0, 0, 0, 0, 0, 0, 0, 0, 1, 0, 0, 0, 0, 0, 0, 0, 0
Screen-Shot-2023-07-17-at-12-12-43-AM_png_jpg.rf.79c4579d23c8eb213c693395aaf53f7d.jpg, 0, 0, 0, 0, 0, 0, 0, 0, 0, 0, 0, 0, 0, 0, 0, 0, 0, 0, 0, 0, 0, 0, 0, 1, 0, 0, 0, 0, 0, 0
f1-JPG1whs_jpg.rf.7a8fcd4eda30870d40c697503942d92f.jpg, 0, 0, 0, 0, 0, 0, 0, 1, 0, 0, 0, 0, 0, 0, 0, 0, 0, 0, 0, 0, 0, 0, 0, 0, 0, 0, 0, 0, 0, 0
w1-JPG11whs_jpg.rf.7a94fc60409d38b506cbdbbb6b3e3be0.jpg, 0, 0, 0, 0, 0, 0, 0, 0, 0, 0, 0, 0, 0, 0, 0, 0, 0, 0, 0, 0, 0, 0, 0, 0, 0, 0, 1, 0, 0, 0
Screen-Shot-2023-07-11-at-12-28-38-PM_png_jpg.rf.7a21124027d6e34b3a66e0c5b68917a0.jpg, 0, 0, 0, 0, 1, 0, 0, 0, 0, 0, 0, 0, 0, 0, 0, 0, 0, 0, 0, 0, 0, 0, 0, 0, 0, 0, 0, 0, 0, 0
Screen-Shot-2023-07-15-at-11-17-29-PM_png_jpg.rf.76eb9ec0d4a520189f1a5e1a62b65eb0.jpg, 0, 0, 0, 0, 0, 0, 0, 0, 0, 0, 0, 0, 1, 0, 0, 0, 0, 0, 0, 0, 0, 0, 0, 0, 0, 0, 0, 0, 0, 0
Screen-Shot-2023-07-17-at-12-20-50-AM_png_jpg.rf.7adcb1daddef302ab101688657ca243a.jpg, 0, 0, 0, 0, 0, 0, 0, 0, 0, 0, 0, 0, 0, 0, 0, 0, 0, 0, 1, 0, 0, 0, 0, 0, 0, 0, 0, 0, 0, 0
u1-JPG5rot_jpg.rf.7ab605602cf8382ef213fdf3eca4cdbe.jpg, 0, 0, 0, 0, 0, 0, 0, 0, 0, 0, 0, 0, 0, 0, 0, 0, 0, 0, 0, 0, 0, 0, 0, 0, 1, 0, 0, 0, 0, 0
Screen-Shot-2023-07-11-at-12-30-24-PM_png_jpg.rf.7a47805bfa34c9176b6e184e13b3a6b2.jpg, 0, 0, 0, 0, 0, 0, 0, 0, 0, 0, 0, 0, 0, 0, 0, 0, 0, 0, 0, 0, 1, 0, 0, 0, 0, 0, 0, 0, 0, 0
Screen-Shot-2023-07-17-at-12-22-53-AM_png_jpg.rf.7a9587fd102ca55257e1bf4aedc248b3.jpg, 0, 0, 0, 0, 0, 0, 0, 0, 0, 0, 0, 0, 0, 0, 0, 0, 0, 0, 0, 0, 1, 0, 0, 0, 0, 0, 0, 0, 0, 0
Screen-Shot-2023-07-17-at-12-11-15-AM_png.rf.7aae75f994768e2d95e130ae09c77a7a.jpg, 0, 0, 0, 0, 0, 0, 0, 0, 0, 0, 0, 0, 0, 0, 0, 0, 0, 0, 0, 0, 0, 1, 0, 0, 0, 0, 0, 0, 0, 0
o1-JPG4rot_jpg.rf.795253a14c94ad89853dd555c886efab.jpg, 0, 0, 0, 0, 0, 0, 0, 0, 0, 0, 0, 0, 0, 0, 0, 0, 1, 0, 0, 0, 0, 0, 0, 0, 0, 0, 0, 0, 0, 0
Screen-Shot-2023-07-15-at-11-03-01-PM_png_jpg.rf.7a4442ee9d6ea6abdb3bb562e0b728e5.jpg, 0, 0, 0, 0, 0, 1, 0, 0, 0, 0, 0, 0, 0, 0, 0, 0, 0, 0, 0, 0, 0, 0, 0, 0, 0, 0, 0, 0, 0, 0
Screen-Shot-2023-07-15-at-11-17-59-PM_png_jpg.rf.7b138be4fa9b3eee4959e8d514577c00.jpg, 0, 0, 0, 0, 0, 0, 0, 0, 0, 0, 0, 0, 1, 0, 0, 0, 0, 0, 0, 0, 0, 0, 0, 0, 0, 0, 0, 0, 0, 0
Screen-Shot-2023-07-15-at-11-41-08-PM-copy-2_png_jpg.rf.7b18bc63548ec84d53a44a0fbf933cb1.jpg, 0, 0, 0, 0, 0, 0, 0, 0, 0, 0, 0, 0, 0, 0, 0, 0, 0, 0, 0, 0, 0, 1, 0, 0, 0, 0, 0, 0, 0, 0
Screen-Shot-2023-07-15-at-11-35-58-PM_png_jpg.rf.7b3f80649f18b0db5cf04c9e0f4a410a.jpg, 0, 0, 0, 0, 0, 0, 0, 0, 0, 0, 0, 0, 0, 0, 0, 0, 0, 0, 0, 1, 0, 0, 0, 0, 0, 0, 0, 0, 0, 0
m1-JPG12dim_jpg.rf.7b09843c3ef9842a3f1a0c1352cf2852.jpg, 0, 0, 0, 0, 0, 0, 0, 0, 0, 0, 0, 0, 0, 0, 1, 0, 0, 0, 0, 0, 0, 0, 0, 0, 0, 0, 0, 0, 0, 0
Screen-Shot-2023-07-15-at-10-50-02-PM_png_jpg.rf.7a74a4740a7b0cf2d2147f56648b7e3f.jpg, 0, 0, 0, 0, 0, 0, 0, 1, 0, 0, 0, 0, 0, 0, 0, 0, 0, 0, 0, 0, 0, 0, 0, 0, 0, 0, 0, 0, 0, 0
Screen-Shot-2023-07-15-at-11-41-25-PM_png_jpg.rf.7b132cee406dc8ac1e54537097cb55f2.jpg, 0, 0, 0, 0, 0, 0, 0, 0, 0, 0, 0, 0, 0, 0, 0, 0, 0, 0, 0, 0, 0, 1, 0, 0, 0, 0, 0, 0, 0, 0
Screen-Shot-2023-07-16-at-12-05-55-AM_png.rf.7b68f238c41ec21b9320029057420b31.jpg, 0, 0, 0, 0, 1, 0, 0, 0, 0, 0, 0, 0, 0, 0, 0, 0, 0, 0, 0, 0, 0, 0, 0, 0, 0, 0, 0, 0, 0, 0
z1-JPG1whs_jpg.rf.7b6dc9593fd8c084d467afaa117714a5.jpg, 0, 0, 0, 0, 0, 0, 0, 0, 0, 0, 0, 0, 0, 0, 0, 0, 0, 0, 0, 0, 0, 0, 0, 0, 0, 0, 0, 0, 0, 1
q1-JPG10rot_jpg.rf.7b764f55bed91f429c454d8c0ccdb9b1.jpg, 0, 0, 0, 0, 0, 0, 0, 0, 0, 0, 0, 0, 0, 0, 0, 0, 0, 0, 0, 1, 0, 0, 0, 0, 0, 0, 0, 0, 0, 0
Screen-Shot-2023-07-15-at-10-57-24-PM_png_jpg.rf.7a0784cdb314aa61e37a89e1187ce0b3.jpg, 0, 0, 1, 0, 0, 0, 0, 0, 0, 0, 0, 0, 0, 0, 0, 0, 0, 0, 0, 0, 0, 0, 0, 0, 0, 0, 0, 0, 0, 0
Screen-Shot-2023-07-15-at-11-48-02-PM_png_jpg.rf.7b8df6cb21b346bbc4a40a954a9f095c.jpg, 0, 0, 0, 0, 0, 0, 0, 0, 0, 0, 0, 0, 0, 0, 0, 0, 0, 0, 0, 0, 0, 0, 0, 0, 1, 0, 0, 0, 0, 0
Screen-Shot-2023-07-16-at-11-47-09-PM_png_jpg.rf.7b3f55dcd2487e53e0001aa88d9ba5cc.jpg, 0, 0, 1, 0, 0, 0, 0, 0, 0, 0, 0, 0, 0, 0, 0, 0, 0, 0, 0, 0, 0, 0, 0, 0, 0, 0, 0, 0, 0, 0
r1-JPG6dim_jpg.rf.7c1f3ac3b50f91a6016d80bb4331a71f.jpg, 0, 0, 0, 0, 0, 0, 0, 0, 0, 0, 0, 0, 0, 0, 0, 0, 0, 0, 0, 0, 0, 1, 0, 0, 0, 0, 0, 0, 0, 0
f1-JPG9dim_jpg.rf.7bfb900d689a84c069603d24bf0dcdae.jpg, 0, 0, 0, 0, 0, 0, 0, 1, 0, 0, 0, 0, 0, 0, 0, 0, 0, 0, 0, 0, 0, 0, 0, 0, 0, 0, 0, 0, 0, 0
Screen-Shot-2023-07-16-at-12-01-16-AM_png_jpg.rf.7bdce64e60c7783ed8655548527a3c00.jpg, 0, 0, 0, 0, 0, 0, 0, 0, 0, 0, 0, 0, 0, 0, 0, 0, 0, 0, 0, 0, 0, 0, 0, 0, 0, 0, 0, 0, 1, 0
Screen-Shot-2023-07-16-at-11-54-06-PM_png.rf.7bab3675f40e24242fd66194908b1855.jpg, 0, 0, 0, 0, 0, 0, 1, 0, 0, 0, 0, 0, 0, 0, 0, 0, 0, 0, 0, 0, 0, 0, 0, 0, 0, 0, 0, 0, 0, 0
Screen-Shot-2023-07-17-at-12-09-26-AM_png_jpg.rf.7b6f4292c221d583b78ae72260072540.jpg, 0, 0, 0, 0, 0, 0, 0, 0, 0, 0, 0, 0, 0, 0, 0, 0, 0, 1, 0, 0, 0, 0, 0, 0, 0, 0, 0, 0, 0, 0
Screen-Shot-2023-07-16-at-12-05-20-AM_png_jpg.rf.7bb2a76d5cfceb980218f29f3e532d49.jpg, 0, 0, 0, 0, 1, 0, 0, 0, 0, 0, 0, 0, 0, 0, 0, 0, 0, 0, 0, 0, 0, 0, 0, 0, 0, 0, 0, 0, 0, 0
Screen-Shot-2023-07-16-at-11-58-31-PM_png_jpg.rf.7c1b15498cc4803c7260257dfccad950.jpg, 0, 0, 0, 0, 0, 0, 0, 0, 1, 0, 0, 0, 0, 0, 0, 0, 0, 0, 0, 0, 0, 0, 0, 0, 0, 0, 0, 0, 0, 0
Screen-Shot-2023-07-16-at-11-58-25-PM_png_jpg.rf.7c43129a1b2b0e6639bcfe670b72110a.jpg, 0, 0, 0, 0, 0, 0, 0, 0, 1, 0, 0, 0, 0, 0, 0, 0, 0, 0, 0, 0, 0, 0, 0, 0, 0, 0, 0, 0, 0, 0
Screen-Shot-2023-07-17-at-12-15-07-AM_png_jpg.rf.7c533d246671f7be2c60a8a55ff098c2.jpg, 0, 0, 0, 0, 0, 0, 0, 0, 0, 0, 0, 0, 0, 0, 0, 0, 0, 0, 0, 0, 0, 0, 0, 0, 0, 1, 0, 0, 0, 0
Screen-Shot-2023-07-17-at-12-13-53-AM_png_jpg.rf.7c5d02a99fac722b2a59fa69c82207b7.jpg, 0, 0, 0, 0, 0, 0, 0, 0, 0, 0, 0, 0, 0, 0, 0, 0, 0, 0, 0, 0, 0, 0, 0, 0, 1, 0, 0, 0, 0, 0
w1-JPG5whs_jpg.rf.7c1e0e10f869ebb2f84e781b33170813.jpg, 0, 0, 0, 0, 0, 0, 0, 0, 0, 0, 0, 0, 0, 0, 0, 0, 0, 0, 0, 0, 0, 0, 0, 0, 0, 0, 1, 0, 0, 0
Screen-Shot-2023-07-15-at-11-42-36-PM_png_jpg.rf.7c331ffaeff2035f0fe1facf9065bdc0.jpg, 0, 0, 0, 0, 0, 0, 0, 0, 0, 0, 0, 0, 0, 0, 0, 0, 0, 0, 0, 0, 0, 0, 1, 0, 0, 0, 0, 0, 0, 0
Screen-Shot-2023-07-15-at-11-23-26-PM_png_jpg.rf.7c209465db5803c8dec958908abaeb77.jpg, 0, 0, 0, 0, 0, 0, 0, 0, 0, 0, 0, 0, 0, 0, 1, 0, 0, 0, 0, 0, 0, 0, 0, 0, 0, 0, 0, 0, 0, 0
y1-JPG3whs_jpg.rf.7c2cfcd81bd077f533ce630afe09fdb8.jpg, 0, 0, 0, 0, 0, 0, 0, 0, 0, 0, 0, 0, 0, 0, 0, 0, 0, 0, 0, 0, 0, 0, 0, 0, 0, 0, 0, 0, 1, 0
g1-JPG13whs_jpg.rf.7ca2b48f28e42c3d673924129a48da1d.jpg, 0, 0, 0, 0, 0, 0, 0, 0, 1, 0, 0, 0, 0, 0, 0, 0, 0, 0, 0, 0, 0, 0, 0, 0, 0, 0, 0, 0, 0, 0
Screen-Shot-2023-07-17-at-12-16-13-AM_png_jpg.rf.7c577d617679ed6697c7ca6604568f8c.jpg, 0, 0, 0, 0, 0, 0, 0, 0, 0, 0, 0, 0, 0, 0, 0, 0, 0, 0, 0, 0, 0, 0, 0, 0, 0, 0, 0, 1, 0, 0
t1-JPG5rot_jpg.rf.7cb0ddb9659c8d11ebb0b657e416502b.jpg, 0, 0, 0, 0, 0, 0, 0, 0, 0, 0, 0, 0, 0, 0, 0, 0, 0, 0, 0, 0, 0, 0, 0, 1, 0, 0, 0, 0, 0, 0
Screen-Shot-2023-07-16-at-12-01-04-AM_png_jpg.rf.7cd08a5fd68a53692c2ff6027b782560.jpg, 0, 0, 0, 0, 0, 0, 0, 0, 0, 0, 0, 0, 0, 0, 0, 0, 0, 0, 0, 0, 0, 0, 0, 0, 0, 0, 0, 0, 1, 0
Screen-Shot-2023-07-15-at-11-27-40-PM-copy_png_jpg.rf.7ce43318c65f123ff0dbabbf44168c73.jpg, 0, 0, 0, 0, 0, 0, 0, 0, 0, 0, 0, 0, 0, 0, 0, 1, 0, 0, 0, 0, 0, 0, 0, 0, 0, 0, 0, 0, 0, 0
Screen-Shot-2023-07-17-at-12-13-49-AM_png_jpg.rf.7d00ebc626b126fa7213b3d5660c9ee2.jpg, 0, 0, 0, 0, 0, 0, 0, 0, 0, 0, 0, 0, 0, 0, 0, 0, 0, 0, 0, 0, 0, 0, 0, 0, 1, 0, 0, 0, 0, 0
Screen-Shot-2023-07-15-at-10-47-29-PM_png.rf.7d4939dc7881f16d8cb748c07681ba7d.jpg, 0, 1, 0, 0, 0, 0, 0, 0, 0, 0, 0, 0, 0, 0, 0, 0, 0, 0, 0, 0, 0, 0, 0, 0, 0, 0, 0, 0, 0, 0
w1-JPG15rot_jpg.rf.7cf86511b87afbdcef2f429c61590314.jpg, 0, 0, 0, 0, 0, 0, 0, 0, 0, 0, 0, 0, 0, 0, 0, 0, 0, 0, 0, 0, 0, 0, 0, 0, 0, 0, 1, 0, 0, 0
Screen-Shot-2023-07-11-at-12-28-23-PM_png_jpg.rf.7d7013e80e389534351b617bddf1ee6c.jpg, 0, 0, 0, 0, 0, 0, 0, 0, 0, 0, 0, 0, 0, 0, 0, 0, 0, 0, 1, 0, 0, 0, 0, 0, 0, 0, 0, 0, 0, 0
Screen-Shot-2023-07-17-at-12-08-27-AM_png_jpg.rf.7a58dcf1c2ebebf97fd27673c71522ee.jpg, 0, 0, 0, 0, 0, 0, 0, 0, 0, 0, 0, 0, 0, 0, 0, 0, 1, 0, 0, 0, 0, 0, 0, 0, 0, 0, 0, 0, 0, 0
Screen-Shot-2023-07-15-at-10-59-56-PM_png_jpg.rf.7c7cd937628cf01f9646e265237b14cd.jpg, 0, 0, 1, 0, 0, 0, 0, 0, 0, 0, 0, 0, 0, 0, 0, 0, 0, 0, 0, 0, 0, 0, 0, 0, 0, 0, 0, 0, 0, 0
Screen-Shot-2023-07-15-at-11-48-02-PM_png_jpg.rf.7d4e850f434710cb46aeeee6012637fe.jpg, 0, 0, 0, 0, 0, 0, 0, 0, 0, 0, 0, 0, 0, 0, 0, 0, 0, 0, 0, 0, 0, 0, 0, 0, 1, 0, 0, 0, 0, 0
Screen-Shot-2023-07-15-at-11-07-06-PM_png_jpg.rf.7dfb455fd7d0f52f37ec2dc3a10ec08d.jpg, 0, 0, 0, 0, 0, 0, 1, 0, 0, 0, 0, 0, 0, 0, 0, 0, 0, 0, 0, 0, 0, 0, 0, 0, 0, 0, 0, 0, 0, 0
Screen-Shot-2023-07-17-at-12-17-35-AM_png_jpg.rf.7d6863c5ddc9ab2aa9bbd67bd6aeb76d.jpg, 0, 0, 0, 0, 0, 0, 0, 0, 0, 0, 0, 0, 0, 0, 0, 0, 0, 0, 0, 0, 0, 0, 0, 0, 0, 0, 0, 0, 1, 0
Screen-Shot-2023-07-17-at-12-12-59-AM_png.rf.7dd9ecc88da70d66303ecdc4f6af5270.jpg, 0, 0, 0, 0, 0, 0, 0, 0, 0, 0, 0, 0, 0, 0, 0, 0, 0, 0, 0, 0, 0, 0, 0, 1, 0, 0, 0, 0, 0, 0
Screen-Shot-2023-07-17-at-12-12-55-AM_png.rf.7dabdf262f9e20a73963bbf9b0c09b5a.jpg, 0, 0, 0, 0, 0, 0, 0, 0, 0, 0, 0, 0, 0, 0, 0, 0, 0, 0, 0, 0, 0, 0, 0, 1, 0, 0, 0, 0, 0, 0
Screen-Shot-2023-07-15-at-10-56-00-PM_png_jpg.rf.7c4e08c2c58e056a3561a02bf1da9fe1.jpg, 0, 1, 0, 0, 0, 0, 0, 0, 0, 0, 0, 0, 0, 0, 0, 0, 0, 0, 0, 0, 0, 0, 0, 0, 0, 0, 0, 0, 0, 0
k1-JPG10dim_jpg.rf.7dd154f4dc58907b6e68518d3a006c52.jpg, 0, 0, 0, 0, 0, 0, 0, 0, 0, 0, 0, 0, 1, 0, 0, 0, 0, 0, 0, 0, 0, 0, 0, 0, 0, 0, 0, 0, 0, 0
Screen-Shot-2023-07-15-at-11-45-02-PM_png_jpg.rf.7e17e92d1406d97c4585f6632e374eed.jpg, 0, 0, 0, 0, 0, 0, 0, 0, 0, 0, 0, 0, 0, 0, 0, 0, 0, 0, 0, 0, 0, 0, 0, 1, 0, 0, 0, 0, 0, 0
x1-JPG6dim_jpg.rf.7c2845027742dffa68a2f7d905d8fbc4.jpg, 0, 0, 0, 0, 0, 0, 0, 0, 0, 0, 0, 0, 0, 0, 0, 0, 0, 0, 0, 0, 0, 0, 0, 0, 0, 0, 0, 1, 0, 0
Screen-Shot-2023-07-11-at-12-30-24-PM_png_jpg.rf.7cd7c0ae7643eb0d4216ad08bb94f7b3.jpg, 0, 0, 0, 0, 0, 0, 0, 0, 0, 0, 0, 0, 0, 0, 0, 0, 0, 0, 0, 0, 1, 0, 0, 0, 0, 0, 0, 0, 0, 0
Screen-Shot-2023-07-16-at-11-52-49-PM_png_jpg.rf.7cc06f0555d98bed95fbe3a1b58654a7.jpg, 0, 0, 0, 0, 0, 1, 0, 0, 0, 0, 0, 0, 0, 0, 0, 0, 0, 0, 0, 0, 0, 0, 0, 0, 0, 0, 0, 0, 0, 0
Screen-Shot-2023-07-17-at-12-07-58-AM_png_jpg.rf.7d81bd765e09135c525a8bed65b5f65b.jpg, 0, 0, 0, 0, 0, 0, 0, 0, 0, 0, 0, 0, 0, 0, 0, 0, 1, 0, 0, 0, 0, 0, 0, 0, 0, 0, 0, 0, 0, 0
Screen-Shot-2023-07-15-at-10-53-02-PM_png.rf.7e0ab89e56b97922b7b47fb0efb99cc3.jpg, 0, 0, 0, 0, 0, 0, 0, 1, 0, 0, 0, 0, 0, 0, 0, 0, 0, 0, 0, 0, 0, 0, 0, 0, 0, 0, 0, 0, 0, 0
Screen-Shot-2023-07-15-at-11-29-05-PM_png_jpg.rf.7e633e7d4c240c484ad11f6be61c391b.jpg, 0, 0, 0, 0, 0, 0, 0, 0, 0, 0, 0, 0, 0, 0, 0, 0, 1, 0, 0, 0, 0, 0, 0, 0, 0, 0, 0, 0, 0, 0
Screen-Shot-2023-07-15-at-11-32-46-PM_png_jpg.rf.7cc75db2aeee556cf082c3fd7df2f9d3.jpg, 0, 0, 0, 0, 0, 0, 0, 0, 0, 0, 0, 0, 0, 0, 0, 0, 0, 1, 0, 0, 0, 0, 0, 0, 0, 0, 0, 0, 0, 0
Screen-Shot-2023-07-15-at-11-54-48-PM_png_jpg.rf.7e53b81313af9c9b343170b30a489c91.jpg, 0, 0, 0, 0, 0, 0, 0, 0, 0, 0, 0, 0, 0, 0, 0, 0, 0, 0, 0, 0, 0, 0, 0, 0, 0, 1, 0, 0, 0, 0
Screen-Shot-2023-07-16-at-11-52-49-PM_png_jpg.rf.7ea1cc78eb5b2bab5bbaf46e9cb84271.jpg, 0, 0, 0, 0, 0, 1, 0, 0, 0, 0, 0, 0, 0, 0, 0, 0, 0, 0, 0, 0, 0, 0, 0, 0, 0, 0, 0, 0, 0, 0
Screen-Shot-2023-07-15-at-11-43-45-PM_png_jpg.rf.7e7885d5bba02d8794a7ed201381b883.jpg, 0, 0, 0, 0, 0, 0, 0, 0, 0, 0, 0, 0, 0, 0, 0, 0, 0, 0, 0, 0, 0, 0, 1, 0, 0, 0, 0, 0, 0, 0
w1-JPG0whs_jpg.rf.7eae17b1420c1df56ceb4d86f6e1fc3c.jpg, 0, 0, 0, 0, 0, 0, 0, 0, 0, 0, 0, 0, 0, 0, 0, 0, 0, 0, 0, 0, 0, 0, 0, 0, 0, 0, 1, 0, 0, 0
Screen-Shot-2023-07-17-at-12-20-04-AM_png_jpg.rf.7e441caaf9a2908622377bcf6feaf5f2.jpg, 0, 0, 0, 0, 1, 0, 0, 0, 0, 0, 0, 0, 0, 0, 0, 0, 0, 0, 0, 0, 0, 0, 0, 0, 0, 0, 0, 0, 0, 0
Screen-Shot-2023-07-17-at-12-09-26-AM_png_jpg.rf.7e720f7d9d147e6b36a2207de2a47e19.jpg, 0, 0, 0, 0, 0, 0, 0, 0, 0, 0, 0, 0, 0, 0, 0, 0, 0, 1, 0, 0, 0, 0, 0, 0, 0, 0, 0, 0, 0, 0
c1-JPG8dim_jpg.rf.7c634257acb06023d692b6a08fa4ecf3.jpg, 0, 0, 0, 1, 0, 0, 0, 0, 0, 0, 0, 0, 0, 0, 0, 0, 0, 0, 0, 0, 0, 0, 0, 0, 0, 0, 0, 0, 0, 0
Screen-Shot-2023-07-17-at-12-10-37-AM_png_jpg.rf.7ebd5bad407f74c8126341d482f35654.jpg, 0, 0, 0, 0, 0, 0, 0, 0, 0, 0, 0, 0, 0, 0, 0, 0, 0, 0, 0, 1, 0, 0, 0, 0, 0, 0, 0, 0, 0, 0
q1-JPG11rot_jpg.rf.7efc50dbf9e2444ff523ccb3ef822436.jpg, 0, 0, 0, 0, 0, 0, 0, 0, 0, 0, 0, 0, 0, 0, 0, 0, 0, 0, 0, 1, 0, 0, 0, 0, 0, 0, 0, 0, 0, 0
Screen-Shot-2023-07-15-at-10-54-32-PM_png_jpg.rf.7eebd0bd59592c6a3498a11bab74b34e.jpg, 0, 1, 0, 0, 0, 0, 0, 0, 0, 0, 0, 0, 0, 0, 0, 0, 0, 0, 0, 0, 0, 0, 0, 0, 0, 0, 0, 0, 0, 0
Screen-Shot-2023-07-16-at-12-03-02-AM_png_jpg.rf.7f2179604de23c589e387f36c271b1f4.jpg, 0, 0, 0, 0, 0, 0, 0, 0, 0, 0, 0, 0, 0, 0, 0, 0, 0, 0, 0, 0, 0, 0, 0, 0, 0, 0, 0, 0, 0, 1
Screen-Shot-2023-07-15-at-11-13-29-PM_png.rf.7e001779b02b1fdba2f565616442b41e.jpg, 0, 0, 0, 0, 0, 0, 0, 0, 0, 0, 1, 0, 0, 0, 0, 0, 0, 0, 0, 0, 0, 0, 0, 0, 0, 0, 0, 0, 0, 0
i1-JPG1whs_jpg.rf.7ef5eeb18e2f96ee88330544ec0817a4.jpg, 0, 0, 0, 0, 0, 0, 0, 0, 0, 0, 1, 0, 0, 0, 0, 0, 0, 0, 0, 0, 0, 0, 0, 0, 0, 0, 0, 0, 0, 0
Screen-Shot-2023-07-15-at-11-43-50-PM-copy_png_jpg.rf.7f447e13f54ed962ed67ac08e2c4de14.jpg, 0, 0, 0, 0, 0, 0, 0, 0, 0, 0, 0, 0, 0, 0, 0, 0, 0, 0, 0, 0, 0, 0, 1, 0, 0, 0, 0, 0, 0, 0
Screen-Shot-2023-07-15-at-11-01-07-PM_png_jpg.rf.7e860bd30f9132fd2aa59a94505453de.jpg, 0, 0, 0, 1, 0, 0, 0, 0, 0, 0, 0, 0, 0, 0, 0, 0, 0, 0, 0, 0, 0, 0, 0, 0, 0, 0, 0, 0, 0, 0
u1-JPG10whs_jpg.rf.7fa01e0c1f8e318d73d362c9d07d3dc4.jpg, 0, 0, 0, 0, 0, 0, 0, 0, 0, 0, 0, 0, 0, 0, 0, 0, 0, 0, 0, 0, 0, 0, 0, 0, 1, 0, 0, 0, 0, 0
Screen-Shot-2023-07-15-at-11-01-07-PM_png_jpg.rf.7fea16a854112e3d54025b52f365143a.jpg, 0, 0, 0, 1, 0, 0, 0, 0, 0, 0, 0, 0, 0, 0, 0, 0, 0, 0, 0, 0, 0, 0, 0, 0, 0, 0, 0, 0, 0, 0
Screen-Shot-2023-07-15-at-11-42-47-PM_png_jpg.rf.801badd6fae2b8a218a342752a8ab705.jpg, 0, 0, 0, 0, 0, 0, 0, 0, 0, 0, 0, 0, 0, 0, 0, 0, 0, 0, 0, 0, 0, 0, 1, 0, 0, 0, 0, 0, 0, 0
Screen-Shot-2023-07-17-at-12-15-07-AM_png_jpg.rf.7fb9cc2aa51b00bb46297b2c289373d8.jpg, 0, 0, 0, 0, 0, 0, 0, 0, 0, 0, 0, 0, 0, 0, 0, 0, 0, 0, 0, 0, 0, 0, 0, 0, 0, 1, 0, 0, 0, 0
Screen-Shot-2023-07-15-at-10-47-45-PM_png_jpg.rf.7fa5df2added33389e1b87135b35bdb5.jpg, 0, 0, 1, 0, 0, 0, 0, 0, 0, 0, 0, 0, 0, 0, 0, 0, 0, 0, 0, 0, 0, 0, 0, 0, 0, 0, 0, 0, 0, 0
d1-JPG9dim_jpg.rf.8045e2fa64bb7e0aac17800720c5ad07.jpg, 0, 0, 0, 0, 0, 1, 0, 0, 0, 0, 0, 0, 0, 0, 0, 0, 0, 0, 0, 0, 0, 0, 0, 0, 0, 0, 0, 0, 0, 0
Screen-Shot-2023-07-17-at-12-14-23-AM_png_jpg.rf.7f4c66713633be7697f7ee6e4b29064e.jpg, 0, 0, 0, 0, 0, 0, 0, 0, 0, 0, 0, 0, 0, 0, 0, 0, 0, 0, 0, 0, 0, 0, 0, 0, 0, 1, 0, 0, 0, 0
Screen-Shot-2023-07-15-at-11-56-06-PM_png_jpg.rf.80418342eebd15e7d8d3d4c34016b31d.jpg, 0, 0, 0, 0, 0, 0, 0, 0, 0, 0, 0, 0, 0, 0, 0, 0, 0, 0, 0, 0, 0, 0, 0, 0, 0, 1, 0, 0, 0, 0
Screen-Shot-2023-07-15-at-11-49-02-PM_png.rf.8092afa90dad96054a39c73067fb11ca.jpg, 0, 0, 0, 0, 0, 0, 0, 0, 0, 0, 0, 0, 0, 0, 0, 0, 0, 0, 0, 0, 0, 0, 0, 0, 1, 0, 0, 0, 0, 0
Screen-Shot-2023-07-17-at-12-07-53-AM_png_jpg.rf.80dc801434ddd9b36fc8780100bb7072.jpg, 0, 0, 0, 0, 0, 0, 0, 0, 0, 0, 0, 0, 0, 0, 0, 0, 1, 0, 0, 0, 0, 0, 0, 0, 0, 0, 0, 0, 0, 0
q1-JPG14dim_jpg.rf.8140547fe8e78ba400d84ab8c56b69da.jpg, 0, 0, 0, 0, 0, 0, 0, 0, 0, 0, 0, 0, 0, 0, 0, 0, 0, 0, 0, 1, 0, 0, 0, 0, 0, 0, 0, 0, 0, 0
e1-JPG16dim_jpg.rf.80a4eb31cd55a9419c411cc0cacd9770.jpg, 0, 0, 0, 0, 0, 0, 1, 0, 0, 0, 0, 0, 0, 0, 0, 0, 0, 0, 0, 0, 0, 0, 0, 0, 0, 0, 0, 0, 0, 0
Screen-Shot-2023-07-11-at-12-30-24-PM_png_jpg.rf.810a853be08ab83f69e05598f8354185.jpg, 0, 0, 0, 0, 0, 0, 0, 0, 0, 0, 0, 0, 0, 0, 0, 0, 0, 0, 0, 0, 1, 0, 0, 0, 0, 0, 0, 0, 0, 0
Screen-Shot-2023-07-15-at-11-47-01-PM_png_jpg.rf.81337a02ce75a52d361cba95c56944aa.jpg, 0, 0, 0, 0, 0, 0, 0, 0, 0, 0, 0, 0, 0, 0, 0, 0, 0, 0, 0, 0, 0, 0, 0, 1, 0, 0, 0, 0, 0, 0
Screen-Shot-2023-07-16-at-12-08-18-AM_png.rf.80311a33d48a9a200f5b3b8b8af0d8b8.jpg, 0, 0, 0, 0, 0, 0, 0, 0, 0, 0, 0, 0, 0, 0, 0, 0, 0, 0, 0, 0, 1, 0, 0, 0, 0, 0, 0, 0, 0, 0
Screen-Shot-2023-07-17-at-12-09-02-AM_png_jpg.rf.80e40621cbae320d777b001fb0b943db.jpg, 0, 0, 0, 0, 0, 0, 0, 0, 0, 0, 0, 0, 0, 0, 0, 0, 0, 1, 0, 0, 0, 0, 0, 0, 0, 0, 0, 0, 0, 0
Screen-Shot-2023-07-17-at-12-14-27-AM_png_jpg.rf.7f40d35c5a91ddf5c8405ab3ce4bf84a.jpg, 0, 0, 0, 0, 0, 0, 0, 0, 0, 0, 0, 0, 0, 0, 0, 0, 0, 0, 0, 0, 0, 0, 0, 0, 0, 1, 0, 0, 0, 0
Screen-Shot-2023-07-16-at-11-52-30-PM_png_jpg.rf.80bfefaf7d3154205224663cb844a03b.jpg, 0, 0, 0, 0, 0, 1, 0, 0, 0, 0, 0, 0, 0, 0, 0, 0, 0, 0, 0, 0, 0, 0, 0, 0, 0, 0, 0, 0, 0, 0
Screen-Shot-2023-07-16-at-11-52-30-PM_png_jpg.rf.81612424ddf170f7e22cf496a7604a63.jpg, 0, 0, 0, 0, 0, 1, 0, 0, 0, 0, 0, 0, 0, 0, 0, 0, 0, 0, 0, 0, 0, 0, 0, 0, 0, 0, 0, 0, 0, 0
Screen-Shot-2023-07-15-at-11-12-32-PM_png_jpg.rf.80ef0e8ae135568a7d18db906dcd1e63.jpg, 0, 0, 0, 0, 0, 0, 0, 0, 0, 0, 1, 0, 0, 0, 0, 0, 0, 0, 0, 0, 0, 0, 0, 0, 0, 0, 0, 0, 0, 0
Screen-Shot-2023-07-16-at-11-52-45-PM_png_jpg.rf.8141fa260d90d631e08f954a142d91b5.jpg, 0, 0, 0, 0, 0, 1, 0, 0, 0, 0, 0, 0, 0, 0, 0, 0, 0, 0, 0, 0, 0, 0, 0, 0, 0, 0, 0, 0, 0, 0
Screen-Shot-2023-07-16-at-12-16-27-PM_png_jpg.rf.8136af142500bec223d6e6a6a17112ab.jpg, 0, 0, 0, 0, 0, 0, 0, 0, 0, 0, 0, 0, 0, 0, 0, 0, 0, 0, 1, 0, 0, 0, 0, 0, 0, 0, 0, 0, 0, 0
Screen-Shot-2023-07-16-at-12-02-37-AM_png.rf.81225f88472b9c54aeb7568015162260.jpg, 0, 0, 0, 0, 0, 0, 0, 0, 0, 0, 0, 0, 0, 0, 0, 0, 0, 0, 0, 0, 0, 0, 0, 0, 0, 0, 0, 0, 1, 0
Screen-Shot-2023-07-15-at-10-53-02-PM_png_jpg.rf.816454f143ecfbcd9340ccbeb25cdb99.jpg, 0, 0, 0, 0, 0, 0, 0, 1, 0, 0, 0, 0, 0, 0, 0, 0, 0, 0, 0, 0, 0, 0, 0, 0, 0, 0, 0, 0, 0, 0
Screen-Shot-2023-07-16-at-11-47-31-PM_png_jpg.rf.8181019c3f682d9aa8a1adcd2c1d3654.jpg, 0, 0, 1, 0, 0, 0, 0, 0, 0, 0, 0, 0, 0, 0, 0, 0, 0, 0, 0, 0, 0, 0, 0, 0, 0, 0, 0, 0, 0, 0
Screen-Shot-2023-07-15-at-11-55-50-PM_png_jpg.rf.80f57870d94eca1a77f737d9c0b8be57.jpg, 0, 0, 0, 0, 0, 0, 0, 0, 0, 0, 0, 0, 0, 0, 0, 0, 0, 0, 0, 0, 0, 0, 0, 0, 0, 1, 0, 0, 0, 0
Screen-Shot-2023-07-16-at-11-58-05-PM_png_jpg.rf.81d9c55369a67a8e00abe8ce9a6755d5.jpg, 0, 0, 0, 0, 0, 0, 0, 0, 1, 0, 0, 0, 0, 0, 0, 0, 0, 0, 0, 0, 0, 0, 0, 0, 0, 0, 0, 0, 0, 0
z1-JPG3rot_jpg.rf.81c137d8773f57af21e0c499f274108b.jpg, 0, 0, 0, 0, 0, 0, 0, 0, 0, 0, 0, 0, 0, 0, 0, 0, 0, 0, 0, 0, 0, 0, 0, 0, 0, 0, 0, 0, 0, 1
e1-JPG13rot_jpg.rf.81e72e498ab7246e1dd6bf0ae86f2b5d.jpg, 0, 0, 0, 0, 0, 0, 1, 0, 0, 0, 0, 0, 0, 0, 0, 0, 0, 0, 0, 0, 0, 0, 0, 0, 0, 0, 0, 0, 0, 0
Screen-Shot-2023-07-15-at-11-17-13-PM_png_jpg.rf.81aa5131ef58fd87f522612457ae982c.jpg, 0, 0, 0, 0, 0, 0, 0, 0, 0, 0, 0, 0, 1, 0, 0, 0, 0, 0, 0, 0, 0, 0, 0, 0, 0, 0, 0, 0, 0, 0
Screen-Shot-2023-07-17-at-12-07-43-AM_png_jpg.rf.825ac861c9093f458d5f3c9a8cba7489.jpg, 0, 0, 0, 0, 0, 0, 0, 0, 0, 0, 0, 0, 0, 0, 0, 1, 0, 0, 0, 0, 0, 0, 0, 0, 0, 0, 0, 0, 0, 0
Screen-Shot-2023-07-15-at-11-12-42-PM_png_jpg.rf.81f6c1c987b8bc637871c08ea7d82542.jpg, 0, 0, 0, 0, 0, 0, 0, 0, 0, 0, 1, 0, 0, 0, 0, 0, 0, 0, 0, 0, 0, 0, 0, 0, 0, 0, 0, 0, 0, 0
s1-JPG13rot_jpg.rf.81c3025a07c7fc8e79967660fa9681b9.jpg, 0, 0, 0, 0, 0, 0, 0, 0, 0, 0, 0, 0, 0, 0, 0, 0, 0, 0, 0, 0, 0, 0, 1, 0, 0, 0, 0, 0, 0, 0
c1-JPG11rot_jpg.rf.822619c398ec94cecc9c2efe506bcc15.jpg, 0, 0, 0, 1, 0, 0, 0, 0, 0, 0, 0, 0, 0, 0, 0, 0, 0, 0, 0, 0, 0, 0, 0, 0, 0, 0, 0, 0, 0, 0
Screen-Shot-2023-07-17-at-12-16-17-AM_png_jpg.rf.81fceffcd43b30c57d08a45d8adb1d76.jpg, 0, 0, 0, 0, 0, 0, 0, 0, 0, 0, 0, 0, 0, 0, 0, 0, 0, 0, 0, 0, 0, 0, 0, 0, 0, 0, 0, 1, 0, 0
v1-JPG17rot_jpg.rf.825a2440e1c81f7374dfc8719b6044c7.jpg, 0, 0, 0, 0, 0, 0, 0, 0, 0, 0, 0, 0, 0, 0, 0, 0, 0, 0, 0, 0, 0, 0, 0, 0, 0, 1, 0, 0, 0, 0
Screen-Shot-2023-07-16-at-11-58-05-PM_png_jpg.rf.81f195629d68244e004c2c9f5c07fcd2.jpg, 0, 0, 0, 0, 0, 0, 0, 0, 1, 0, 0, 0, 0, 0, 0, 0, 0, 0, 0, 0, 0, 0, 0, 0, 0, 0, 0, 0, 0, 0
g1-JPG6whs_jpg.rf.80212b56d7f8f914acc699ae3db3142d.jpg, 1, 0, 0, 0, 0, 0, 0, 0, 0, 0, 0, 0, 0, 0, 0, 0, 0, 0, 0, 0, 0, 0, 0, 0, 0, 0, 0, 0, 0, 0
s1-JPG12rot_jpg.rf.81da9e1aa1086547926376eafcd5b18d.jpg, 0, 0, 0, 0, 0, 0, 0, 0, 0, 0, 0, 0, 0, 0, 0, 0, 0, 0, 0, 0, 0, 0, 1, 0, 0, 0, 0, 0, 0, 0
Screen-Shot-2023-07-15-at-11-14-48-PM-copy_png_jpg.rf.8277f7bb1021af4de0d7f7374b2014c9.jpg, 0, 0, 0, 0, 0, 0, 0, 0, 0, 0, 0, 1, 0, 0, 0, 0, 0, 0, 0, 0, 0, 0, 0, 0, 0, 0, 0, 0, 0, 0
Screen-Shot-2023-07-15-at-11-43-26-PM_png_jpg.rf.82005b2bb3f7f72df745a54d0519477c.jpg, 0, 0, 0, 0, 0, 0, 0, 0, 0, 0, 0, 0, 0, 0, 0, 0, 0, 0, 0, 0, 0, 0, 1, 0, 0, 0, 0, 0, 0, 0
y1-JPG4whs_jpg.rf.81ee20b0c0597d9e06e510901d09f924.jpg, 0, 0, 0, 0, 0, 0, 0, 0, 0, 0, 0, 0, 0, 0, 0, 0, 0, 0, 0, 0, 0, 0, 0, 0, 0, 0, 0, 0, 1, 0
Screen-Shot-2023-07-17-at-12-22-30-AM_png.rf.82b6567e43295c32d18c031aafd6c3d6.jpg, 0, 0, 0, 0, 0, 0, 0, 0, 0, 0, 0, 0, 0, 0, 0, 0, 0, 0, 0, 0, 1, 0, 0, 0, 0, 0, 0, 0, 0, 0
Screen-Shot-2023-07-17-at-12-15-07-AM_png_jpg.rf.807fabcaf11826118cc9c6fbc19eccc0.jpg, 0, 0, 0, 0, 0, 0, 0, 0, 0, 0, 0, 0, 0, 0, 0, 0, 0, 0, 0, 0, 0, 0, 0, 0, 0, 1, 0, 0, 0, 0
Screen-Shot-2023-07-15-at-11-11-28-PM-copy_png_jpg.rf.82978d159d430b8cc860c5ca9c34ef03.jpg, 0, 0, 0, 0, 0, 0, 0, 0, 0, 1, 0, 0, 0, 0, 0, 0, 0, 0, 0, 0, 0, 0, 0, 0, 0, 0, 0, 0, 0, 0
Screen-Shot-2023-07-17-at-12-20-33-AM_png_jpg.rf.8243cee01e5c1e23cac35efc50988bdd.jpg, 0, 0, 0, 0, 1, 0, 0, 0, 0, 0, 0, 0, 0, 0, 0, 0, 0, 0, 0, 0, 0, 0, 0, 0, 0, 0, 0, 0, 0, 0
Screen-Shot-2023-07-15-at-11-12-32-PM_png_jpg.rf.82e9af3116a880ba8b879207fe436b1d.jpg, 0, 0, 0, 0, 0, 0, 0, 0, 0, 0, 1, 0, 0, 0, 0, 0, 0, 0, 0, 0, 0, 0, 0, 0, 0, 0, 0, 0, 0, 0
Screen-Shot-2023-07-15-at-10-56-00-PM_png.rf.82c8377b410aacbc5be2f63d0b05d406.jpg, 0, 1, 0, 0, 0, 0, 0, 0, 0, 0, 0, 0, 0, 0, 0, 0, 0, 0, 0, 0, 0, 0, 0, 0, 0, 0, 0, 0, 0, 0
Screen-Shot-2023-07-15-at-11-03-30-PM_png_jpg.rf.82ce865d4ab1f03740a01c2fe2723c9a.jpg, 0, 0, 0, 0, 0, 1, 0, 0, 0, 0, 0, 0, 0, 0, 0, 0, 0, 0, 0, 0, 0, 0, 0, 0, 0, 0, 0, 0, 0, 0
Screen-Shot-2023-07-15-at-11-40-12-PM_png_jpg.rf.82b2cb93cdd959a30f01baed48a0f2a4.jpg, 0, 0, 0, 0, 0, 0, 0, 0, 0, 0, 0, 0, 0, 0, 0, 0, 0, 0, 0, 0, 0, 1, 0, 0, 0, 0, 0, 0, 0, 0
Screen-Shot-2023-07-15-at-11-33-58-PM_png_jpg.rf.838fe7e6cc570ed1755b30d53902aba9.jpg, 0, 0, 0, 0, 0, 0, 0, 0, 0, 0, 0, 0, 0, 0, 0, 0, 0, 1, 0, 0, 0, 0, 0, 0, 0, 0, 0, 0, 0, 0
Screen-Shot-2023-07-15-at-11-57-26-PM_png.rf.82e72b2e96e27dd4cdcbb7fad8cc59ea.jpg, 0, 0, 0, 0, 0, 0, 0, 0, 0, 0, 0, 0, 0, 0, 0, 0, 0, 0, 0, 0, 0, 0, 0, 0, 0, 0, 1, 0, 0, 0
Screen-Shot-2023-07-15-at-11-18-11-PM_png_jpg.rf.83f6f01137cea0900f6070ce6407bf83.jpg, 0, 0, 0, 0, 0, 0, 0, 0, 0, 0, 0, 0, 1, 0, 0, 0, 0, 0, 0, 0, 0, 0, 0, 0, 0, 0, 0, 0, 0, 0
Screen-Shot-2023-07-11-at-12-30-24-PM_png-copy_jpg.rf.83729c13016b7d26ea3610ba3860e6b2.jpg, 0, 0, 0, 0, 0, 0, 0, 0, 0, 0, 0, 0, 0, 0, 0, 0, 0, 0, 0, 0, 1, 0, 0, 0, 0, 0, 0, 0, 0, 0
Screen-Shot-2023-07-17-at-12-17-27-AM_png_jpg.rf.83c8be8cea7b615e32e384d60cc89f11.jpg, 0, 0, 0, 0, 0, 0, 0, 0, 0, 0, 0, 0, 0, 0, 0, 0, 0, 0, 0, 0, 0, 0, 0, 0, 0, 0, 0, 0, 1, 0
b1-JPG12whs_jpg.rf.83b95761398399a3c69a65a6afe5eb37.jpg, 1, 0, 0, 0, 0, 0, 0, 0, 0, 0, 0, 0, 0, 0, 0, 0, 0, 0, 0, 0, 0, 0, 0, 0, 0, 0, 0, 0, 0, 0
Screen-Shot-2023-07-17-at-12-22-26-AM_png_jpg.rf.8460e8ceceb2d8720308c4697cfc0f38.jpg, 0, 0, 0, 0, 0, 0, 0, 0, 0, 0, 0, 0, 0, 0, 0, 0, 0, 0, 0, 0, 1, 0, 0, 0, 0, 0, 0, 0, 0, 0
Screen-Shot-2023-07-15-at-11-57-00-PM_png_jpg.rf.8348c08369bb8a45ef24ceefce671678.jpg, 0, 0, 0, 0, 0, 0, 0, 0, 0, 0, 0, 0, 0, 0, 0, 0, 0, 0, 0, 0, 0, 0, 0, 0, 0, 0, 1, 0, 0, 0
f1-JPG19rot_jpg.rf.82ea8aa5fc7118ec63ec6af950bb56ec.jpg, 0, 0, 0, 0, 0, 0, 0, 1, 0, 0, 0, 0, 0, 0, 0, 0, 0, 0, 0, 0, 0, 0, 0, 0, 0, 0, 0, 0, 0, 0
Screen-Shot-2023-07-15-at-10-50-51-PM_png_jpg.rf.842ed5c6a2b2ab78a1b1e39e65ba5d67.jpg, 0, 0, 0, 0, 0, 0, 0, 1, 0, 0, 0, 0, 0, 0, 0, 0, 0, 0, 0, 0, 0, 0, 0, 0, 0, 0, 0, 0, 0, 0
Screen-Shot-2023-07-16-at-12-01-23-AM_png_jpg.rf.83a68ff0bc0af875ab71d5c8f3b40fa8.jpg, 0, 0, 0, 0, 0, 0, 0, 0, 0, 0, 0, 0, 0, 0, 0, 0, 0, 0, 0, 0, 0, 0, 0, 0, 0, 0, 0, 0, 1, 0
Screen-Shot-2023-07-16-at-11-56-03-PM_png.rf.843a81c1633227ade6b8fe97779fdae9.jpg, 0, 0, 0, 0, 0, 0, 0, 1, 0, 0, 0, 0, 0, 0, 0, 0, 0, 0, 0, 0, 0, 0, 0, 0, 0, 0, 0, 0, 0, 0
Screen-Shot-2023-07-17-at-12-01-43-AM_png_jpg.rf.8468188fbbb50d7d33101c1e452e628f.jpg, 0, 0, 0, 0, 0, 0, 0, 0, 0, 0, 0, 1, 0, 0, 0, 0, 0, 0, 0, 0, 0, 0, 0, 0, 0, 0, 0, 0, 0, 0
Screen-Shot-2023-07-16-at-11-57-52-PM_png_jpg.rf.846d9b5302725446cd5ff3b9e91adee1.jpg, 0, 0, 0, 0, 0, 0, 0, 1, 0, 0, 0, 0, 0, 0, 0, 0, 0, 0, 0, 0, 0, 0, 0, 0, 0, 0, 0, 0, 0, 0
Screen-Shot-2023-07-17-at-12-14-51-AM_png_jpg.rf.837c2422020d9a0105c67d10acb0a969.jpg, 0, 0, 0, 0, 0, 0, 0, 0, 0, 0, 0, 0, 0, 0, 0, 0, 0, 0, 0, 0, 0, 0, 0, 0, 0, 1, 0, 0, 0, 0
Screen-Shot-2023-07-15-at-10-55-37-PM_png_jpg.rf.84955ddfa19ff75fd87d02c6fc6a5d2c.jpg, 0, 1, 0, 0, 0, 0, 0, 0, 0, 0, 0, 0, 0, 0, 0, 0, 0, 0, 0, 0, 0, 0, 0, 0, 0, 0, 0, 0, 0, 0
e1-JPG18dim_jpg.rf.847c923869b9d1aefc828fc02b2c5c1e.jpg, 0, 0, 0, 0, 0, 0, 1, 0, 0, 0, 0, 0, 0, 0, 0, 0, 0, 0, 0, 0, 0, 0, 0, 0, 0, 0, 0, 0, 0, 0
Screen-Shot-2023-07-15-at-11-43-45-PM_png_jpg.rf.8482bd103055601a647489c4987b3b3d.jpg, 0, 0, 0, 0, 0, 0, 0, 0, 0, 0, 0, 0, 0, 0, 0, 0, 0, 0, 0, 0, 0, 0, 1, 0, 0, 0, 0, 0, 0, 0
Screen-Shot-2023-07-17-at-12-23-08-AM_png_jpg.rf.82a673d4c9df793040408bd065306370.jpg, 0, 0, 0, 0, 0, 0, 0, 0, 0, 0, 0, 0, 0, 0, 0, 0, 0, 0, 0, 0, 1, 0, 0, 0, 0, 0, 0, 0, 0, 0
Screen-Shot-2023-07-17-at-12-18-06-AM_png_jpg.rf.842ab3ad7c0e6104c6e66d6dc6788b34.jpg, 0, 0, 0, 0, 0, 0, 0, 0, 0, 0, 0, 0, 0, 0, 0, 0, 0, 0, 0, 0, 0, 0, 0, 0, 0, 0, 0, 0, 1, 0
Screen-Shot-2023-07-15-at-11-49-50-PM_png_jpg.rf.84c39712a7978a9284e2d9bcace9dfb4.jpg, 0, 0, 0, 0, 0, 0, 0, 0, 0, 0, 0, 0, 0, 0, 0, 0, 0, 0, 0, 0, 0, 0, 0, 0, 1, 0, 0, 0, 0, 0
Screen-Shot-2023-07-17-at-12-13-03-AM_png_jpg.rf.849712bb057cf38c0de22a35684c41e4.jpg, 0, 0, 0, 0, 0, 0, 0, 0, 0, 0, 0, 0, 0, 0, 0, 0, 0, 0, 0, 0, 0, 0, 0, 1, 0, 0, 0, 0, 0, 0
Screen-Shot-2023-07-17-at-12-16-05-AM_png_jpg.rf.831387622e983cd0907ae8e460f41d03.jpg, 0, 0, 0, 0, 0, 0, 0, 0, 0, 0, 0, 0, 0, 0, 0, 0, 0, 0, 0, 0, 0, 0, 0, 0, 0, 0, 1, 0, 0, 0
Screen-Shot-2023-07-17-at-12-11-47-AM_png_jpg.rf.8400273e8f1d101b86e4ad6f9025d04d.jpg, 0, 0, 0, 0, 0, 0, 0, 0, 0, 0, 0, 0, 0, 0, 0, 0, 0, 0, 0, 0, 0, 0, 1, 0, 0, 0, 0, 0, 0, 0
n1-JPG11whs_jpg.rf.84c410cfbc8a684ee25a9ee5e4c41a8b.jpg, 0, 0, 0, 0, 0, 0, 0, 0, 0, 0, 0, 0, 0, 0, 0, 1, 0, 0, 0, 0, 0, 0, 0, 0, 0, 0, 0, 0, 0, 0
f1-JPG15whs_jpg.rf.84a7513f5dda8ecc36005b39f982d901.jpg, 0, 0, 0, 0, 0, 0, 0, 1, 0, 0, 0, 0, 0, 0, 0, 0, 0, 0, 0, 0, 0, 0, 0, 0, 0, 0, 0, 0, 0, 0
Screen-Shot-2023-07-15-at-11-42-20-PM_png_jpg.rf.84b5b1c9c2ab0c40ec165127dc32e4d8.jpg, 0, 0, 0, 0, 0, 0, 0, 0, 0, 0, 0, 0, 0, 0, 0, 0, 0, 0, 0, 0, 0, 0, 1, 0, 0, 0, 0, 0, 0, 0
Screen-Shot-2023-07-15-at-11-57-50-PM_png_jpg.rf.84a4b7ba1ed6865f04deec2985c43255.jpg, 0, 0, 0, 0, 0, 0, 0, 0, 0, 0, 0, 0, 0, 0, 0, 0, 0, 0, 0, 0, 0, 0, 0, 0, 0, 0, 1, 0, 0, 0
Screen-Shot-2023-07-16-at-12-00-58-AM_png_jpg.rf.84bc652624841c925cfa105fe8d73d4f.jpg, 0, 0, 0, 0, 0, 0, 0, 0, 0, 0, 0, 0, 0, 0, 0, 0, 0, 0, 0, 0, 0, 0, 0, 0, 0, 0, 0, 0, 1, 0
Screen-Shot-2023-07-17-at-12-14-23-AM_png_jpg.rf.84b1a4c9f52bb3aee07baa0c087e20b0.jpg, 0, 0, 0, 0, 0, 0, 0, 0, 0, 0, 0, 0, 0, 0, 0, 0, 0, 0, 0, 0, 0, 0, 0, 0, 0, 1, 0, 0, 0, 0
Screen-Shot-2023-07-16-at-11-54-28-PM_png_jpg.rf.84deaf5f453255ad992ca71fbf4dd197.jpg, 0, 0, 0, 0, 0, 0, 1, 0, 0, 0, 0, 0, 0, 0, 0, 0, 0, 0, 0, 0, 0, 0, 0, 0, 0, 0, 0, 0, 0, 0
Screen-Shot-2023-07-15-at-11-26-48-PM_png_jpg.rf.84d9254f262e3549ac515ee21bf1b5af.jpg, 0, 0, 0, 0, 0, 0, 0, 0, 0, 0, 0, 0, 0, 0, 0, 1, 0, 0, 0, 0, 0, 0, 0, 0, 0, 0, 0, 0, 0, 0
Screen-Shot-2023-07-15-at-11-27-23-PM_png_jpg.rf.84dfd0a42a9d991c027f7479fb8770e2.jpg, 0, 0, 0, 0, 0, 0, 0, 0, 0, 0, 0, 0, 0, 0, 0, 1, 0, 0, 0, 0, 0, 0, 0, 0, 0, 0, 0, 0, 0, 0
Screen-Shot-2023-07-15-at-11-56-06-PM_png_jpg.rf.847966592f3295b647e3f304e04fd8c4.jpg, 0, 0, 0, 0, 0, 0, 0, 0, 0, 0, 0, 0, 0, 0, 0, 0, 0, 0, 0, 0, 0, 0, 0, 0, 0, 1, 0, 0, 0, 0
Screen-Shot-2023-07-15-at-11-09-30-PM-copy_png_jpg.rf.84f65b3f2d22bfce7a338ea9b07a5f61.jpg, 0, 0, 0, 0, 0, 0, 0, 0, 1, 0, 0, 0, 0, 0, 0, 0, 0, 0, 0, 0, 0, 0, 0, 0, 0, 0, 0, 0, 0, 0
b1-JPG1rot_jpg.rf.843b6762066c73e6109d0325ca0b141d.jpg, 1, 0, 0, 0, 0, 0, 0, 0, 0, 0, 0, 0, 0, 0, 0, 0, 0, 0, 0, 0, 0, 0, 0, 0, 0, 0, 0, 0, 0, 0
g1-JPG16whs_jpg.rf.82f604644effc5f6f29d471bc1121005.jpg, 0, 0, 0, 0, 0, 0, 0, 0, 1, 0, 0, 0, 0, 0, 0, 0, 0, 0, 0, 0, 0, 0, 0, 0, 0, 0, 0, 0, 0, 0
Screen-Shot-2023-07-15-at-11-14-31-PM_png_jpg.rf.85598f58142e001db753dcc4ca2a4626.jpg, 0, 0, 0, 0, 0, 0, 0, 0, 0, 0, 0, 1, 0, 0, 0, 0, 0, 0, 0, 0, 0, 0, 0, 0, 0, 0, 0, 0, 0, 0
Screen-Shot-2023-07-17-at-12-18-50-AM_png_jpg.rf.8511b209474496417e2bd991dbef2e33.jpg, 0, 0, 0, 0, 0, 0, 0, 0, 0, 0, 0, 0, 0, 0, 0, 0, 0, 0, 0, 0, 0, 0, 0, 0, 0, 0, 0, 0, 0, 1
Screen-Shot-2023-07-15-at-11-56-54-PM_png_jpg.rf.853aa26cfabab90ff0b64988f0b03e34.jpg, 0, 0, 0, 0, 0, 0, 0, 0, 0, 0, 0, 0, 0, 0, 0, 0, 0, 0, 0, 0, 0, 0, 0, 0, 0, 0, 1, 0, 0, 0
Screen-Shot-2023-07-15-at-11-19-57-PM_png_jpg.rf.8586aa63665de58d5d3d2abdaac1f298.jpg, 0, 0, 0, 0, 0, 0, 0, 0, 0, 0, 0, 0, 0, 1, 0, 0, 0, 0, 0, 0, 0, 0, 0, 0, 0, 0, 0, 0, 0, 0
Screen-Shot-2023-07-15-at-11-56-54-PM_png_jpg.rf.85546ca75b6ccbd04a1092af73dc8820.jpg, 0, 0, 0, 0, 0, 0, 0, 0, 0, 0, 0, 0, 0, 0, 0, 0, 0, 0, 0, 0, 0, 0, 0, 0, 0, 0, 1, 0, 0, 0
Screen-Shot-2023-07-17-at-12-01-12-AM_png_jpg.rf.85107f95e6c2fecde8063e11c55bea28.jpg, 0, 0, 0, 0, 0, 0, 0, 0, 0, 0, 0, 1, 0, 0, 0, 0, 0, 0, 0, 0, 0, 0, 0, 0, 0, 0, 0, 0, 0, 0
Screen-Shot-2023-07-15-at-11-43-26-PM_png_jpg.rf.8589c95df23191fb5d128e9d69b71789.jpg, 0, 0, 0, 0, 0, 0, 0, 0, 0, 0, 0, 0, 0, 0, 0, 0, 0, 0, 0, 0, 0, 0, 1, 0, 0, 0, 0, 0, 0, 0
Screen-Shot-2023-07-16-at-12-00-48-AM_png_jpg.rf.8593435f4f5e5af07fa96842f51ed0e6.jpg, 0, 0, 0, 0, 0, 0, 0, 0, 0, 0, 0, 0, 0, 0, 0, 0, 0, 0, 0, 0, 0, 0, 0, 0, 0, 0, 0, 0, 1, 0
Screen-Shot-2023-07-17-at-12-10-02-AM_png_jpg.rf.8692a0cd1f6c9c4eca9627ee1d387b2e.jpg, 0, 0, 0, 0, 0, 0, 0, 0, 0, 0, 0, 0, 0, 0, 0, 0, 0, 0, 0, 1, 0, 0, 0, 0, 0, 0, 0, 0, 0, 0
Screen-Shot-2023-07-16-at-12-10-37-AM_png_jpg.rf.85b620300b9ed8942b87c031ac2c4106.jpg, 0, 0, 0, 0, 0, 0, 0, 0, 0, 0, 0, 0, 0, 0, 0, 0, 0, 0, 0, 0, 1, 0, 0, 0, 0, 0, 0, 0, 0, 0
Screen-Shot-2023-07-16-at-12-07-08-AM_png_jpg.rf.85f1c1848d57c6d5e0f0074e8ba77f13.jpg, 0, 0, 0, 0, 1, 0, 0, 0, 0, 0, 0, 0, 0, 0, 0, 0, 0, 0, 0, 0, 0, 0, 0, 0, 0, 0, 0, 0, 0, 0
Screen-Shot-2023-07-16-at-12-16-54-PM_png_jpg.rf.8551c1c4d34cf3731bb4134b94180a87.jpg, 0, 0, 0, 0, 0, 0, 0, 0, 0, 0, 0, 0, 0, 0, 0, 0, 0, 0, 1, 0, 0, 0, 0, 0, 0, 0, 0, 0, 0, 0
Screen-Shot-2023-07-17-at-12-09-06-AM_png_jpg.rf.86675409efbc2fde81d32a6ab677a25e.jpg, 0, 0, 0, 0, 0, 0, 0, 0, 0, 0, 0, 0, 0, 0, 0, 0, 0, 1, 0, 0, 0, 0, 0, 0, 0, 0, 0, 0, 0, 0
m1-JPG19whs_jpg.rf.864a43368dfd67164c25d56c2118ad5c.jpg, 0, 0, 0, 0, 0, 0, 0, 0, 0, 0, 0, 0, 0, 0, 1, 0, 0, 0, 0, 0, 0, 0, 0, 0, 0, 0, 0, 0, 0, 0
u1-JPG14dim_jpg.rf.85b9f31b2942d9354f8e6f08842e9806.jpg, 0, 0, 0, 0, 0, 0, 0, 0, 0, 0, 0, 0, 0, 0, 0, 0, 0, 0, 0, 0, 0, 0, 0, 0, 1, 0, 0, 0, 0, 0
x1-JPG18whs_jpg.rf.865615725424feae99bf329a38380cd4.jpg, 0, 0, 0, 0, 0, 0, 0, 0, 0, 0, 0, 0, 0, 0, 0, 0, 0, 0, 0, 0, 0, 0, 0, 0, 0, 0, 0, 1, 0, 0
g1-JPG4dim_jpg.rf.86c61ee5e03df677c1f97c3a0feb7956.jpg, 0, 0, 0, 0, 0, 0, 0, 0, 1, 0, 0, 0, 0, 0, 0, 0, 0, 0, 0, 0, 0, 0, 0, 0, 0, 0, 0, 0, 0, 0
Screen-Shot-2023-07-16-at-12-03-05-AM_png_jpg.rf.86e08e397e334794038940dcb718b405.jpg, 0, 0, 0, 0, 0, 0, 0, 0, 0, 0, 0, 0, 0, 0, 0, 0, 0, 0, 0, 0, 0, 0, 0, 0, 0, 0, 0, 0, 0, 1
c1-JPG6whs_jpg.rf.84f44d5cd9aded04a51de1b1116c81f9.jpg, 0, 0, 0, 1, 0, 0, 0, 0, 0, 0, 0, 0, 0, 0, 0, 0, 0, 0, 0, 0, 0, 0, 0, 0, 0, 0, 0, 0, 0, 0
Screen-Shot-2023-07-15-at-11-00-27-PM_png_jpg.rf.83d9d3505e9954ff17a41820799e2c53.jpg, 0, 0, 0, 1, 0, 0, 0, 0, 0, 0, 0, 0, 0, 0, 0, 0, 0, 0, 0, 0, 0, 0, 0, 0, 0, 0, 0, 0, 0, 0
Screen-Shot-2023-07-11-at-12-28-38-PM_png_jpg.rf.8580b0d9925452083cb73ccbc0537628.jpg, 0, 0, 0, 0, 1, 0, 0, 0, 0, 0, 0, 0, 0, 0, 0, 0, 0, 0, 0, 0, 0, 0, 0, 0, 0, 0, 0, 0, 0, 0
Screen-Shot-2023-07-15-at-11-31-58-PM_png_jpg.rf.869acc443086b25b4beaa603b3594e53.jpg, 0, 0, 0, 0, 0, 0, 0, 0, 0, 0, 0, 0, 0, 0, 0, 0, 1, 0, 0, 0, 0, 0, 0, 0, 0, 0, 0, 0, 0, 0
h1-JPG13rot_jpg.rf.858fdfda05e7200a1eef9e1fbcec3beb.jpg, 0, 0, 0, 0, 0, 0, 0, 0, 0, 1, 0, 0, 0, 0, 0, 0, 0, 0, 0, 0, 0, 0, 0, 0, 0, 0, 0, 0, 0, 0
Screen-Shot-2023-07-16-at-12-10-32-AM_png.rf.872f01c36007f07b90fc117ed061a223.jpg, 0, 0, 0, 0, 0, 0, 0, 0, 0, 0, 0, 0, 0, 0, 0, 0, 0, 0, 0, 0, 1, 0, 0, 0, 0, 0, 0, 0, 0, 0
Screen-Shot-2023-07-17-at-12-11-01-AM_png_jpg.rf.8721e16f5da06a21b7a50a0ec1de4ce5.jpg, 0, 0, 0, 0, 0, 0, 0, 0, 0, 0, 0, 0, 0, 0, 0, 0, 0, 0, 0, 0, 0, 1, 0, 0, 0, 0, 0, 0, 0, 0
Screen-Shot-2023-07-15-at-10-47-56-PM_png_jpg.rf.87130c993f8bf77152f3c148d9bce03f.jpg, 0, 0, 0, 1, 0, 0, 0, 0, 0, 0, 0, 0, 0, 0, 0, 0, 0, 0, 0, 0, 0, 0, 0, 0, 0, 0, 0, 0, 0, 0
Screen-Shot-2023-07-17-at-12-11-33-AM_png_jpg.rf.8611dd341e3ca4a4fc18dbb339995697.jpg, 0, 0, 0, 0, 0, 0, 0, 0, 0, 0, 0, 0, 0, 0, 0, 0, 0, 0, 0, 0, 0, 1, 0, 0, 0, 0, 0, 0, 0, 0
Screen-Shot-2023-07-15-at-11-56-39-PM_png_jpg.rf.872106a9519b608a2de0bd1e51b46ca5.jpg, 0, 0, 0, 0, 0, 0, 0, 0, 0, 0, 0, 0, 0, 0, 0, 0, 0, 0, 0, 0, 0, 0, 0, 0, 0, 0, 1, 0, 0, 0
Screen-Shot-2023-07-17-at-12-18-54-AM_png_jpg.rf.87045aefc2be99caeb2f1b35329de063.jpg, 0, 0, 0, 0, 0, 0, 0, 0, 0, 0, 0, 0, 0, 0, 0, 0, 0, 0, 0, 0, 0, 0, 0, 0, 0, 0, 0, 0, 0, 1
Screen-Shot-2023-07-15-at-11-08-01-PM_png_jpg.rf.875d584c82cc5e92297e6c7c901098ea.jpg, 0, 0, 0, 0, 0, 0, 0, 0, 1, 0, 0, 0, 0, 0, 0, 0, 0, 0, 0, 0, 0, 0, 0, 0, 0, 0, 0, 0, 0, 0
Screen-Shot-2023-07-15-at-11-56-33-PM_png_jpg.rf.8563e86207bad07409fd0ab84fdee414.jpg, 0, 0, 0, 0, 0, 0, 0, 0, 0, 0, 0, 0, 0, 0, 0, 0, 0, 0, 0, 0, 0, 0, 0, 0, 0, 0, 1, 0, 0, 0
Screen-Shot-2023-07-15-at-11-57-50-PM_png_jpg.rf.87eb57f86ce4f1bb83bae2fafa7ea38a.jpg, 0, 0, 0, 0, 0, 0, 0, 0, 0, 0, 0, 0, 0, 0, 0, 0, 0, 0, 0, 0, 0, 0, 0, 0, 0, 0, 1, 0, 0, 0
Screen-Shot-2023-07-17-at-12-15-54-AM_png_jpg.rf.87818a5cdd9f842a1a3ec94d8ed32f07.jpg, 0, 0, 0, 0, 0, 0, 0, 0, 0, 0, 0, 0, 0, 0, 0, 0, 0, 0, 0, 0, 0, 0, 0, 0, 0, 0, 1, 0, 0, 0
y1-JPG4rot_jpg.rf.87b37e8c245b45ae872f1f648880943a.jpg, 0, 0, 0, 0, 0, 0, 0, 0, 0, 0, 0, 0, 0, 0, 0, 0, 0, 0, 0, 0, 0, 0, 0, 0, 0, 0, 0, 0, 1, 0
Screen-Shot-2023-07-15-at-11-34-43-PM_png_jpg.rf.877e98b34403db3249755b6c45380f45.jpg, 0, 0, 0, 0, 0, 0, 0, 0, 0, 0, 0, 0, 0, 0, 0, 0, 0, 0, 0, 1, 0, 0, 0, 0, 0, 0, 0, 0, 0, 0
Screen-Shot-2023-07-17-at-12-18-33-AM_png.rf.876b324f9c22ef026f5d49507890ee71.jpg, 0, 0, 0, 0, 0, 0, 0, 0, 0, 0, 0, 0, 0, 0, 0, 0, 0, 0, 0, 0, 0, 0, 0, 0, 0, 0, 0, 0, 0, 1
Screen-Shot-2023-07-15-at-11-27-15-PM_png_jpg.rf.88a6b5326bc94b36b60c9ad68209ca35.jpg, 0, 0, 0, 0, 0, 0, 0, 0, 0, 0, 0, 0, 0, 0, 0, 1, 0, 0, 0, 0, 0, 0, 0, 0, 0, 0, 0, 0, 0, 0
Screen-Shot-2023-07-16-at-12-03-05-AM_png_jpg.rf.87ffc5fcf740915d5fdfc693cd93c3d6.jpg, 0, 0, 0, 0, 0, 0, 0, 0, 0, 0, 0, 0, 0, 0, 0, 0, 0, 0, 0, 0, 0, 0, 0, 0, 0, 0, 0, 0, 0, 1
Screen-Shot-2023-07-15-at-11-45-02-PM_png_jpg.rf.881e6887905a3f3e23e2b867a785e367.jpg, 0, 0, 0, 0, 0, 0, 0, 0, 0, 0, 0, 0, 0, 0, 0, 0, 0, 0, 0, 0, 0, 0, 0, 1, 0, 0, 0, 0, 0, 0
u1-JPG17dim_jpg.rf.8847f3b5a27fa939a65ca09e56a860ad.jpg, 0, 0, 0, 0, 0, 0, 0, 0, 0, 0, 0, 0, 0, 0, 0, 0, 0, 0, 0, 0, 0, 0, 0, 0, 1, 0, 0, 0, 0, 0
q1-JPG11whs_jpg.rf.880d76bb37721d9b5939efe57aae0f84.jpg, 0, 0, 0, 0, 0, 0, 0, 0, 0, 0, 0, 0, 0, 0, 0, 0, 0, 0, 0, 1, 0, 0, 0, 0, 0, 0, 0, 0, 0, 0
h1-JPG9whs_jpg.rf.8791788c7be888d3cacd094b5ba7c897.jpg, 0, 0, 0, 0, 0, 0, 0, 0, 0, 1, 0, 0, 0, 0, 0, 0, 0, 0, 0, 0, 0, 0, 0, 0, 0, 0, 0, 0, 0, 0
Screen-Shot-2023-07-16-at-11-46-11-PM_png_jpg.rf.88442ff9debc4320fb031b4ada3ea91e.jpg, 0, 1, 0, 0, 0, 0, 0, 0, 0, 0, 0, 0, 0, 0, 0, 0, 0, 0, 0, 0, 0, 0, 0, 0, 0, 0, 0, 0, 0, 0
a1-JPG18dim_jpg.rf.88e264e6f9b763f3df14cd49d9744681.jpg, 0, 1, 0, 0, 0, 0, 0, 0, 0, 0, 0, 0, 0, 0, 0, 0, 0, 0, 0, 0, 0, 0, 0, 0, 0, 0, 0, 0, 0, 0
m1-JPG0rot_jpg.rf.8880defa0d22df8bd0cff7e720e88ca0.jpg, 0, 0, 0, 0, 0, 0, 0, 0, 0, 0, 0, 0, 0, 0, 1, 0, 0, 0, 0, 0, 0, 0, 0, 0, 0, 0, 0, 0, 0, 0
Screen-Shot-2023-07-15-at-11-41-47-PM_png_jpg.rf.878dca9ad6ac71350267461fd70e213f.jpg, 0, 0, 0, 0, 0, 0, 0, 0, 0, 0, 0, 0, 0, 0, 0, 0, 0, 0, 0, 0, 0, 1, 0, 0, 0, 0, 0, 0, 0, 0
Screen-Shot-2023-07-17-at-12-20-33-AM_png_jpg.rf.8825c9318cbd872df3cb81a0c7f06c35.jpg, 0, 0, 0, 0, 1, 0, 0, 0, 0, 0, 0, 0, 0, 0, 0, 0, 0, 0, 0, 0, 0, 0, 0, 0, 0, 0, 0, 0, 0, 0
m1-JPG7dim_jpg.rf.8768eab52ce1056563d50d7a3323e927.jpg, 0, 0, 0, 0, 0, 0, 0, 0, 0, 0, 0, 0, 0, 0, 1, 0, 0, 0, 0, 0, 0, 0, 0, 0, 0, 0, 0, 0, 0, 0
Screen-Shot-2023-07-15-at-11-41-55-PM_png_jpg.rf.88e2ba49008ee979b352a84251c62769.jpg, 0, 0, 0, 0, 0, 0, 0, 0, 0, 0, 0, 0, 0, 0, 0, 0, 0, 0, 0, 0, 0, 1, 0, 0, 0, 0, 0, 0, 0, 0
Screen-Shot-2023-07-15-at-10-52-31-PM_png_jpg.rf.899f45b1c0522a8edb371004773b5844.jpg, 0, 0, 0, 0, 0, 0, 0, 1, 0, 0, 0, 0, 0, 0, 0, 0, 0, 0, 0, 0, 0, 0, 0, 0, 0, 0, 0, 0, 0, 0
Screen-Shot-2023-07-11-at-12-28-38-PM_png_jpg.rf.88533674f93f0ee2770df43033ece769.jpg, 0, 0, 0, 0, 1, 0, 0, 0, 0, 0, 0, 0, 0, 0, 0, 0, 0, 0, 0, 0, 0, 0, 0, 0, 0, 0, 0, 0, 0, 0
Screen-Shot-2023-07-15-at-11-59-05-PM_png_jpg.rf.89201518f8339fbde8544703fb5989c7.jpg, 0, 0, 0, 0, 0, 0, 0, 0, 0, 0, 0, 0, 0, 0, 0, 0, 0, 0, 0, 0, 0, 0, 0, 0, 0, 0, 0, 1, 0, 0
Screen-Shot-2023-07-15-at-11-08-17-PM_png_jpg.rf.87f0f965d119f07c869911e9e1bbea3c.jpg, 0, 0, 0, 0, 0, 0, 0, 0, 1, 0, 0, 0, 0, 0, 0, 0, 0, 0, 0, 0, 0, 0, 0, 0, 0, 0, 0, 0, 0, 0
Screen-Shot-2023-07-17-at-12-12-46-AM_png.rf.86a0552c372fc6053a5ea0581475e7c0.jpg, 0, 0, 0, 0, 0, 0, 0, 0, 0, 0, 0, 0, 0, 0, 0, 0, 0, 0, 0, 0, 0, 0, 0, 1, 0, 0, 0, 0, 0, 0
k1-JPG19dim_jpg.rf.899ec9830db89420b27fe0829a43d23a.jpg, 0, 0, 0, 0, 0, 0, 0, 0, 0, 0, 0, 0, 1, 0, 0, 0, 0, 0, 0, 0, 0, 0, 0, 0, 0, 0, 0, 0, 0, 0
Screen-Shot-2023-07-11-at-12-28-23-PM_png_jpg.rf.895ba3ffa59338cd8ad1d711853f836c.jpg, 0, 0, 0, 0, 0, 0, 0, 0, 0, 0, 0, 0, 0, 0, 0, 0, 0, 0, 1, 0, 0, 0, 0, 0, 0, 0, 0, 0, 0, 0
i1-JPG3whs_jpg.rf.883a4ca9b521a8fc370687a0fb936966.jpg, 1, 0, 0, 0, 0, 0, 0, 0, 0, 0, 0, 0, 0, 0, 0, 0, 0, 0, 0, 0, 0, 0, 0, 0, 0, 0, 0, 0, 0, 0
Screen-Shot-2023-07-15-at-11-10-29-PM_png_jpg.rf.88d36aab6bba9c7fdc4d85666fbe638a.jpg, 0, 0, 0, 0, 0, 0, 0, 0, 0, 1, 0, 0, 0, 0, 0, 0, 0, 0, 0, 0, 0, 0, 0, 0, 0, 0, 0, 0, 0, 0
Screen-Shot-2023-07-16-at-12-03-47-AM_png_jpg.rf.8812c5717db0a30a5d5800c5da1ad58e.jpg, 0, 0, 0, 0, 0, 0, 0, 0, 0, 0, 0, 0, 0, 0, 0, 0, 0, 0, 0, 0, 0, 0, 0, 0, 0, 0, 0, 0, 0, 1
Screen-Shot-2023-07-17-at-12-11-15-AM_png_jpg.rf.86bc79bb76e6647b74d00754f2d36e88.jpg, 0, 0, 0, 0, 0, 0, 0, 0, 0, 0, 0, 0, 0, 0, 0, 0, 0, 0, 0, 0, 0, 1, 0, 0, 0, 0, 0, 0, 0, 0
p1-JPG7dim_jpg.rf.89f9dab4f91156ea663e1dd6217b2849.jpg, 0, 0, 0, 0, 0, 0, 0, 0, 0, 0, 0, 0, 0, 0, 0, 0, 0, 1, 0, 0, 0, 0, 0, 0, 0, 0, 0, 0, 0, 0
Screen-Shot-2023-07-15-at-11-55-36-PM_png_jpg.rf.89e1ccc8b438a913f32f51afe7e8a6fe.jpg, 0, 0, 0, 0, 0, 0, 0, 0, 0, 0, 0, 0, 0, 0, 0, 0, 0, 0, 0, 0, 0, 0, 0, 0, 0, 1, 0, 0, 0, 0
Screen-Shot-2023-07-17-at-12-11-59-AM_png_jpg.rf.891fa6c45b59a5652b6bc5c6dc714564.jpg, 0, 0, 0, 0, 0, 0, 0, 0, 0, 0, 0, 0, 0, 0, 0, 0, 0, 0, 0, 0, 0, 0, 1, 0, 0, 0, 0, 0, 0, 0
s1-JPG19whs_jpg.rf.89fdca1b93717f435f4691a99bfdde8a.jpg, 0, 0, 0, 0, 0, 0, 0, 0, 0, 0, 0, 0, 0, 0, 0, 0, 0, 0, 0, 0, 0, 0, 1, 0, 0, 0, 0, 0, 0, 0
m1-JPG17dim_jpg.rf.893a31b83a85b6cdc9b70a38eedf5b1d.jpg, 0, 0, 0, 0, 0, 0, 0, 0, 0, 0, 0, 0, 0, 0, 1, 0, 0, 0, 0, 0, 0, 0, 0, 0, 0, 0, 0, 0, 0, 0
Screen-Shot-2023-07-17-at-12-22-44-AM_png_jpg.rf.8918374243e6a1ad88c5b39025eb999c.jpg, 0, 0, 0, 0, 0, 0, 0, 0, 0, 0, 0, 0, 0, 0, 0, 0, 0, 0, 0, 0, 1, 0, 0, 0, 0, 0, 0, 0, 0, 0
Screen-Shot-2023-07-17-at-12-14-27-AM_png_jpg.rf.8a189195703a7b996daffc537f76ddaf.jpg, 0, 0, 0, 0, 0, 0, 0, 0, 0, 0, 0, 0, 0, 0, 0, 0, 0, 0, 0, 0, 0, 0, 0, 0, 0, 1, 0, 0, 0, 0
Screen-Shot-2023-07-16-at-11-47-02-PM_png_jpg.rf.8a0176b9b37daebb0096a2aa85870484.jpg, 0, 0, 1, 0, 0, 0, 0, 0, 0, 0, 0, 0, 0, 0, 0, 0, 0, 0, 0, 0, 0, 0, 0, 0, 0, 0, 0, 0, 0, 0
Screen-Shot-2023-07-17-at-12-07-14-AM_png_jpg.rf.8a21d42c187d91399dea0885f4632486.jpg, 0, 0, 0, 0, 0, 0, 0, 0, 0, 0, 0, 0, 0, 0, 0, 1, 0, 0, 0, 0, 0, 0, 0, 0, 0, 0, 0, 0, 0, 0
f1-JPG15dim_jpg.rf.8a3fdc0d928748c067879d005e9ea365.jpg, 0, 0, 0, 0, 0, 0, 0, 1, 0, 0, 0, 0, 0, 0, 0, 0, 0, 0, 0, 0, 0, 0, 0, 0, 0, 0, 0, 0, 0, 0
Screen-Shot-2023-07-15-at-11-36-13-PM_png_jpg.rf.8ad26d8b49fe55dc116d793e4240863f.jpg, 0, 0, 0, 0, 0, 0, 0, 0, 0, 0, 0, 0, 0, 0, 0, 0, 0, 0, 0, 1, 0, 0, 0, 0, 0, 0, 0, 0, 0, 0
q1-JPG2whs_jpg.rf.8aa3d591a66ce9df8ad37e75c61aad20.jpg, 0, 0, 0, 0, 0, 0, 0, 0, 0, 0, 0, 0, 0, 0, 0, 0, 0, 0, 0, 1, 0, 0, 0, 0, 0, 0, 0, 0, 0, 0
Screen-Shot-2023-07-15-at-11-10-29-PM_png_jpg.rf.8a3c9b61b88d9fad7d8694ec1b5467b3.jpg, 0, 0, 0, 0, 0, 0, 0, 0, 0, 1, 0, 0, 0, 0, 0, 0, 0, 0, 0, 0, 0, 0, 0, 0, 0, 0, 0, 0, 0, 0
Screen-Shot-2023-07-16-at-12-10-37-AM_png_jpg.rf.8a8b979bbe01a38dfcbb6eca815d1056.jpg, 0, 0, 0, 0, 0, 0, 0, 0, 0, 0, 0, 0, 0, 0, 0, 0, 0, 0, 0, 0, 1, 0, 0, 0, 0, 0, 0, 0, 0, 0
Screen-Shot-2023-07-15-at-11-28-48-PM_png_jpg.rf.8acf7e011ad6719c1463c9f925f2adf4.jpg, 0, 0, 0, 0, 0, 0, 0, 0, 0, 0, 0, 0, 0, 0, 0, 0, 1, 0, 0, 0, 0, 0, 0, 0, 0, 0, 0, 0, 0, 0
Screen-Shot-2023-07-16-at-12-03-29-AM_png_jpg.rf.872f65dc2c1b957a1559c3a3d808dcb8.jpg, 0, 0, 0, 0, 0, 0, 0, 0, 0, 0, 0, 0, 0, 0, 0, 0, 0, 0, 0, 0, 0, 0, 0, 0, 0, 0, 0, 0, 0, 1
Screen-Shot-2023-07-15-at-11-18-42-PM_png.rf.8a2e0619a119a50a3251cd4112ee728b.jpg, 0, 0, 0, 0, 0, 0, 0, 0, 0, 0, 0, 0, 1, 0, 0, 0, 0, 0, 0, 0, 0, 0, 0, 0, 0, 0, 0, 0, 0, 0
r1-JPG6whs_jpg.rf.8a641da4fcc34be9777aa67d8c7a6b2c.jpg, 0, 0, 0, 0, 0, 0, 0, 0, 0, 0, 0, 0, 0, 0, 0, 0, 0, 0, 0, 0, 0, 1, 0, 0, 0, 0, 0, 0, 0, 0
Screen-Shot-2023-07-15-at-11-31-17-PM_png.rf.8a7730fbdb5615d4c83b7c4dd2379d8d.jpg, 0, 0, 0, 0, 0, 0, 0, 0, 0, 0, 0, 0, 0, 0, 0, 0, 1, 0, 0, 0, 0, 0, 0, 0, 0, 0, 0, 0, 0, 0
Screen-Shot-2023-07-15-at-11-58-03-PM_png_jpg.rf.8af807613aa15839d7251b9e072588b2.jpg, 0, 0, 0, 0, 0, 0, 0, 0, 0, 0, 0, 0, 0, 0, 0, 0, 0, 0, 0, 0, 0, 0, 0, 0, 0, 0, 1, 0, 0, 0
Screen-Shot-2023-07-17-at-12-19-19-AM_png_jpg.rf.8ab068f61f079f9939da999cc1797e5d.jpg, 0, 0, 0, 0, 1, 0, 0, 0, 0, 0, 0, 0, 0, 0, 0, 0, 0, 0, 0, 0, 0, 0, 0, 0, 0, 0, 0, 0, 0, 0
Screen-Shot-2023-07-16-at-12-03-09-AM_png_jpg.rf.8968e687fff3a4d629c7d16c87dd08b6.jpg, 0, 0, 0, 0, 0, 0, 0, 0, 0, 0, 0, 0, 0, 0, 0, 0, 0, 0, 0, 0, 0, 0, 0, 0, 0, 0, 0, 0, 0, 1
Screen-Shot-2023-07-17-at-12-09-02-AM_png_jpg.rf.8ad24509940ad7383042571471d02652.jpg, 0, 0, 0, 0, 0, 0, 0, 0, 0, 0, 0, 0, 0, 0, 0, 0, 0, 1, 0, 0, 0, 0, 0, 0, 0, 0, 0, 0, 0, 0
Screen-Shot-2023-07-15-at-11-44-36-PM_png_jpg.rf.8b15fd183eb4d9713260739e97ebc197.jpg, 0, 0, 0, 0, 0, 0, 0, 0, 0, 0, 0, 0, 0, 0, 0, 0, 0, 0, 0, 0, 0, 0, 0, 1, 0, 0, 0, 0, 0, 0
i1-JPG1dim_jpg.rf.8a6d2bf47791ac92d1140e6a45760845.jpg, 0, 0, 0, 0, 0, 0, 0, 0, 0, 0, 1, 0, 0, 0, 0, 0, 0, 0, 0, 0, 0, 0, 0, 0, 0, 0, 0, 0, 0, 0
o1-JPG13whs_jpg.rf.8ae74c8a8d18d3933d992f3463edff23.jpg, 0, 0, 0, 0, 0, 0, 0, 0, 0, 0, 0, 0, 0, 0, 0, 0, 1, 0, 0, 0, 0, 0, 0, 0, 0, 0, 0, 0, 0, 0
Screen-Shot-2023-07-15-at-11-46-38-PM_png_jpg.rf.8b8aff3f1e817e24fa2470afb72ed775.jpg, 0, 0, 0, 0, 0, 0, 0, 0, 0, 0, 0, 0, 0, 0, 0, 0, 0, 0, 0, 0, 0, 0, 0, 1, 0, 0, 0, 0, 0, 0
Screen-Shot-2023-07-16-at-11-46-19-PM_png_jpg.rf.8b9fe1c9d01442efb82de0030f019724.jpg, 0, 1, 0, 0, 0, 0, 0, 0, 0, 0, 0, 0, 0, 0, 0, 0, 0, 0, 0, 0, 0, 0, 0, 0, 0, 0, 0, 0, 0, 0
Screen-Shot-2023-07-15-at-11-17-36-PM_png_jpg.rf.8b9865954e20a7e7f18205db2c3385b0.jpg, 0, 0, 0, 0, 0, 0, 0, 0, 0, 0, 0, 0, 1, 0, 0, 0, 0, 0, 0, 0, 0, 0, 0, 0, 0, 0, 0, 0, 0, 0
Screen-Shot-2023-07-17-at-12-07-14-AM_png_jpg.rf.8ba38b648083b9db3e5e42c19abe0527.jpg, 0, 0, 0, 0, 0, 0, 0, 0, 0, 0, 0, 0, 0, 0, 0, 1, 0, 0, 0, 0, 0, 0, 0, 0, 0, 0, 0, 0, 0, 0
Screen-Shot-2023-07-16-at-12-08-18-AM_png_jpg.rf.8ceb67934c997b9070b6da3cc7632224.jpg, 0, 0, 0, 0, 0, 0, 0, 0, 0, 0, 0, 0, 0, 0, 0, 0, 0, 0, 0, 0, 1, 0, 0, 0, 0, 0, 0, 0, 0, 0
Screen-Shot-2023-07-15-at-11-15-09-PM_png_jpg.rf.8ccfc6a79db62920dd63fb877a352f8f.jpg, 0, 0, 0, 0, 0, 0, 0, 0, 0, 0, 0, 1, 0, 0, 0, 0, 0, 0, 0, 0, 0, 0, 0, 0, 0, 0, 0, 0, 0, 0
Screen-Shot-2023-07-15-at-11-58-18-PM_png.rf.8bec6d5ae64364b2d23b7d83a776fa8a.jpg, 0, 0, 0, 0, 0, 0, 0, 0, 0, 0, 0, 0, 0, 0, 0, 0, 0, 0, 0, 0, 0, 0, 0, 0, 0, 0, 0, 1, 0, 0
h1-JPG7dim_jpg.rf.8c75de4537e1806967ae653697ae4ed7.jpg, 0, 0, 0, 0, 0, 0, 0, 0, 0, 1, 0, 0, 0, 0, 0, 0, 0, 0, 0, 0, 0, 0, 0, 0, 0, 0, 0, 0, 0, 0
Screen-Shot-2023-07-15-at-11-42-20-PM_png_jpg.rf.8cbe9e77ee2e3fea93038cb2eafc2586.jpg, 0, 0, 0, 0, 0, 0, 0, 0, 0, 0, 0, 0, 0, 0, 0, 0, 0, 0, 0, 0, 0, 0, 1, 0, 0, 0, 0, 0, 0, 0
Screen-Shot-2023-07-15-at-11-54-36-PM_png_jpg.rf.8bd298b414175977d661dcecc42d6af2.jpg, 0, 0, 0, 0, 0, 0, 0, 0, 0, 0, 0, 0, 0, 0, 0, 0, 0, 0, 0, 0, 0, 0, 0, 0, 0, 1, 0, 0, 0, 0
Screen-Shot-2023-07-16-at-12-16-27-PM_png_jpg.rf.8c8163024bde301ffd24a4860fb417eb.jpg, 0, 0, 0, 0, 0, 0, 0, 0, 0, 0, 0, 0, 0, 0, 0, 0, 0, 0, 1, 0, 0, 0, 0, 0, 0, 0, 0, 0, 0, 0
Screen-Shot-2023-07-15-at-11-41-13-PM_png_jpg.rf.8bfa24c718ce66457eb8f112f54c06d1.jpg, 0, 0, 0, 0, 0, 0, 0, 0, 0, 0, 0, 0, 0, 0, 0, 0, 0, 0, 0, 0, 0, 1, 0, 0, 0, 0, 0, 0, 0, 0
Screen-Shot-2023-07-17-at-12-00-35-AM_png_jpg.rf.8adacfc551bad4aa27c157f04fc79260.jpg, 0, 0, 0, 0, 0, 0, 0, 0, 0, 0, 1, 0, 0, 0, 0, 0, 0, 0, 0, 0, 0, 0, 0, 0, 0, 0, 0, 0, 0, 0
Screen-Shot-2023-07-15-at-10-56-29-PM_png_jpg.rf.8d133d16cf3e5646d85caa0c4bbf46ec.jpg, 0, 1, 0, 0, 0, 0, 0, 0, 0, 0, 0, 0, 0, 0, 0, 0, 0, 0, 0, 0, 0, 0, 0, 0, 0, 0, 0, 0, 0, 0
s1-JPG10dim_jpg.rf.8ca250d1c2e7a1da80b3e0f5da4daba5.jpg, 0, 0, 0, 0, 0, 0, 0, 0, 0, 0, 0, 0, 0, 0, 0, 0, 0, 0, 0, 0, 0, 0, 1, 0, 0, 0, 0, 0, 0, 0
t1-JPG17rot_jpg.rf.8d42f0dcc04e30f49637fed2a286df0c.jpg, 0, 0, 0, 0, 0, 0, 0, 0, 0, 0, 0, 0, 0, 0, 0, 0, 0, 0, 0, 0, 0, 0, 0, 1, 0, 0, 0, 0, 0, 0
Screen-Shot-2023-07-16-at-11-46-48-PM_png_jpg.rf.8d2d14f69cb46ce9e02c2ffa4bb17a57.jpg, 0, 0, 1, 0, 0, 0, 0, 0, 0, 0, 0, 0, 0, 0, 0, 0, 0, 0, 0, 0, 0, 0, 0, 0, 0, 0, 0, 0, 0, 0
z1-JPG0rot_jpg.rf.8d6650fa90e7c53af7cd6288be428721.jpg, 0, 0, 0, 0, 0, 0, 0, 0, 0, 0, 0, 0, 0, 0, 0, 0, 0, 0, 0, 0, 0, 0, 0, 0, 0, 0, 0, 0, 0, 1
Screen-Shot-2023-07-15-at-11-14-48-PM-copy_png_jpg.rf.8b4938c2c99d76f5c6a0dda96a295d80.jpg, 0, 0, 0, 0, 0, 0, 0, 0, 0, 0, 0, 1, 0, 0, 0, 0, 0, 0, 0, 0, 0, 0, 0, 0, 0, 0, 0, 0, 0, 0
Screen-Shot-2023-07-15-at-11-45-02-PM_png_jpg.rf.8d39b7167985fdf735b5771e2339c3b1.jpg, 0, 0, 0, 0, 0, 0, 0, 0, 0, 0, 0, 0, 0, 0, 0, 0, 0, 0, 0, 0, 0, 0, 0, 1, 0, 0, 0, 0, 0, 0
Screen-Shot-2023-07-16-at-11-55-22-PM_png_jpg.rf.8cb67292171fc3a4f22bae5da8231432.jpg, 0, 0, 0, 0, 0, 0, 1, 0, 0, 0, 0, 0, 0, 0, 0, 0, 0, 0, 0, 0, 0, 0, 0, 0, 0, 0, 0, 0, 0, 0
c1-JPG12dim_jpg.rf.8c7fb367d174c13a864fdc999e3296c9.jpg, 0, 0, 0, 1, 0, 0, 0, 0, 0, 0, 0, 0, 0, 0, 0, 0, 0, 0, 0, 0, 0, 0, 0, 0, 0, 0, 0, 0, 0, 0
Screen-Shot-2023-07-15-at-10-59-30-PM_png_jpg.rf.8d12e43f2baaaaba66896cc68fad5dc9.jpg, 0, 0, 1, 0, 0, 0, 0, 0, 0, 0, 0, 0, 0, 0, 0, 0, 0, 0, 0, 0, 0, 0, 0, 0, 0, 0, 0, 0, 0, 0
Screen-Shot-2023-07-17-at-12-01-18-AM_png_jpg.rf.8d829438c4059d3d218df499097197df.jpg, 0, 0, 0, 0, 0, 0, 0, 0, 0, 0, 0, 1, 0, 0, 0, 0, 0, 0, 0, 0, 0, 0, 0, 0, 0, 0, 0, 0, 0, 0
Screen-Shot-2023-07-15-at-10-51-36-PM_png_jpg.rf.8deb8372319991978ebc60ba018b4fbf.jpg, 0, 0, 0, 0, 0, 0, 0, 1, 0, 0, 0, 0, 0, 0, 0, 0, 0, 0, 0, 0, 0, 0, 0, 0, 0, 0, 0, 0, 0, 0
Screen-Shot-2023-07-15-at-10-54-55-PM_png_jpg.rf.8d1b4b9a1f8c5f927fe9c665eefef4d4.jpg, 0, 1, 0, 0, 0, 0, 0, 0, 0, 0, 0, 0, 0, 0, 0, 0, 0, 0, 0, 0, 0, 0, 0, 0, 0, 0, 0, 0, 0, 0
u1-JPG18rot_jpg.rf.8e0a828db6a3f56f609e58d2cc1dc421.jpg, 0, 0, 0, 0, 0, 0, 0, 0, 0, 0, 0, 0, 0, 0, 0, 0, 0, 0, 0, 0, 0, 0, 0, 0, 1, 0, 0, 0, 0, 0
Screen-Shot-2023-07-15-at-11-05-10-PM_png_jpg.rf.8e5f5cbfcab9ff5ab06847011eff846a.jpg, 0, 0, 0, 0, 0, 0, 1, 0, 0, 0, 0, 0, 0, 0, 0, 0, 0, 0, 0, 0, 0, 0, 0, 0, 0, 0, 0, 0, 0, 0
Screen-Shot-2023-07-15-at-11-32-26-PM_png_jpg.rf.8ea217669eb9c3fb72efc66eb6eb2b14.jpg, 0, 0, 0, 0, 0, 0, 0, 0, 0, 0, 0, 0, 0, 0, 0, 0, 1, 0, 0, 0, 0, 0, 0, 0, 0, 0, 0, 0, 0, 0
Screen-Shot-2023-07-15-at-11-27-07-PM_png.rf.8f001c38e7501b858a17bff8ca8ac52f.jpg, 0, 0, 0, 0, 0, 0, 0, 0, 0, 0, 0, 0, 0, 0, 0, 1, 0, 0, 0, 0, 0, 0, 0, 0, 0, 0, 0, 0, 0, 0
j1-JPG15rot_jpg.rf.8dc2bd10354fcb4f468de966c586ecb1.jpg, 0, 0, 0, 0, 0, 0, 0, 0, 0, 0, 0, 1, 0, 0, 0, 0, 0, 0, 0, 0, 0, 0, 0, 0, 0, 0, 0, 0, 0, 0
Screen-Shot-2023-07-15-at-11-44-51-PM_png_jpg.rf.8e8e84e635a2a1728ad231756416a57d.jpg, 0, 0, 0, 0, 0, 0, 0, 0, 0, 0, 0, 0, 0, 0, 0, 0, 0, 0, 0, 0, 0, 0, 0, 1, 0, 0, 0, 0, 0, 0
Screen-Shot-2023-07-15-at-11-44-05-PM_png_jpg.rf.8d47e5a19eaf26a88307936f83a59237.jpg, 0, 0, 0, 0, 0, 0, 0, 0, 0, 0, 0, 0, 0, 0, 0, 0, 0, 0, 0, 0, 0, 0, 1, 0, 0, 0, 0, 0, 0, 0
q1-JPG16rot_jpg.rf.8f61b51d9c09c67a1401b6963c26a0dd.jpg, 0, 0, 0, 0, 0, 0, 0, 0, 0, 0, 0, 0, 0, 0, 0, 0, 0, 0, 0, 1, 0, 0, 0, 0, 0, 0, 0, 0, 0, 0
Screen-Shot-2023-07-15-at-11-22-57-PM_png_jpg.rf.8e63a8a000242effd41b3ae765d3a2da.jpg, 0, 0, 0, 0, 0, 0, 0, 0, 0, 0, 0, 0, 0, 0, 1, 0, 0, 0, 0, 0, 0, 0, 0, 0, 0, 0, 0, 0, 0, 0
Screen-Shot-2023-07-17-at-12-01-26-AM_png_jpg.rf.8f411312356cfaf47f911ca16b191616.jpg, 0, 0, 0, 0, 0, 0, 0, 0, 0, 0, 0, 1, 0, 0, 0, 0, 0, 0, 0, 0, 0, 0, 0, 0, 0, 0, 0, 0, 0, 0
Screen-Shot-2023-07-15-at-10-50-51-PM_png_jpg.rf.8f878528fb1999d85bf34dc4d68d9461.jpg, 0, 0, 0, 0, 0, 0, 0, 1, 0, 0, 0, 0, 0, 0, 0, 0, 0, 0, 0, 0, 0, 0, 0, 0, 0, 0, 0, 0, 0, 0
Screen-Shot-2023-07-15-at-10-51-36-PM_png_jpg.rf.8e1fca11e47d8587b4e0037e9085bb4e.jpg, 0, 0, 0, 0, 0, 0, 0, 1, 0, 0, 0, 0, 0, 0, 0, 0, 0, 0, 0, 0, 0, 0, 0, 0, 0, 0, 0, 0, 0, 0
a1-JPG1dim_jpg.rf.8f54408cc2ccd8615666dbf46a3a8f4e.jpg, 0, 1, 0, 0, 0, 0, 0, 0, 0, 0, 0, 0, 0, 0, 0, 0, 0, 0, 0, 0, 0, 0, 0, 0, 0, 0, 0, 0, 0, 0
Screen-Shot-2023-07-17-at-12-07-06-AM_png_jpg.rf.8e28f259ea3738f5d04b03f9ad16d508.jpg, 0, 0, 0, 0, 0, 0, 0, 0, 0, 0, 0, 0, 0, 0, 0, 1, 0, 0, 0, 0, 0, 0, 0, 0, 0, 0, 0, 0, 0, 0
Screen-Shot-2023-07-16-at-11-52-30-PM_png_jpg.rf.8e4dbe933cfaf463dece3d9b065140dd.jpg, 0, 0, 0, 0, 0, 1, 0, 0, 0, 0, 0, 0, 0, 0, 0, 0, 0, 0, 0, 0, 0, 0, 0, 0, 0, 0, 0, 0, 0, 0
z1-JPG7rot_jpg.rf.8f9f6acb1ebdd3f106381a610da0fd12.jpg, 0, 0, 0, 0, 0, 0, 0, 0, 0, 0, 0, 0, 0, 0, 0, 0, 0, 0, 0, 0, 0, 0, 0, 0, 0, 0, 0, 0, 0, 1
Screen-Shot-2023-07-15-at-10-52-11-PM_png.rf.8d40efc1eccbceba08a90db23cf09b53.jpg, 0, 0, 0, 0, 0, 0, 0, 1, 0, 0, 0, 0, 0, 0, 0, 0, 0, 0, 0, 0, 0, 0, 0, 0, 0, 0, 0, 0, 0, 0
Screen-Shot-2023-07-15-at-11-48-52-PM-copy-2_png_jpg.rf.8f6f8bf61bbe8171b61b9234fc640f36.jpg, 0, 0, 0, 0, 0, 0, 0, 0, 0, 0, 0, 0, 0, 0, 0, 0, 0, 0, 0, 0, 0, 0, 0, 0, 1, 0, 0, 0, 0, 0
Screen-Shot-2023-07-16-at-11-42-48-PM_png_jpg.rf.8fb8b704a5f12fb9d28d12dc07066024.jpg, 0, 1, 0, 0, 0, 0, 0, 0, 0, 0, 0, 0, 0, 0, 0, 0, 0, 0, 0, 0, 0, 0, 0, 0, 0, 0, 0, 0, 0, 0
Screen-Shot-2023-07-16-at-11-58-49-PM_png_jpg.rf.8ef1a4e4ab22a556503b73e108ddabba.jpg, 0, 0, 0, 0, 0, 0, 0, 0, 1, 0, 0, 0, 0, 0, 0, 0, 0, 0, 0, 0, 0, 0, 0, 0, 0, 0, 0, 0, 0, 0
Screen-Shot-2023-07-15-at-11-19-40-PM_png_jpg.rf.8e8cf14862947523f19381a831e39f3a.jpg, 0, 0, 0, 0, 0, 0, 0, 0, 0, 0, 0, 0, 0, 1, 0, 0, 0, 0, 0, 0, 0, 0, 0, 0, 0, 0, 0, 0, 0, 0
h1-JPG13dim_jpg.rf.8efce433eb25917afdeb67b4818c352b.jpg, 0, 0, 0, 0, 0, 0, 0, 0, 0, 1, 0, 0, 0, 0, 0, 0, 0, 0, 0, 0, 0, 0, 0, 0, 0, 0, 0, 0, 0, 0
Screen-Shot-2023-07-15-at-10-58-09-PM_png_jpg.rf.8faf679a5a0053cbb422d97b5c8dc474.jpg, 0, 0, 1, 0, 0, 0, 0, 0, 0, 0, 0, 0, 0, 0, 0, 0, 0, 0, 0, 0, 0, 0, 0, 0, 0, 0, 0, 0, 0, 0
Screen-Shot-2023-07-16-at-11-56-03-PM_png_jpg.rf.8f9ab6c5322d0c1ae59a833b81fda438.jpg, 0, 0, 0, 0, 0, 0, 0, 1, 0, 0, 0, 0, 0, 0, 0, 0, 0, 0, 0, 0, 0, 0, 0, 0, 0, 0, 0, 0, 0, 0
o1-JPG19rot_jpg.rf.9027d412b84b6a95016fecea024f65e4.jpg, 0, 0, 0, 0, 0, 0, 0, 0, 0, 0, 0, 0, 0, 0, 0, 0, 1, 0, 0, 0, 0, 0, 0, 0, 0, 0, 0, 0, 0, 0
d1-JPG11whs_jpg.rf.8fe2f94cb42de345f9fd3ee4864deae3.jpg, 0, 0, 0, 0, 0, 1, 0, 0, 0, 0, 0, 0, 0, 0, 0, 0, 0, 0, 0, 0, 0, 0, 0, 0, 0, 0, 0, 0, 0, 0
Screen-Shot-2023-07-15-at-10-58-29-PM_png_jpg.rf.907df77f3d60dde078e3d64391169036.jpg, 0, 0, 1, 0, 0, 0, 0, 0, 0, 0, 0, 0, 0, 0, 0, 0, 0, 0, 0, 0, 0, 0, 0, 0, 0, 0, 0, 0, 0, 0
Screen-Shot-2023-07-16-at-11-59-14-PM_png.rf.902d0749d0a1b77d6668d51f73da47df.jpg, 0, 0, 0, 0, 0, 0, 0, 0, 0, 1, 0, 0, 0, 0, 0, 0, 0, 0, 0, 0, 0, 0, 0, 0, 0, 0, 0, 0, 0, 0
r1-JPG1dim_jpg.rf.900bf3927aa93013877677e1c0a88fba.jpg, 0, 0, 0, 0, 0, 0, 0, 0, 0, 0, 0, 0, 0, 0, 0, 0, 0, 0, 0, 0, 0, 1, 0, 0, 0, 0, 0, 0, 0, 0
j1-JPG19dim_jpg.rf.908e8e0eb97811968f3d2600857b6643.jpg, 0, 0, 0, 0, 0, 0, 0, 0, 0, 0, 0, 1, 0, 0, 0, 0, 0, 0, 0, 0, 0, 0, 0, 0, 0, 0, 0, 0, 0, 0
Screen-Shot-2023-07-15-at-11-11-51-PM_png_jpg.rf.90a3dc5fd318ce677b97e07807ff7ce9.jpg, 0, 0, 0, 0, 0, 0, 0, 0, 0, 1, 0, 0, 0, 0, 0, 0, 0, 0, 0, 0, 0, 0, 0, 0, 0, 0, 0, 0, 0, 0
Screen-Shot-2023-07-15-at-11-17-50-PM_png_jpg.rf.9002617e231d3744cc01757c729a62e7.jpg, 0, 0, 0, 0, 0, 0, 0, 0, 0, 0, 0, 0, 1, 0, 0, 0, 0, 0, 0, 0, 0, 0, 0, 0, 0, 0, 0, 0, 0, 0
z1-JPG18dim_jpg.rf.8d9dc10a2f47b8ee6ecbf4f450d0bbb6.jpg, 0, 0, 0, 0, 0, 0, 0, 0, 0, 0, 0, 0, 0, 0, 0, 0, 0, 0, 0, 0, 0, 0, 0, 0, 0, 0, 0, 0, 0, 1
Screen-Shot-2023-07-17-at-12-14-27-AM_png_jpg.rf.90308bb2ec58ce143104931de7d85eaa.jpg, 0, 0, 0, 0, 0, 0, 0, 0, 0, 0, 0, 0, 0, 0, 0, 0, 0, 0, 0, 0, 0, 0, 0, 0, 0, 1, 0, 0, 0, 0
j1-JPG15dim_jpg.rf.8fa83833f6094518661c6aaef58dc8c5.jpg, 0, 0, 0, 0, 0, 0, 0, 0, 0, 0, 0, 1, 0, 0, 0, 0, 0, 0, 0, 0, 0, 0, 0, 0, 0, 0, 0, 0, 0, 0
Screen-Shot-2023-07-11-at-12-28-23-PM_png_jpg.rf.913614404b97e0e69738d4257a3a2711.jpg, 0, 0, 0, 0, 0, 0, 0, 0, 0, 0, 0, 0, 0, 0, 0, 0, 0, 0, 1, 0, 0, 0, 0, 0, 0, 0, 0, 0, 0, 0
Screen-Shot-2023-07-17-at-12-12-39-AM_png_jpg.rf.90d060bcb3b888106e32033efa2bd51d.jpg, 0, 0, 0, 0, 0, 0, 0, 0, 0, 0, 0, 0, 0, 0, 0, 0, 0, 0, 0, 0, 0, 0, 0, 1, 0, 0, 0, 0, 0, 0
Screen-Shot-2023-07-15-at-11-23-41-PM_png_jpg.rf.914046bf88039f54cbb1649983a7132c.jpg, 0, 0, 0, 0, 0, 0, 0, 0, 0, 0, 0, 0, 0, 0, 1, 0, 0, 0, 0, 0, 0, 0, 0, 0, 0, 0, 0, 0, 0, 0
Screen-Shot-2023-07-15-at-11-49-13-PM_png_jpg.rf.90c7afc84fc44bea05fe29593a6fd343.jpg, 0, 0, 0, 0, 0, 0, 0, 0, 0, 0, 0, 0, 0, 0, 0, 0, 0, 0, 0, 0, 0, 0, 0, 0, 1, 0, 0, 0, 0, 0
Screen-Shot-2023-07-15-at-11-42-47-PM_png_jpg.rf.9140c2600f59ea1f77f9ec979810b83e.jpg, 0, 0, 0, 0, 0, 0, 0, 0, 0, 0, 0, 0, 0, 0, 0, 0, 0, 0, 0, 0, 0, 0, 1, 0, 0, 0, 0, 0, 0, 0
x1-JPG5dim_jpg.rf.8d523bcc49adc6a3b0f935202742d828.jpg, 0, 0, 0, 0, 0, 0, 0, 0, 0, 0, 0, 0, 0, 0, 0, 0, 0, 0, 0, 0, 0, 0, 0, 0, 0, 0, 0, 1, 0, 0
Screen-Shot-2023-07-15-at-11-22-57-PM_png_jpg.rf.91b6f2f06fe16658856222bdeb8f08d6.jpg, 0, 0, 0, 0, 0, 0, 0, 0, 0, 0, 0, 0, 0, 0, 1, 0, 0, 0, 0, 0, 0, 0, 0, 0, 0, 0, 0, 0, 0, 0
Screen-Shot-2023-07-17-at-12-15-46-AM_png_jpg.rf.91d34ecb8b8fcf3db889bdd48c0ea654.jpg, 0, 0, 0, 0, 0, 0, 0, 0, 0, 0, 0, 0, 0, 0, 0, 0, 0, 0, 0, 0, 0, 0, 0, 0, 0, 0, 1, 0, 0, 0
Screen-Shot-2023-07-15-at-11-43-01-PM_png.rf.91ca45530c06c72295f19a41fb2b6bc0.jpg, 0, 0, 0, 0, 0, 0, 0, 0, 0, 0, 0, 0, 0, 0, 0, 0, 0, 0, 0, 0, 0, 0, 1, 0, 0, 0, 0, 0, 0, 0
Screen-Shot-2023-07-16-at-11-58-12-PM_png_jpg.rf.9194192b04e889e354bb9a0b403e842b.jpg, 0, 0, 0, 0, 0, 0, 0, 0, 1, 0, 0, 0, 0, 0, 0, 0, 0, 0, 0, 0, 0, 0, 0, 0, 0, 0, 0, 0, 0, 0
Screen-Shot-2023-07-15-at-11-48-24-PM_png_jpg.rf.91e2e509433044d253cd895c8d9b4fab.jpg, 0, 0, 0, 0, 0, 0, 0, 0, 0, 0, 0, 0, 0, 0, 0, 0, 0, 0, 0, 0, 0, 0, 0, 0, 1, 0, 0, 0, 0, 0
Screen-Shot-2023-07-15-at-11-33-23-PM_png_jpg.rf.90fed65553490852be6e0c0fd769c158.jpg, 0, 0, 0, 0, 0, 0, 0, 0, 0, 0, 0, 0, 0, 0, 0, 0, 0, 1, 0, 0, 0, 0, 0, 0, 0, 0, 0, 0, 0, 0
Screen-Shot-2023-07-17-at-12-00-56-AM_png_jpg.rf.91f2ade0dbe767f82638f3d30aff4ac2.jpg, 0, 0, 0, 0, 0, 0, 0, 0, 0, 0, 1, 0, 0, 0, 0, 0, 0, 0, 0, 0, 0, 0, 0, 0, 0, 0, 0, 0, 0, 0
f1-JPG17whs_jpg.rf.920410e420097d997288fec009c603d3.jpg, 0, 0, 0, 0, 0, 0, 0, 1, 0, 0, 0, 0, 0, 0, 0, 0, 0, 0, 0, 0, 0, 0, 0, 0, 0, 0, 0, 0, 0, 0
Screen-Shot-2023-07-17-at-12-13-22-AM_png_jpg.rf.921576929cfae51133e980dff1c9a765.jpg, 0, 0, 0, 0, 0, 0, 0, 0, 0, 0, 0, 0, 0, 0, 0, 0, 0, 0, 0, 0, 0, 0, 0, 0, 1, 0, 0, 0, 0, 0
Screen-Shot-2023-07-16-at-12-04-07-AM_png_jpg.rf.91fd456a05ed8b72babb14dac40f24ba.jpg, 0, 0, 0, 0, 0, 0, 0, 0, 0, 0, 0, 0, 0, 0, 0, 0, 0, 0, 0, 0, 0, 0, 0, 0, 0, 0, 0, 0, 0, 1
v1-JPG15rot_jpg.rf.91d92f4974d129e9d026fc6f9f9a6516.jpg, 0, 0, 0, 0, 0, 0, 0, 0, 0, 0, 0, 0, 0, 0, 0, 0, 0, 0, 0, 0, 0, 0, 0, 0, 0, 1, 0, 0, 0, 0
t1-JPG12whs_jpg.rf.91b411f31d15a09cbf7087ffbfd2f48c.jpg, 1, 0, 0, 0, 0, 0, 0, 0, 0, 0, 0, 0, 0, 0, 0, 0, 0, 0, 0, 0, 0, 0, 0, 0, 0, 0, 0, 0, 0, 0
Screen-Shot-2023-07-16-at-12-05-55-AM_png_jpg.rf.92ac2f05a38e2ac493bfb66d2be47647.jpg, 0, 0, 0, 0, 1, 0, 0, 0, 0, 0, 0, 0, 0, 0, 0, 0, 0, 0, 0, 0, 0, 0, 0, 0, 0, 0, 0, 0, 0, 0
Screen-Shot-2023-07-16-at-12-01-16-AM_png.rf.90abb10ea4dd2e84a2a1c6a471be463a.jpg, 0, 0, 0, 0, 0, 0, 0, 0, 0, 0, 0, 0, 0, 0, 0, 0, 0, 0, 0, 0, 0, 0, 0, 0, 0, 0, 0, 0, 1, 0
Screen-Shot-2023-07-16-at-12-17-05-PM_png.rf.8e7f79b8c8b64c06331afde0310bd262.jpg, 0, 0, 0, 0, 0, 0, 0, 0, 0, 0, 0, 0, 0, 0, 0, 0, 0, 0, 1, 0, 0, 0, 0, 0, 0, 0, 0, 0, 0, 0
Screen-Shot-2023-07-15-at-11-17-13-PM_png_jpg.rf.917c813242a42c68a6f2bf43e0a3efb7.jpg, 0, 0, 0, 0, 0, 0, 0, 0, 0, 0, 0, 0, 1, 0, 0, 0, 0, 0, 0, 0, 0, 0, 0, 0, 0, 0, 0, 0, 0, 0
Screen-Shot-2023-07-16-at-11-59-24-PM_png_jpg.rf.92ddba45a3941943f27e96f132e1815d.jpg, 0, 0, 0, 0, 0, 0, 0, 0, 0, 1, 0, 0, 0, 0, 0, 0, 0, 0, 0, 0, 0, 0, 0, 0, 0, 0, 0, 0, 0, 0
d1-JPG3dim_jpg.rf.92a8b86232fc7267f9d3252455d55a59.jpg, 0, 0, 0, 0, 0, 1, 0, 0, 0, 0, 0, 0, 0, 0, 0, 0, 0, 0, 0, 0, 0, 0, 0, 0, 0, 0, 0, 0, 0, 0
l1-JPG15dim_jpg.rf.9239bf49b1364f0668b3972ee8ec2837.jpg, 0, 0, 0, 0, 0, 0, 0, 0, 0, 0, 0, 0, 0, 1, 0, 0, 0, 0, 0, 0, 0, 0, 0, 0, 0, 0, 0, 0, 0, 0
Screen-Shot-2023-07-15-at-10-53-35-PM_png_jpg.rf.92405f458cb1e6411c21502e6023e1cd.jpg, 0, 0, 0, 0, 0, 0, 0, 1, 0, 0, 0, 0, 0, 0, 0, 0, 0, 0, 0, 0, 0, 0, 0, 0, 0, 0, 0, 0, 0, 0
i1-JPG13dim_jpg.rf.92c40752c2870b41c5f0092c444ee924.jpg, 1, 0, 0, 0, 0, 0, 0, 0, 0, 0, 0, 0, 0, 0, 0, 0, 0, 0, 0, 0, 0, 0, 0, 0, 0, 0, 0, 0, 0, 0
Screen-Shot-2023-07-17-at-12-05-40-AM_png.rf.92efc1731fd9d6c85cc3aab631b45ddf.jpg, 0, 0, 0, 0, 0, 0, 0, 0, 0, 0, 0, 0, 0, 1, 0, 0, 0, 0, 0, 0, 0, 0, 0, 0, 0, 0, 0, 0, 0, 0
Screen-Shot-2023-07-17-at-12-09-56-AM_png_jpg.rf.9208f063c2a45c70b7e2de575f3464ef.jpg, 0, 0, 0, 0, 0, 0, 0, 0, 0, 0, 0, 0, 0, 0, 0, 0, 0, 0, 0, 1, 0, 0, 0, 0, 0, 0, 0, 0, 0, 0
Screen-Shot-2023-07-15-at-11-30-37-PM_png_jpg.rf.92e31e377a7306161d552360db488227.jpg, 0, 0, 0, 0, 0, 0, 0, 0, 0, 0, 0, 0, 0, 0, 0, 0, 1, 0, 0, 0, 0, 0, 0, 0, 0, 0, 0, 0, 0, 0
Screen-Shot-2023-07-15-at-11-16-37-PM_png_jpg.rf.9281b698ea8fc3ea845eaacade9556ae.jpg, 0, 0, 0, 0, 0, 0, 0, 0, 0, 0, 0, 1, 0, 0, 0, 0, 0, 0, 0, 0, 0, 0, 0, 0, 0, 0, 0, 0, 0, 0
Screen-Shot-2023-07-16-at-12-06-27-AM_png_jpg.rf.93581b5c0c0dae3535cf0135a4c05d98.jpg, 0, 0, 0, 0, 1, 0, 0, 0, 0, 0, 0, 0, 0, 0, 0, 0, 0, 0, 0, 0, 0, 0, 0, 0, 0, 0, 0, 0, 0, 0
Screen-Shot-2023-07-15-at-11-59-15-PM_png_jpg.rf.90fdf861a6f155fd9fff9eb9e328d0a7.jpg, 0, 0, 0, 0, 0, 0, 0, 0, 0, 0, 0, 0, 0, 0, 0, 0, 0, 0, 0, 0, 0, 0, 0, 0, 0, 0, 0, 1, 0, 0
Screen-Shot-2023-07-17-at-12-22-44-AM_png_jpg.rf.932c2a29cf66021eadddaaf6fd1cca70.jpg, 0, 0, 0, 0, 0, 0, 0, 0, 0, 0, 0, 0, 0, 0, 0, 0, 0, 0, 0, 0, 1, 0, 0, 0, 0, 0, 0, 0, 0, 0
Screen-Shot-2023-07-15-at-11-07-53-PM_png_jpg.rf.932cb12359d7913f3f9aedc7246ca12a.jpg, 0, 0, 0, 0, 0, 0, 0, 0, 1, 0, 0, 0, 0, 0, 0, 0, 0, 0, 0, 0, 0, 0, 0, 0, 0, 0, 0, 0, 0, 0
y1-JPG2dim_jpg.rf.91f5a0d92a16fdbb1a84565f66296156.jpg, 0, 0, 0, 0, 0, 0, 0, 0, 0, 0, 0, 0, 0, 0, 0, 0, 0, 0, 0, 0, 0, 0, 0, 0, 0, 0, 0, 0, 1, 0
Screen-Shot-2023-07-16-at-12-01-39-AM_png_jpg.rf.933f75303aabb3e9bdeb6ffea0eafa76.jpg, 0, 0, 0, 0, 0, 0, 0, 0, 0, 0, 0, 0, 0, 0, 0, 0, 0, 0, 0, 0, 0, 0, 0, 0, 0, 0, 0, 0, 1, 0
Screen-Shot-2023-07-15-at-11-43-12-PM_png_jpg.rf.940963d72d4c5cab4e50141c5bf886b6.jpg, 0, 0, 0, 0, 0, 0, 0, 0, 0, 0, 0, 0, 0, 0, 0, 0, 0, 0, 0, 0, 0, 0, 1, 0, 0, 0, 0, 0, 0, 0
u1-JPG8dim_jpg.rf.943e55a4a64821a5c9e8b24593aea12d.jpg, 0, 0, 0, 0, 0, 0, 0, 0, 0, 0, 0, 0, 0, 0, 0, 0, 0, 0, 0, 0, 0, 0, 0, 0, 1, 0, 0, 0, 0, 0
Screen-Shot-2023-07-15-at-11-47-01-PM_png_jpg.rf.94525d48811189a80e7d3babf9691c8f.jpg, 0, 0, 0, 0, 0, 0, 0, 0, 0, 0, 0, 0, 0, 0, 0, 0, 0, 0, 0, 0, 0, 0, 0, 1, 0, 0, 0, 0, 0, 0
Screen-Shot-2023-07-15-at-11-48-24-PM_png_jpg.rf.947d8b593b3d32f001bbb5ce74d81ddf.jpg, 0, 0, 0, 0, 0, 0, 0, 0, 0, 0, 0, 0, 0, 0, 0, 0, 0, 0, 0, 0, 0, 0, 0, 0, 1, 0, 0, 0, 0, 0
Screen-Shot-2023-07-17-at-12-01-43-AM_png_jpg.rf.92e68368c2e2cbc783ddebd8e4040b5c.jpg, 0, 0, 0, 0, 0, 0, 0, 0, 0, 0, 0, 1, 0, 0, 0, 0, 0, 0, 0, 0, 0, 0, 0, 0, 0, 0, 0, 0, 0, 0
j1-JPG12whs_jpg.rf.93caaebf8752744dc5f31ce2250ab966.jpg, 0, 0, 0, 0, 0, 0, 0, 0, 0, 0, 0, 1, 0, 0, 0, 0, 0, 0, 0, 0, 0, 0, 0, 0, 0, 0, 0, 0, 0, 0
i1-JPG16rot_jpg.rf.941bed9a53cb6fd8a7419b5c5962bdb2.jpg, 0, 0, 0, 0, 0, 0, 0, 0, 0, 0, 1, 0, 0, 0, 0, 0, 0, 0, 0, 0, 0, 0, 0, 0, 0, 0, 0, 0, 0, 0
Screen-Shot-2023-07-17-at-12-03-57-AM_png.rf.94afaa9588730d9bec87ae122aa90e10.jpg, 0, 0, 0, 0, 0, 0, 0, 0, 0, 0, 0, 0, 0, 1, 0, 0, 0, 0, 0, 0, 0, 0, 0, 0, 0, 0, 0, 0, 0, 0
Screen-Shot-2023-07-17-at-12-09-56-AM_png_jpg.rf.93b188731a39769f4e5fefea93920b1c.jpg, 0, 0, 0, 0, 0, 0, 0, 0, 0, 0, 0, 0, 0, 0, 0, 0, 0, 0, 0, 1, 0, 0, 0, 0, 0, 0, 0, 0, 0, 0
Screen-Shot-2023-07-15-at-11-20-04-PM_png.rf.950c6cd900cf94427942cd923bb4113c.jpg, 0, 0, 0, 0, 0, 0, 0, 0, 0, 0, 0, 0, 0, 1, 0, 0, 0, 0, 0, 0, 0, 0, 0, 0, 0, 0, 0, 0, 0, 0
Screen-Shot-2023-07-15-at-11-06-18-PM_png_jpg.rf.94bf1eb7c203ae401810738a29c66363.jpg, 0, 0, 0, 0, 0, 0, 1, 0, 0, 0, 0, 0, 0, 0, 0, 0, 0, 0, 0, 0, 0, 0, 0, 0, 0, 0, 0, 0, 0, 0
Screen-Shot-2023-07-15-at-11-35-58-PM_png_jpg.rf.922323a2625becf8699858803abb1153.jpg, 0, 0, 0, 0, 0, 0, 0, 0, 0, 0, 0, 0, 0, 0, 0, 0, 0, 0, 0, 1, 0, 0, 0, 0, 0, 0, 0, 0, 0, 0
Screen-Shot-2023-07-16-at-11-54-06-PM_png_jpg.rf.94cf7c4c5db138b60b8ed30b49dbcc2b.jpg, 0, 0, 0, 0, 0, 0, 1, 0, 0, 0, 0, 0, 0, 0, 0, 0, 0, 0, 0, 0, 0, 0, 0, 0, 0, 0, 0, 0, 0, 0
Screen-Shot-2023-07-15-at-11-42-28-PM_png.rf.954021a9d55c9abe02c043896d093f68.jpg, 0, 0, 0, 0, 0, 0, 0, 0, 0, 0, 0, 0, 0, 0, 0, 0, 0, 0, 0, 0, 0, 0, 1, 0, 0, 0, 0, 0, 0, 0
v1-JPG2rot_jpg.rf.94e8e97e5d86cf837b650754f8a67f45.jpg, 0, 0, 0, 0, 0, 0, 0, 0, 0, 0, 0, 0, 0, 0, 0, 0, 0, 0, 0, 0, 0, 0, 0, 0, 0, 1, 0, 0, 0, 0
f1-JPG17rot_jpg.rf.953c776a06cd8aa3367ffd0a39c1be9d.jpg, 0, 0, 0, 0, 0, 0, 0, 1, 0, 0, 0, 0, 0, 0, 0, 0, 0, 0, 0, 0, 0, 0, 0, 0, 0, 0, 0, 0, 0, 0
n1-JPG2whs_jpg.rf.95623f6b9be6fe15ad6272fbf8770a64.jpg, 0, 0, 0, 0, 0, 0, 0, 0, 0, 0, 0, 0, 0, 0, 0, 1, 0, 0, 0, 0, 0, 0, 0, 0, 0, 0, 0, 0, 0, 0
Screen-Shot-2023-07-16-at-11-53-19-PM_png_jpg.rf.93f18103dfa47cfee3848b97a4070944.jpg, 0, 0, 0, 0, 0, 1, 0, 0, 0, 0, 0, 0, 0, 0, 0, 0, 0, 0, 0, 0, 0, 0, 0, 0, 0, 0, 0, 0, 0, 0
Screen-Shot-2023-07-15-at-10-50-22-PM_png_jpg.rf.94401c6d9578b0a26e45fa655be58cf0.jpg, 0, 0, 0, 0, 0, 0, 0, 1, 0, 0, 0, 0, 0, 0, 0, 0, 0, 0, 0, 0, 0, 0, 0, 0, 0, 0, 0, 0, 0, 0
Screen-Shot-2023-07-17-at-12-12-33-AM_png_jpg.rf.95737852fd8d7ea937e29a2789413255.jpg, 0, 0, 0, 0, 0, 0, 0, 0, 0, 0, 0, 0, 0, 0, 0, 0, 0, 0, 0, 0, 0, 0, 0, 1, 0, 0, 0, 0, 0, 0
a1-JPG10dim_jpg.rf.93e3bfef12f1b6f934e27ae96486460d.jpg, 0, 1, 0, 0, 0, 0, 0, 0, 0, 0, 0, 0, 0, 0, 0, 0, 0, 0, 0, 0, 0, 0, 0, 0, 0, 0, 0, 0, 0, 0
Screen-Shot-2023-07-15-at-10-57-24-PM_png_jpg.rf.958136b2bbbc5ded978ce2030c7a36f3.jpg, 0, 0, 1, 0, 0, 0, 0, 0, 0, 0, 0, 0, 0, 0, 0, 0, 0, 0, 0, 0, 0, 0, 0, 0, 0, 0, 0, 0, 0, 0
Screen-Shot-2023-07-17-at-12-07-43-AM_png_jpg.rf.95819df50aabb3203542dda3cead6087.jpg, 0, 0, 0, 0, 0, 0, 0, 0, 0, 0, 0, 0, 0, 0, 0, 1, 0, 0, 0, 0, 0, 0, 0, 0, 0, 0, 0, 0, 0, 0
w1-JPG3rot_jpg.rf.95dc75f5990b64c447fecf08125e7882.jpg, 0, 0, 0, 0, 0, 0, 0, 0, 0, 0, 0, 0, 0, 0, 0, 0, 0, 0, 0, 0, 0, 0, 0, 0, 0, 0, 1, 0, 0, 0
Screen-Shot-2023-07-16-at-11-47-15-PM_png_jpg.rf.958e9e47b827bb8fb526e7966941aee9.jpg, 0, 0, 1, 0, 0, 0, 0, 0, 0, 0, 0, 0, 0, 0, 0, 0, 0, 0, 0, 0, 0, 0, 0, 0, 0, 0, 0, 0, 0, 0
Screen-Shot-2023-07-16-at-11-58-25-PM_png_jpg.rf.954ff0a5ed8fec29d8f59ef9087d2fcb.jpg, 0, 0, 0, 0, 0, 0, 0, 0, 1, 0, 0, 0, 0, 0, 0, 0, 0, 0, 0, 0, 0, 0, 0, 0, 0, 0, 0, 0, 0, 0
Screen-Shot-2023-07-15-at-11-58-03-PM_png.rf.94c209cb609e87846a0dea82be86b814.jpg, 0, 0, 0, 0, 0, 0, 0, 0, 0, 0, 0, 0, 0, 0, 0, 0, 0, 0, 0, 0, 0, 0, 0, 0, 0, 0, 1, 0, 0, 0
z1-JPG3whs_jpg.rf.95edc1a1d1444713487c8f22ceaee7b8.jpg, 0, 0, 0, 0, 0, 0, 0, 0, 0, 0, 0, 0, 0, 0, 0, 0, 0, 0, 0, 0, 0, 0, 0, 0, 0, 0, 0, 0, 0, 1
Screen-Shot-2023-07-17-at-12-07-14-AM_png_jpg.rf.9607b10cc60f5f96b8e74f9b0ec02b0f.jpg, 0, 0, 0, 0, 0, 0, 0, 0, 0, 0, 0, 0, 0, 0, 0, 1, 0, 0, 0, 0, 0, 0, 0, 0, 0, 0, 0, 0, 0, 0
Screen-Shot-2023-07-17-at-12-13-22-AM_png_jpg.rf.95859847d977b7bad1cc448f84d71099.jpg, 0, 0, 0, 0, 0, 0, 0, 0, 0, 0, 0, 0, 0, 0, 0, 0, 0, 0, 0, 0, 0, 0, 0, 0, 1, 0, 0, 0, 0, 0
n1-JPG0whs_jpg.rf.95820c281dd12ce9fe4300af029c87d7.jpg, 0, 0, 0, 0, 0, 0, 0, 0, 0, 0, 0, 0, 0, 0, 0, 1, 0, 0, 0, 0, 0, 0, 0, 0, 0, 0, 0, 0, 0, 0
m1-JPG14dim_jpg.rf.95d762d40629c76d7184ae210d2ba205.jpg, 0, 0, 0, 0, 0, 0, 0, 0, 0, 0, 0, 0, 0, 0, 1, 0, 0, 0, 0, 0, 0, 0, 0, 0, 0, 0, 0, 0, 0, 0
Screen-Shot-2023-07-15-at-10-48-30-PM_png_jpg.rf.9617590d662e450291614b4ebc214f58.jpg, 0, 0, 0, 0, 0, 1, 0, 0, 0, 0, 0, 0, 0, 0, 0, 0, 0, 0, 0, 0, 0, 0, 0, 0, 0, 0, 0, 0, 0, 0
Screen-Shot-2023-07-15-at-11-48-02-PM_png_jpg.rf.9589a95150f3919aae14ff39a929bbf6.jpg, 0, 0, 0, 0, 0, 0, 0, 0, 0, 0, 0, 0, 0, 0, 0, 0, 0, 0, 0, 0, 0, 0, 0, 0, 1, 0, 0, 0, 0, 0
l1-JPG15rot_jpg.rf.9653b44dc1ba0bf3b17931249372e245.jpg, 0, 0, 0, 0, 0, 0, 0, 0, 0, 0, 0, 0, 0, 1, 0, 0, 0, 0, 0, 0, 0, 0, 0, 0, 0, 0, 0, 0, 0, 0
Screen-Shot-2023-07-15-at-11-09-53-PM_png.rf.940a313f2c0c6b74f3b1ead5396e74b1.jpg, 0, 0, 0, 0, 0, 0, 0, 0, 0, 1, 0, 0, 0, 0, 0, 0, 0, 0, 0, 0, 0, 0, 0, 0, 0, 0, 0, 0, 0, 0
Screen-Shot-2023-07-17-at-12-00-56-AM_png_jpg.rf.94c0e741f058f0bf6f2cc72d91220d1c.jpg, 0, 0, 0, 0, 0, 0, 0, 0, 0, 0, 1, 0, 0, 0, 0, 0, 0, 0, 0, 0, 0, 0, 0, 0, 0, 0, 0, 0, 0, 0
Screen-Shot-2023-07-15-at-11-08-01-PM_png_jpg.rf.963511e751eadee601ac5c5fb43cd9a4.jpg, 0, 0, 0, 0, 0, 0, 0, 0, 1, 0, 0, 0, 0, 0, 0, 0, 0, 0, 0, 0, 0, 0, 0, 0, 0, 0, 0, 0, 0, 0
Screen-Shot-2023-07-15-at-11-59-05-PM_png_jpg.rf.96022bca9145914d9f7152f048871483.jpg, 0, 0, 0, 0, 0, 0, 0, 0, 0, 0, 0, 0, 0, 0, 0, 0, 0, 0, 0, 0, 0, 0, 0, 0, 0, 0, 0, 1, 0, 0
Screen-Shot-2023-07-15-at-10-57-11-PM_png_jpg.rf.962481a138769ac39fcd21438d1197f1.jpg, 0, 1, 0, 0, 0, 0, 0, 0, 0, 0, 0, 0, 0, 0, 0, 0, 0, 0, 0, 0, 0, 0, 0, 0, 0, 0, 0, 0, 0, 0
l1-JPG12rot_jpg.rf.96d73b66dc158876f217726334cdf2fd.jpg, 0, 0, 0, 0, 0, 0, 0, 0, 0, 0, 0, 0, 0, 1, 0, 0, 0, 0, 0, 0, 0, 0, 0, 0, 0, 0, 0, 0, 0, 0
Screen-Shot-2023-07-17-at-12-08-27-AM_png.rf.970397cfb66a9c26af668abc7eb9223a.jpg, 0, 0, 0, 0, 0, 0, 0, 0, 0, 0, 0, 0, 0, 0, 0, 0, 1, 0, 0, 0, 0, 0, 0, 0, 0, 0, 0, 0, 0, 0
Screen-Shot-2023-07-16-at-12-11-45-AM_png_jpg.rf.9520d2356f855c30ab6fe768fefac595.jpg, 0, 0, 0, 0, 0, 0, 0, 0, 0, 0, 0, 0, 0, 0, 0, 0, 0, 0, 0, 0, 1, 0, 0, 0, 0, 0, 0, 0, 0, 0
Screen-Shot-2023-07-16-at-11-47-02-PM_png.rf.96c3c03844fb9b0faaf48fc2816604ff.jpg, 0, 0, 1, 0, 0, 0, 0, 0, 0, 0, 0, 0, 0, 0, 0, 0, 0, 0, 0, 0, 0, 0, 0, 0, 0, 0, 0, 0, 0, 0
Screen-Shot-2023-07-16-at-11-42-33-PM_png_jpg.rf.971a5805a229d3d105113240b7c993cf.jpg, 0, 1, 0, 0, 0, 0, 0, 0, 0, 0, 0, 0, 0, 0, 0, 0, 0, 0, 0, 0, 0, 0, 0, 0, 0, 0, 0, 0, 0, 0
Screen-Shot-2023-07-17-at-12-13-53-AM_png_jpg.rf.971453ebb9c3699578d877bbee814e69.jpg, 0, 0, 0, 0, 0, 0, 0, 0, 0, 0, 0, 0, 0, 0, 0, 0, 0, 0, 0, 0, 0, 0, 0, 0, 1, 0, 0, 0, 0, 0
d1-JPG15rot_jpg.rf.9721f10fd0a716c912699cdb34b75106.jpg, 0, 0, 0, 0, 0, 1, 0, 0, 0, 0, 0, 0, 0, 0, 0, 0, 0, 0, 0, 0, 0, 0, 0, 0, 0, 0, 0, 0, 0, 0
Screen-Shot-2023-07-15-at-11-40-57-PM_png_jpg.rf.96ff4ae12e490a5aea30ed0047752d8f.jpg, 0, 0, 0, 0, 0, 0, 0, 0, 0, 0, 0, 0, 0, 0, 0, 0, 0, 0, 0, 0, 0, 1, 0, 0, 0, 0, 0, 0, 0, 0
Screen-Shot-2023-07-17-at-12-12-59-AM_png_jpg.rf.97ef9d2d98f469762cc025e638b6c622.jpg, 0, 0, 0, 0, 0, 0, 0, 0, 0, 0, 0, 0, 0, 0, 0, 0, 0, 0, 0, 0, 0, 0, 0, 1, 0, 0, 0, 0, 0, 0
Screen-Shot-2023-07-11-at-12-30-24-PM_png_jpg.rf.9722d3da8a3c6d37d24e9b30256b4462.jpg, 0, 0, 0, 0, 0, 0, 0, 0, 0, 0, 0, 0, 0, 0, 0, 0, 0, 0, 0, 0, 1, 0, 0, 0, 0, 0, 0, 0, 0, 0
a1-JPG15whs_jpg.rf.96988c1f7a37db7af487af80bfb31d65.jpg, 0, 1, 0, 0, 0, 0, 0, 0, 0, 0, 0, 0, 0, 0, 0, 0, 0, 0, 0, 0, 0, 0, 0, 0, 0, 0, 0, 0, 0, 0
Screen-Shot-2023-07-15-at-11-19-09-PM-copy_png_jpg.rf.97a876ca1b5436d0655b4e59eb67ee0f.jpg, 0, 0, 0, 0, 0, 0, 0, 0, 0, 0, 0, 0, 1, 0, 0, 0, 0, 0, 0, 0, 0, 0, 0, 0, 0, 0, 0, 0, 0, 0
Screen-Shot-2023-07-15-at-11-31-17-PM_png_jpg.rf.978998f6855ca6594ce588b2c1b5b269.jpg, 0, 0, 0, 0, 0, 0, 0, 0, 0, 0, 0, 0, 0, 0, 0, 0, 1, 0, 0, 0, 0, 0, 0, 0, 0, 0, 0, 0, 0, 0
Screen-Shot-2023-07-17-at-12-16-02-AM_png_jpg.rf.9788536f3c15369b4054adf05c77abff.jpg, 0, 0, 0, 0, 0, 0, 0, 0, 0, 0, 0, 0, 0, 0, 0, 0, 0, 0, 0, 0, 0, 0, 0, 0, 0, 0, 1, 0, 0, 0
Screen-Shot-2023-07-15-at-11-48-24-PM_png.rf.95d4222f3dd692bb8e9bab5c96c748d0.jpg, 0, 0, 0, 0, 0, 0, 0, 0, 0, 0, 0, 0, 0, 0, 0, 0, 0, 0, 0, 0, 0, 0, 0, 0, 1, 0, 0, 0, 0, 0
Screen-Shot-2023-07-17-at-12-05-35-AM_png_jpg.rf.98189f1f505f5da36adf6add43988713.jpg, 0, 0, 0, 0, 0, 0, 0, 0, 0, 0, 0, 0, 0, 1, 0, 0, 0, 0, 0, 0, 0, 0, 0, 0, 0, 0, 0, 0, 0, 0
b1-JPG19rot_jpg.rf.97ffb2be8b5493f50a94f7343027a674.jpg, 1, 0, 0, 0, 0, 0, 0, 0, 0, 0, 0, 0, 0, 0, 0, 0, 0, 0, 0, 0, 0, 0, 0, 0, 0, 0, 0, 0, 0, 0
i1-JPG5dim_jpg.rf.979db05f174bb058f54544864f699659.jpg, 0, 0, 0, 0, 0, 0, 0, 0, 0, 0, 1, 0, 0, 0, 0, 0, 0, 0, 0, 0, 0, 0, 0, 0, 0, 0, 0, 0, 0, 0
Screen-Shot-2023-07-17-at-12-01-18-AM_png_jpg.rf.984c836f72b315900645b99373686115.jpg, 0, 0, 0, 0, 0, 0, 0, 0, 0, 0, 0, 1, 0, 0, 0, 0, 0, 0, 0, 0, 0, 0, 0, 0, 0, 0, 0, 0, 0, 0
k1-JPG4dim_jpg.rf.981c6b3ea37b3e6bc69d2491bf222310.jpg, 0, 0, 0, 0, 0, 0, 0, 0, 0, 0, 0, 0, 1, 0, 0, 0, 0, 0, 0, 0, 0, 0, 0, 0, 0, 0, 0, 0, 0, 0
Screen-Shot-2023-07-16-at-12-02-37-AM_png_jpg.rf.976039f929bbfa872d683a5fee553f60.jpg, 0, 0, 0, 0, 0, 0, 0, 0, 0, 0, 0, 0, 0, 0, 0, 0, 0, 0, 0, 0, 0, 0, 0, 0, 0, 0, 0, 0, 1, 0
Screen-Shot-2023-07-17-at-12-01-18-AM_png_jpg.rf.9866aa7bd2cc07d499dff1d63b1e7e22.jpg, 0, 0, 0, 0, 0, 0, 0, 0, 0, 0, 0, 1, 0, 0, 0, 0, 0, 0, 0, 0, 0, 0, 0, 0, 0, 0, 0, 0, 0, 0
Screen-Shot-2023-07-17-at-12-02-24-AM_png_jpg.rf.984ea14f7a1dbb9b254c8ff8b24aa5b5.jpg, 0, 0, 0, 0, 0, 0, 0, 0, 0, 0, 0, 0, 1, 0, 0, 0, 0, 0, 0, 0, 0, 0, 0, 0, 0, 0, 0, 0, 0, 0
Screen-Shot-2023-07-16-at-11-51-14-PM_png_jpg.rf.9727cdc941a707e84f852f6911eeef14.jpg, 0, 0, 0, 0, 0, 1, 0, 0, 0, 0, 0, 0, 0, 0, 0, 0, 0, 0, 0, 0, 0, 0, 0, 0, 0, 0, 0, 0, 0, 0
Screen-Shot-2023-07-15-at-11-27-47-PM-copy_png_jpg.rf.9853ab29cb113f68f66af8f152309a5c.jpg, 0, 0, 0, 0, 0, 0, 0, 0, 0, 0, 0, 0, 0, 0, 0, 1, 0, 0, 0, 0, 0, 0, 0, 0, 0, 0, 0, 0, 0, 0
f1-JPG6dim_jpg.rf.989133dfd10ff2818f113d898f9b8aca.jpg, 0, 0, 0, 0, 0, 0, 0, 1, 0, 0, 0, 0, 0, 0, 0, 0, 0, 0, 0, 0, 0, 0, 0, 0, 0, 0, 0, 0, 0, 0
v1-JPG9whs_jpg.rf.982ad8d233485a74500f333537653f6f.jpg, 0, 0, 0, 0, 0, 0, 0, 0, 0, 0, 0, 0, 0, 0, 0, 0, 0, 0, 0, 0, 0, 0, 0, 0, 0, 1, 0, 0, 0, 0
Screen-Shot-2023-07-17-at-12-15-54-AM_png_jpg.rf.97da8f8268fb937a1c43108764fda6a6.jpg, 0, 0, 0, 0, 0, 0, 0, 0, 0, 0, 0, 0, 0, 0, 0, 0, 0, 0, 0, 0, 0, 0, 0, 0, 0, 0, 1, 0, 0, 0
Screen-Shot-2023-07-15-at-10-52-31-PM_png.rf.9855c47b105cfad08e0d35e23811ee3f.jpg, 0, 0, 0, 0, 0, 0, 0, 1, 0, 0, 0, 0, 0, 0, 0, 0, 0, 0, 0, 0, 0, 0, 0, 0, 0, 0, 0, 0, 0, 0
Screen-Shot-2023-07-16-at-11-59-08-PM_png_jpg.rf.9825091305f090f74d5dd1d26f0efec8.jpg, 0, 0, 0, 0, 0, 0, 0, 0, 0, 1, 0, 0, 0, 0, 0, 0, 0, 0, 0, 0, 0, 0, 0, 0, 0, 0, 0, 0, 0, 0
Screen-Shot-2023-07-17-at-12-10-37-AM_png.rf.980d8baac7f810a026f7d05a0a9bb92d.jpg, 0, 0, 0, 0, 0, 0, 0, 0, 0, 0, 0, 0, 0, 0, 0, 0, 0, 0, 0, 1, 0, 0, 0, 0, 0, 0, 0, 0, 0, 0
Screen-Shot-2023-07-16-at-12-01-39-AM_png_jpg.rf.988469ad768c27059ade0f759f2f2d04.jpg, 0, 0, 0, 0, 0, 0, 0, 0, 0, 0, 0, 0, 0, 0, 0, 0, 0, 0, 0, 0, 0, 0, 0, 0, 0, 0, 0, 0, 1, 0
Screen-Shot-2023-07-16-at-11-54-23-PM_png_jpg.rf.990669a8e2804a8da33ddbcaa64a7d7a.jpg, 0, 0, 0, 0, 0, 0, 1, 0, 0, 0, 0, 0, 0, 0, 0, 0, 0, 0, 0, 0, 0, 0, 0, 0, 0, 0, 0, 0, 0, 0
a1-JPG6whs_jpg.rf.98d7d466973901423658ba633c6a82a4.jpg, 1, 0, 0, 0, 0, 0, 0, 0, 0, 0, 0, 0, 0, 0, 0, 0, 0, 0, 0, 0, 0, 0, 0, 0, 0, 0, 0, 0, 0, 0
Screen-Shot-2023-07-15-at-11-44-32-PM_png_jpg.rf.9947ac737f4da6ea0a73a63b85a5923f.jpg, 0, 0, 0, 0, 0, 0, 0, 0, 0, 0, 0, 0, 0, 0, 0, 0, 0, 0, 0, 0, 0, 0, 0, 1, 0, 0, 0, 0, 0, 0
u1-JPG5whs_jpg.rf.98e125667296b11408e6fca43250f7d2.jpg, 0, 0, 0, 0, 0, 0, 0, 0, 0, 0, 0, 0, 0, 0, 0, 0, 0, 0, 0, 0, 0, 0, 0, 0, 1, 0, 0, 0, 0, 0
Screen-Shot-2023-07-16-at-11-55-17-PM_png.rf.993fa4b31fd7e32647108f1d354c1ee7.jpg, 0, 0, 0, 0, 0, 0, 1, 0, 0, 0, 0, 0, 0, 0, 0, 0, 0, 0, 0, 0, 0, 0, 0, 0, 0, 0, 0, 0, 0, 0
Screen-Shot-2023-07-15-at-11-54-36-PM_png_jpg.rf.9984d8a007004862ae3405d97621ace9.jpg, 0, 0, 0, 0, 0, 0, 0, 0, 0, 0, 0, 0, 0, 0, 0, 0, 0, 0, 0, 0, 0, 0, 0, 0, 0, 1, 0, 0, 0, 0
Screen-Shot-2023-07-16-at-12-01-49-AM_png_jpg.rf.998fea2011e2af666c6389d5f5400ea5.jpg, 0, 0, 0, 0, 0, 0, 0, 0, 0, 0, 0, 0, 0, 0, 0, 0, 0, 0, 0, 0, 0, 0, 0, 0, 0, 0, 0, 0, 1, 0
Screen-Shot-2023-07-17-at-12-10-55-AM_png_jpg.rf.999b70c7455b5f428c7a527c0a6cdb43.jpg, 0, 0, 0, 0, 0, 0, 0, 0, 0, 0, 0, 0, 0, 0, 0, 0, 0, 0, 0, 0, 0, 1, 0, 0, 0, 0, 0, 0, 0, 0
Screen-Shot-2023-07-17-at-12-16-43-AM_png_jpg.rf.99adfe55ecad2ad172a77857cac2004d.jpg, 0, 0, 0, 0, 0, 0, 0, 0, 0, 0, 0, 0, 0, 0, 0, 0, 0, 0, 0, 0, 0, 0, 0, 0, 0, 0, 0, 1, 0, 0
d1-JPG18dim_jpg.rf.99e2ca4784ab01960211eb9529e73fa9.jpg, 0, 0, 0, 0, 0, 1, 0, 0, 0, 0, 0, 0, 0, 0, 0, 0, 0, 0, 0, 0, 0, 0, 0, 0, 0, 0, 0, 0, 0, 0
Screen-Shot-2023-07-16-at-11-57-52-PM_png_jpg.rf.998d2780fe67d5f56a3ff24996be270c.jpg, 0, 0, 0, 0, 0, 0, 0, 1, 0, 0, 0, 0, 0, 0, 0, 0, 0, 0, 0, 0, 0, 0, 0, 0, 0, 0, 0, 0, 0, 0
q1-JPG5whs_jpg.rf.99c6bc40895e358883ecaf44d32720cc.jpg, 0, 0, 0, 0, 0, 0, 0, 0, 0, 0, 0, 0, 0, 0, 0, 0, 0, 0, 0, 1, 0, 0, 0, 0, 0, 0, 0, 0, 0, 0
d1-JPG0dim_jpg.rf.99c041d7de725f7f7e09379f6ab0ef84.jpg, 0, 0, 0, 0, 0, 1, 0, 0, 0, 0, 0, 0, 0, 0, 0, 0, 0, 0, 0, 0, 0, 0, 0, 0, 0, 0, 0, 0, 0, 0
Screen-Shot-2023-07-16-at-11-59-08-PM_png_jpg.rf.9a006ebcd758e603ba5acf7212b73d74.jpg, 0, 0, 0, 0, 0, 0, 0, 0, 0, 1, 0, 0, 0, 0, 0, 0, 0, 0, 0, 0, 0, 0, 0, 0, 0, 0, 0, 0, 0, 0
j1-JPG0rot_jpg.rf.999ad46e1e46e69dcc9626663c65ba8b.jpg, 0, 0, 0, 0, 0, 0, 0, 0, 0, 0, 0, 1, 0, 0, 0, 0, 0, 0, 0, 0, 0, 0, 0, 0, 0, 0, 0, 0, 0, 0
Screen-Shot-2023-07-17-at-12-07-06-AM_png_jpg.rf.99d940ef5ee954a06f1428e18a2e46b8.jpg, 0, 0, 0, 0, 0, 0, 0, 0, 0, 0, 0, 0, 0, 0, 0, 1, 0, 0, 0, 0, 0, 0, 0, 0, 0, 0, 0, 0, 0, 0
Screen-Shot-2023-07-11-at-12-28-23-PM_png_jpg.rf.99c328c50812cecee86693419e3d1529.jpg, 0, 0, 0, 0, 0, 0, 0, 0, 0, 0, 0, 0, 0, 0, 0, 0, 0, 0, 1, 0, 0, 0, 0, 0, 0, 0, 0, 0, 0, 0
Screen-Shot-2023-07-16-at-11-56-08-PM_png_jpg.rf.99c1475afd1fe22fed951a5abb479670.jpg, 0, 0, 0, 0, 0, 0, 0, 1, 0, 0, 0, 0, 0, 0, 0, 0, 0, 0, 0, 0, 0, 0, 0, 0, 0, 0, 0, 0, 0, 0
Screen-Shot-2023-07-16-at-12-01-16-AM_png_jpg.rf.99b852b921fee198f2c3c1c34aa0dae2.jpg, 0, 0, 0, 0, 0, 0, 0, 0, 0, 0, 0, 0, 0, 0, 0, 0, 0, 0, 0, 0, 0, 0, 0, 0, 0, 0, 0, 0, 1, 0
Screen-Shot-2023-07-15-at-11-55-05-PM_png_jpg.rf.9a2d1a00fdddb5617091a789086b0a74.jpg, 0, 0, 0, 0, 0, 0, 0, 0, 0, 0, 0, 0, 0, 0, 0, 0, 0, 0, 0, 0, 0, 0, 0, 0, 0, 1, 0, 0, 0, 0
Screen-Shot-2023-07-15-at-11-13-23-PM_png_jpg.rf.9a9a1b36239550f6c89f87766e147de4.jpg, 0, 0, 0, 0, 0, 0, 0, 0, 0, 0, 1, 0, 0, 0, 0, 0, 0, 0, 0, 0, 0, 0, 0, 0, 0, 0, 0, 0, 0, 0
Screen-Shot-2023-07-16-at-11-54-10-PM_png_jpg.rf.9aceac48468683a013fa473e8d59cc31.jpg, 0, 0, 0, 0, 0, 0, 1, 0, 0, 0, 0, 0, 0, 0, 0, 0, 0, 0, 0, 0, 0, 0, 0, 0, 0, 0, 0, 0, 0, 0
Screen-Shot-2023-07-15-at-11-26-57-PM_png_jpg.rf.9a466eea8fbe472c628c99f0fc69589f.jpg, 0, 0, 0, 0, 0, 0, 0, 0, 0, 0, 0, 0, 0, 0, 0, 1, 0, 0, 0, 0, 0, 0, 0, 0, 0, 0, 0, 0, 0, 0
f1-JPG6whs_jpg.rf.9a7e592a51243af49bf21dee529ea85c.jpg, 0, 0, 0, 0, 0, 0, 0, 1, 0, 0, 0, 0, 0, 0, 0, 0, 0, 0, 0, 0, 0, 0, 0, 0, 0, 0, 0, 0, 0, 0
Screen-Shot-2023-07-17-at-12-18-38-AM_png.rf.99fea69770e97babb98ad0d8474ecc7a.jpg, 0, 0, 0, 0, 0, 0, 0, 0, 0, 0, 0, 0, 0, 0, 0, 0, 0, 0, 0, 0, 0, 0, 0, 0, 0, 0, 0, 0, 0, 1
Screen-Shot-2023-07-15-at-11-27-40-PM-copy_png_jpg.rf.9afd4b13c539fad13fbd4cff0e63797c.jpg, 0, 0, 0, 0, 0, 0, 0, 0, 0, 0, 0, 0, 0, 0, 0, 1, 0, 0, 0, 0, 0, 0, 0, 0, 0, 0, 0, 0, 0, 0
Screen-Shot-2023-07-15-at-11-35-07-PM_png_jpg.rf.9a9b5ab1691feeb96d0c088e9077498e.jpg, 0, 0, 0, 0, 0, 0, 0, 0, 0, 0, 0, 0, 0, 0, 0, 0, 0, 0, 0, 1, 0, 0, 0, 0, 0, 0, 0, 0, 0, 0
Screen-Shot-2023-07-15-at-11-11-05-PM-copy_png_jpg.rf.9b233322490840d0c303e8a0b69eeb56.jpg, 0, 0, 0, 0, 0, 0, 0, 0, 0, 1, 0, 0, 0, 0, 0, 0, 0, 0, 0, 0, 0, 0, 0, 0, 0, 0, 0, 0, 0, 0
Screen-Shot-2023-07-16-at-12-03-05-AM_png_jpg.rf.9b09a5235c1c35ea9434aca7f48fe248.jpg, 0, 0, 0, 0, 0, 0, 0, 0, 0, 0, 0, 0, 0, 0, 0, 0, 0, 0, 0, 0, 0, 0, 0, 0, 0, 0, 0, 0, 0, 1
s1-JPG2dim_jpg.rf.9bc0aa823dc8f9b837eb9d4053e78a82.jpg, 0, 0, 0, 0, 0, 0, 0, 0, 0, 0, 0, 0, 0, 0, 0, 0, 0, 0, 0, 0, 0, 0, 1, 0, 0, 0, 0, 0, 0, 0
e1-JPG2dim_jpg.rf.9b397d59584c3518e6baf9e5d296aee2.jpg, 0, 0, 0, 0, 0, 0, 1, 0, 0, 0, 0, 0, 0, 0, 0, 0, 0, 0, 0, 0, 0, 0, 0, 0, 0, 0, 0, 0, 0, 0
Screen-Shot-2023-07-15-at-11-30-14-PM_png_jpg.rf.9c08f636d999bc05b42e6f128ed079b4.jpg, 0, 0, 0, 0, 0, 0, 0, 0, 0, 0, 0, 0, 0, 0, 0, 0, 1, 0, 0, 0, 0, 0, 0, 0, 0, 0, 0, 0, 0, 0
Screen-Shot-2023-07-17-at-12-02-43-AM_png_jpg.rf.9b25b91fdea12022f590760aa8b55668.jpg, 0, 0, 0, 0, 0, 0, 0, 0, 0, 0, 0, 0, 1, 0, 0, 0, 0, 0, 0, 0, 0, 0, 0, 0, 0, 0, 0, 0, 0, 0
Screen-Shot-2023-07-17-at-12-08-33-AM_png_jpg.rf.9b3bb92b0d4f3ab129f74f33acca1766.jpg, 0, 0, 0, 0, 0, 0, 0, 0, 0, 0, 0, 0, 0, 0, 0, 0, 1, 0, 0, 0, 0, 0, 0, 0, 0, 0, 0, 0, 0, 0
Screen-Shot-2023-07-17-at-12-13-53-AM_png_jpg.rf.9ad98303d57b34226898d3653749103e.jpg, 0, 0, 0, 0, 0, 0, 0, 0, 0, 0, 0, 0, 0, 0, 0, 0, 0, 0, 0, 0, 0, 0, 0, 0, 1, 0, 0, 0, 0, 0
Screen-Shot-2023-07-15-at-11-54-36-PM_png_jpg.rf.9c3f9f1ecb990e2fe98fccdd62faf889.jpg, 0, 0, 0, 0, 0, 0, 0, 0, 0, 0, 0, 0, 0, 0, 0, 0, 0, 0, 0, 0, 0, 0, 0, 0, 0, 1, 0, 0, 0, 0
h1-JPG16dim_jpg.rf.9b34d6bad45a3da8818ea69c383fdc02.jpg, 0, 0, 0, 0, 0, 0, 0, 0, 0, 1, 0, 0, 0, 0, 0, 0, 0, 0, 0, 0, 0, 0, 0, 0, 0, 0, 0, 0, 0, 0
Screen-Shot-2023-07-17-at-12-20-04-AM_png_jpg.rf.9b3d8192ee4eea68120c2ce0e438bda3.jpg, 0, 0, 0, 0, 1, 0, 0, 0, 0, 0, 0, 0, 0, 0, 0, 0, 0, 0, 0, 0, 0, 0, 0, 0, 0, 0, 0, 0, 0, 0
Screen-Shot-2023-07-17-at-12-13-03-AM_png.rf.9c596e9b05946f2a5d676ad56b800d3f.jpg, 0, 0, 0, 0, 0, 0, 0, 0, 0, 0, 0, 0, 0, 0, 0, 0, 0, 0, 0, 0, 0, 0, 0, 1, 0, 0, 0, 0, 0, 0
Screen-Shot-2023-07-15-at-11-04-40-PM_png_jpg.rf.9a95c0edbc98de5a1da7699b2271a30f.jpg, 0, 0, 0, 0, 0, 1, 0, 0, 0, 0, 0, 0, 0, 0, 0, 0, 0, 0, 0, 0, 0, 0, 0, 0, 0, 0, 0, 0, 0, 0
Screen-Shot-2023-07-17-at-12-18-20-AM_png_jpg.rf.9be5982b88371869290f2075cc7e9196.jpg, 0, 0, 0, 0, 0, 0, 0, 0, 0, 0, 0, 0, 0, 0, 0, 0, 0, 0, 0, 0, 0, 0, 0, 0, 0, 0, 0, 0, 0, 1
Screen-Shot-2023-07-15-at-11-31-58-PM_png_jpg.rf.9adcfb65ad2d6f057fa0da5f1767a64b.jpg, 0, 0, 0, 0, 0, 0, 0, 0, 0, 0, 0, 0, 0, 0, 0, 0, 1, 0, 0, 0, 0, 0, 0, 0, 0, 0, 0, 0, 0, 0
Screen-Shot-2023-07-15-at-11-16-37-PM_png_jpg.rf.9ae6d4c62c914eb00dfdac77ad611973.jpg, 0, 0, 0, 0, 0, 0, 0, 0, 0, 0, 0, 1, 0, 0, 0, 0, 0, 0, 0, 0, 0, 0, 0, 0, 0, 0, 0, 0, 0, 0
Screen-Shot-2023-07-16-at-12-17-28-PM_png_jpg.rf.9aec05c1f250589f21aa0c9e7a6e343e.jpg, 0, 0, 0, 0, 0, 0, 0, 0, 0, 0, 0, 0, 0, 0, 0, 0, 0, 0, 1, 0, 0, 0, 0, 0, 0, 0, 0, 0, 0, 0
Screen-Shot-2023-07-15-at-11-05-39-PM_png.rf.9a5f588b6eeed4c1c16af0e74d49db1c.jpg, 0, 0, 0, 0, 0, 0, 1, 0, 0, 0, 0, 0, 0, 0, 0, 0, 0, 0, 0, 0, 0, 0, 0, 0, 0, 0, 0, 0, 0, 0
Screen-Shot-2023-07-17-at-12-06-35-AM_png_jpg.rf.9b9fb7082847c76c662ef7d1738ce6bc.jpg, 0, 0, 0, 0, 0, 0, 0, 0, 0, 0, 0, 0, 0, 0, 1, 0, 0, 0, 0, 0, 0, 0, 0, 0, 0, 0, 0, 0, 0, 0
w1-JPG9whs_jpg.rf.9c29eb185a64d329d421206bf23de65a.jpg, 0, 0, 0, 0, 0, 0, 0, 0, 0, 0, 0, 0, 0, 0, 0, 0, 0, 0, 0, 0, 0, 0, 0, 0, 0, 0, 1, 0, 0, 0
Screen-Shot-2023-07-16-at-11-48-41-PM_png_jpg.rf.9b2f03eaaf8439eab2b61ac43611dc21.jpg, 0, 0, 0, 1, 0, 0, 0, 0, 0, 0, 0, 0, 0, 0, 0, 0, 0, 0, 0, 0, 0, 0, 0, 0, 0, 0, 0, 0, 0, 0
Screen-Shot-2023-07-17-at-12-08-48-AM_png_jpg.rf.9b7c89e8ca80d9f5ee4c7ca8d5625e90.jpg, 0, 0, 0, 0, 0, 0, 0, 0, 0, 0, 0, 0, 0, 0, 0, 0, 0, 1, 0, 0, 0, 0, 0, 0, 0, 0, 0, 0, 0, 0
r1-JPG8whs_jpg.rf.99d78cdeb68f09a655ab4933a713c000.jpg, 0, 0, 0, 0, 0, 0, 0, 0, 0, 0, 0, 0, 0, 0, 0, 0, 0, 0, 0, 0, 0, 1, 0, 0, 0, 0, 0, 0, 0, 0
Screen-Shot-2023-07-16-at-11-50-15-PM_png_jpg.rf.08de552a156e602cf6362e9d5865207a.jpg, 0, 0, 0, 1, 0, 0, 0, 0, 0, 0, 0, 0, 0, 0, 0, 0, 0, 0, 0, 0, 0, 0, 0, 0, 0, 0, 0, 0, 0, 0
e1-JPG1whs_jpg.rf.08f77c4d12c91abac2595e115afc6197.jpg, 0, 0, 0, 0, 0, 0, 1, 0, 0, 0, 0, 0, 0, 0, 0, 0, 0, 0, 0, 0, 0, 0, 0, 0, 0, 0, 0, 0, 0, 0
Screen-Shot-2023-07-15-at-11-12-05-PM_png_jpg.rf.08f9ddfb1f1c7e6ca5e0e471804a4ee5.jpg, 0, 0, 0, 0, 0, 0, 0, 0, 0, 0, 1, 0, 0, 0, 0, 0, 0, 0, 0, 0, 0, 0, 0, 0, 0, 0, 0, 0, 0, 0
Screen-Shot-2023-07-17-at-12-11-08-AM_png_jpg.rf.091c27f069a0f7f383acead01e3c63e3.jpg, 0, 0, 0, 0, 0, 0, 0, 0, 0, 0, 0, 0, 0, 0, 0, 0, 0, 0, 0, 0, 0, 1, 0, 0, 0, 0, 0, 0, 0, 0
Screen-Shot-2023-07-15-at-11-05-39-PM_png_jpg.rf.0920778a74dbc6678eda520deeb96b51.jpg, 0, 0, 0, 0, 0, 0, 1, 0, 0, 0, 0, 0, 0, 0, 0, 0, 0, 0, 0, 0, 0, 0, 0, 0, 0, 0, 0, 0, 0, 0
Screen-Shot-2023-07-15-at-11-19-44-PM_png_jpg.rf.092bb0827c7849ed0f61164ef6ed8e8a.jpg, 0, 0, 0, 0, 0, 0, 0, 0, 0, 0, 0, 0, 0, 1, 0, 0, 0, 0, 0, 0, 0, 0, 0, 0, 0, 0, 0, 0, 0, 0
Screen-Shot-2023-07-17-at-12-17-57-AM_png_jpg.rf.0934f0eabf1fa164cc256c2009b4874c.jpg, 0, 0, 0, 0, 0, 0, 0, 0, 0, 0, 0, 0, 0, 0, 0, 0, 0, 0, 0, 0, 0, 0, 0, 0, 0, 0, 0, 0, 1, 0
Screen-Shot-2023-07-17-at-12-13-03-AM_png_jpg.rf.094ce6f31c32ec111d0f9b7ee8d5802d.jpg, 0, 0, 0, 0, 0, 0, 0, 0, 0, 0, 0, 0, 0, 0, 0, 0, 0, 0, 0, 0, 0, 0, 0, 1, 0, 0, 0, 0, 0, 0
Screen-Shot-2023-07-17-at-12-22-44-AM_png_jpg.rf.0951bd616b75e23d12e7da889f661992.jpg, 0, 0, 0, 0, 0, 0, 0, 0, 0, 0, 0, 0, 0, 0, 0, 0, 0, 0, 0, 0, 1, 0, 0, 0, 0, 0, 0, 0, 0, 0
Screen-Shot-2023-07-15-at-11-19-44-PM_png_jpg.rf.096a1c30ef8ca6182db425319774574c.jpg, 0, 0, 0, 0, 0, 0, 0, 0, 0, 0, 0, 0, 0, 1, 0, 0, 0, 0, 0, 0, 0, 0, 0, 0, 0, 0, 0, 0, 0, 0
Screen-Shot-2023-07-15-at-11-12-42-PM_png.rf.0978799323c2f1fa662c4d266daaa451.jpg, 0, 0, 0, 0, 0, 0, 0, 0, 0, 0, 1, 0, 0, 0, 0, 0, 0, 0, 0, 0, 0, 0, 0, 0, 0, 0, 0, 0, 0, 0
Screen-Shot-2023-07-16-at-12-15-42-PM_png_jpg.rf.099e7c3b5a06c7db6d6f53c9c7539e7a.jpg, 0, 0, 0, 0, 0, 0, 0, 0, 0, 0, 0, 0, 0, 0, 0, 0, 0, 0, 1, 0, 0, 0, 0, 0, 0, 0, 0, 0, 0, 0
Screen-Shot-2023-07-16-at-12-03-54-AM_png.rf.09a23364f2f124c61c47cad146da5c3a.jpg, 0, 0, 0, 0, 0, 0, 0, 0, 0, 0, 0, 0, 0, 0, 0, 0, 0, 0, 0, 0, 0, 0, 0, 0, 0, 0, 0, 0, 0, 1
Screen-Shot-2023-07-17-at-12-15-50-AM_png_jpg.rf.09c6e774e43170cf7e9511b7cd7b57d9.jpg, 0, 0, 0, 0, 0, 0, 0, 0, 0, 0, 0, 0, 0, 0, 0, 0, 0, 0, 0, 0, 0, 0, 0, 0, 0, 0, 1, 0, 0, 0
p1-JPG2dim_jpg.rf.09e78ae10435740fedbcce83ce322af9.jpg, 0, 0, 0, 0, 0, 0, 0, 0, 0, 0, 0, 0, 0, 0, 0, 0, 0, 1, 0, 0, 0, 0, 0, 0, 0, 0, 0, 0, 0, 0
Screen-Shot-2023-07-15-at-11-19-09-PM-copy_png.rf.09ec0fda2457f6413a0671d75fd625e2.jpg, 0, 0, 0, 0, 0, 0, 0, 0, 0, 0, 0, 0, 1, 0, 0, 0, 0, 0, 0, 0, 0, 0, 0, 0, 0, 0, 0, 0, 0, 0
Screen-Shot-2023-07-15-at-11-57-13-PM_png_jpg.rf.0a033248d0c71dfd13c85bfd0eb93be8.jpg, 0, 0, 0, 0, 0, 0, 0, 0, 0, 0, 0, 0, 0, 0, 0, 0, 0, 0, 0, 0, 0, 0, 0, 0, 0, 0, 1, 0, 0, 0
Screen-Shot-2023-07-15-at-11-10-45-PM_png_jpg.rf.0a2d7ee2675a34c6daa990b088866f96.jpg, 0, 0, 0, 0, 0, 0, 0, 0, 0, 1, 0, 0, 0, 0, 0, 0, 0, 0, 0, 0, 0, 0, 0, 0, 0, 0, 0, 0, 0, 0
e1-JPG11dim_jpg.rf.0a3d4e19b970bed9bbde1f3c339d567d.jpg, 0, 0, 0, 0, 0, 0, 1, 0, 0, 0, 0, 0, 0, 0, 0, 0, 0, 0, 0, 0, 0, 0, 0, 0, 0, 0, 0, 0, 0, 0
h1-JPG2whs_jpg.rf.0a555a5ae75bbebefc660b85969acf7c.jpg, 0, 0, 0, 0, 0, 0, 0, 0, 0, 1, 0, 0, 0, 0, 0, 0, 0, 0, 0, 0, 0, 0, 0, 0, 0, 0, 0, 0, 0, 0
Screen-Shot-2023-07-17-at-12-01-26-AM_png_jpg.rf.0a5e3deff86d51dd9bff904798ffd32e.jpg, 0, 0, 0, 0, 0, 0, 0, 0, 0, 0, 0, 1, 0, 0, 0, 0, 0, 0, 0, 0, 0, 0, 0, 0, 0, 0, 0, 0, 0, 0
Screen-Shot-2023-07-16-at-12-01-39-AM_png.rf.0a9cb4f08c64c1ad1ca17d69fa21a068.jpg, 0, 0, 0, 0, 0, 0, 0, 0, 0, 0, 0, 0, 0, 0, 0, 0, 0, 0, 0, 0, 0, 0, 0, 0, 0, 0, 0, 0, 1, 0
Screen-Shot-2023-07-16-at-11-57-45-PM_png_jpg.rf.0aaebc37ff271435f6f1f595341852a4.jpg, 0, 0, 0, 0, 0, 0, 0, 1, 0, 0, 0, 0, 0, 0, 0, 0, 0, 0, 0, 0, 0, 0, 0, 0, 0, 0, 0, 0, 0, 0
Screen-Shot-2023-07-17-at-12-16-02-AM_png_jpg.rf.0ab141b8441c7d65613dca6532c360b9.jpg, 0, 0, 0, 0, 0, 0, 0, 0, 0, 0, 0, 0, 0, 0, 0, 0, 0, 0, 0, 0, 0, 0, 0, 0, 0, 0, 1, 0, 0, 0
Screen-Shot-2023-07-15-at-11-37-01-PM_png_jpg.rf.0b025bd3d7c6136a25669f976de498a7.jpg, 0, 0, 0, 0, 0, 0, 0, 0, 0, 0, 0, 0, 0, 0, 0, 0, 0, 0, 0, 1, 0, 0, 0, 0, 0, 0, 0, 0, 0, 0
Screen-Shot-2023-07-16-at-12-03-54-AM_png_jpg.rf.0ab2b83ec7067cb90e67fba6f4775f7e.jpg, 0, 0, 0, 0, 0, 0, 0, 0, 0, 0, 0, 0, 0, 0, 0, 0, 0, 0, 0, 0, 0, 0, 0, 0, 0, 0, 0, 0, 0, 1
Screen-Shot-2023-07-16-at-11-57-45-PM_png_jpg.rf.0b2588792e5bc3912b957b8d3c775c17.jpg, 0, 0, 0, 0, 0, 0, 0, 1, 0, 0, 0, 0, 0, 0, 0, 0, 0, 0, 0, 0, 0, 0, 0, 0, 0, 0, 0, 0, 0, 0
Screen-Shot-2023-07-15-at-11-29-18-PM_png_jpg.rf.0ae87a54bdde81eb59d3d9d1d07ebcf5.jpg, 0, 0, 0, 0, 0, 0, 0, 0, 0, 0, 0, 0, 0, 0, 0, 0, 1, 0, 0, 0, 0, 0, 0, 0, 0, 0, 0, 0, 0, 0
Screen-Shot-2023-07-16-at-12-10-27-AM_png.rf.0b05518e87f920a18769f4de5fab2fa5.jpg, 0, 0, 0, 0, 0, 0, 0, 0, 0, 0, 0, 0, 0, 0, 0, 0, 0, 0, 0, 0, 1, 0, 0, 0, 0, 0, 0, 0, 0, 0
Screen-Shot-2023-07-17-at-12-05-55-AM_png_jpg.rf.0b23c6c283ee72221619aa1546efbdb3.jpg, 0, 0, 0, 0, 0, 0, 0, 0, 0, 0, 0, 0, 0, 0, 1, 0, 0, 0, 0, 0, 0, 0, 0, 0, 0, 0, 0, 0, 0, 0
Screen-Shot-2023-07-16-at-12-03-47-AM_png_jpg.rf.0b26434a35b3be65978851ef674f657d.jpg, 0, 0, 0, 0, 0, 0, 0, 0, 0, 0, 0, 0, 0, 0, 0, 0, 0, 0, 0, 0, 0, 0, 0, 0, 0, 0, 0, 0, 0, 1
Screen-Shot-2023-07-16-at-11-52-49-PM_png.rf.0bba1f6187ef0da5fb48699249c7fe3f.jpg, 0, 0, 0, 0, 0, 1, 0, 0, 0, 0, 0, 0, 0, 0, 0, 0, 0, 0, 0, 0, 0, 0, 0, 0, 0, 0, 0, 0, 0, 0
v1-JPG19dim_jpg.rf.0b46c4ef27d91d98d5e6934e84c68b73.jpg, 0, 0, 0, 0, 0, 0, 0, 0, 0, 0, 0, 0, 0, 0, 0, 0, 0, 0, 0, 0, 0, 0, 0, 0, 0, 1, 0, 0, 0, 0
Screen-Shot-2023-07-17-at-12-06-07-AM_png_jpg.rf.0b54f718e8b53a87d15b986841be5c77.jpg, 0, 0, 0, 0, 0, 0, 0, 0, 0, 0, 0, 0, 0, 0, 1, 0, 0, 0, 0, 0, 0, 0, 0, 0, 0, 0, 0, 0, 0, 0
Screen-Shot-2023-07-15-at-11-56-39-PM_png_jpg.rf.0b98f5c9c0d0b0c029ef7131d932ed1e.jpg, 0, 0, 0, 0, 0, 0, 0, 0, 0, 0, 0, 0, 0, 0, 0, 0, 0, 0, 0, 0, 0, 0, 0, 0, 0, 0, 1, 0, 0, 0
Screen-Shot-2023-07-17-at-12-08-40-AM_png_jpg.rf.0bc34acf68e73fcef0130088a849c587.jpg, 0, 0, 0, 0, 0, 0, 0, 0, 0, 0, 0, 0, 0, 0, 0, 0, 0, 1, 0, 0, 0, 0, 0, 0, 0, 0, 0, 0, 0, 0
m1-JPG13rot_jpg.rf.0bf70a78ca30b310e1182e82a0aed88c.jpg, 0, 0, 0, 0, 0, 0, 0, 0, 0, 0, 0, 0, 0, 0, 1, 0, 0, 0, 0, 0, 0, 0, 0, 0, 0, 0, 0, 0, 0, 0
Screen-Shot-2023-07-17-at-12-16-32-AM_png.rf.0aab12ec51fa005bcce5ea13b23b2323.jpg, 0, 0, 0, 0, 0, 0, 0, 0, 0, 0, 0, 0, 0, 0, 0, 0, 0, 0, 0, 0, 0, 0, 0, 0, 0, 0, 0, 1, 0, 0
Screen-Shot-2023-07-15-at-11-31-58-PM_png_jpg.rf.0c0c94451f9d38233d3ab24fa4fde577.jpg, 0, 0, 0, 0, 0, 0, 0, 0, 0, 0, 0, 0, 0, 0, 0, 0, 1, 0, 0, 0, 0, 0, 0, 0, 0, 0, 0, 0, 0, 0
Screen-Shot-2023-07-17-at-12-21-35-AM_png_jpg.rf.0be08a8b97469eea34b739a62b492639.jpg, 0, 0, 0, 0, 0, 0, 0, 0, 0, 0, 0, 0, 0, 0, 0, 0, 0, 0, 1, 0, 0, 0, 0, 0, 0, 0, 0, 0, 0, 0
Screen-Shot-2023-07-15-at-11-41-13-PM_png_jpg.rf.0c10cc32a99fecaa81f7c9c02f44615e.jpg, 0, 0, 0, 0, 0, 0, 0, 0, 0, 0, 0, 0, 0, 0, 0, 0, 0, 0, 0, 0, 0, 1, 0, 0, 0, 0, 0, 0, 0, 0
Screen-Shot-2023-07-15-at-11-26-48-PM_png_jpg.rf.0bd53785f71f13832fbff5f33d4689d4.jpg, 0, 0, 0, 0, 0, 0, 0, 0, 0, 0, 0, 0, 0, 0, 0, 1, 0, 0, 0, 0, 0, 0, 0, 0, 0, 0, 0, 0, 0, 0
Screen-Shot-2023-07-15-at-11-41-08-PM-copy-2_png_jpg.rf.0c9096631ea31fdba851fc935546039f.jpg, 0, 0, 0, 0, 0, 0, 0, 0, 0, 0, 0, 0, 0, 0, 0, 0, 0, 0, 0, 0, 0, 1, 0, 0, 0, 0, 0, 0, 0, 0
Screen-Shot-2023-07-17-at-12-16-48-AM_png_jpg.rf.0c58f82fb21b3197127f6f733f037f87.jpg, 0, 0, 0, 0, 0, 0, 0, 0, 0, 0, 0, 0, 0, 0, 0, 0, 0, 0, 0, 0, 0, 0, 0, 0, 0, 0, 0, 1, 0, 0
Screen-Shot-2023-07-15-at-11-31-17-PM_png_jpg.rf.0ad25d046688e74e2e6e1bb084f46997.jpg, 0, 0, 0, 0, 0, 0, 0, 0, 0, 0, 0, 0, 0, 0, 0, 0, 1, 0, 0, 0, 0, 0, 0, 0, 0, 0, 0, 0, 0, 0
a1-JPG5whs_jpg.rf.0ac2b24fb985421ea7ee0aba176079c5.jpg, 0, 1, 0, 0, 0, 0, 0, 0, 0, 0, 0, 0, 0, 0, 0, 0, 0, 0, 0, 0, 0, 0, 0, 0, 0, 0, 0, 0, 0, 0
o1-JPG15dim_jpg.rf.0cf1f56de67ffa1f0091a4028bb2d1d0.jpg, 0, 0, 0, 0, 0, 0, 0, 0, 0, 0, 0, 0, 0, 0, 0, 0, 1, 0, 0, 0, 0, 0, 0, 0, 0, 0, 0, 0, 0, 0
Screen-Shot-2023-07-15-at-11-23-10-PM-copy_png_jpg.rf.0beb66d896497b47f1764eb42ffe12a1.jpg, 0, 0, 0, 0, 0, 0, 0, 0, 0, 0, 0, 0, 0, 0, 1, 0, 0, 0, 0, 0, 0, 0, 0, 0, 0, 0, 0, 0, 0, 0
j1-JPG7whs_jpg.rf.0cadae5ae6603f92c4007887b006f950.jpg, 1, 0, 0, 0, 0, 0, 0, 0, 0, 0, 0, 0, 0, 0, 0, 0, 0, 0, 0, 0, 0, 0, 0, 0, 0, 0, 0, 0, 0, 0
Screen-Shot-2023-07-15-at-10-47-29-PM_png_jpg.rf.0d4e14cae7c44bfcd98005ec0a3a870e.jpg, 0, 1, 0, 0, 0, 0, 0, 0, 0, 0, 0, 0, 0, 0, 0, 0, 0, 0, 0, 0, 0, 0, 0, 0, 0, 0, 0, 0, 0, 0
Screen-Shot-2023-07-15-at-10-49-05-PM_png.rf.0d65f61f220b4dda92aba59870f028c5.jpg, 0, 0, 0, 0, 0, 0, 0, 1, 0, 0, 0, 0, 0, 0, 0, 0, 0, 0, 0, 0, 0, 0, 0, 0, 0, 0, 0, 0, 0, 0
c1-JPG10rot_jpg.rf.0d62e9c3fa2bc82197192f75d84082d9.jpg, 0, 0, 0, 1, 0, 0, 0, 0, 0, 0, 0, 0, 0, 0, 0, 0, 0, 0, 0, 0, 0, 0, 0, 0, 0, 0, 0, 0, 0, 0
Screen-Shot-2023-07-15-at-11-55-36-PM_png_jpg.rf.0d657ecf9b6317940fcc0d00e71b4661.jpg, 0, 0, 0, 0, 0, 0, 0, 0, 0, 0, 0, 0, 0, 0, 0, 0, 0, 0, 0, 0, 0, 0, 0, 0, 0, 1, 0, 0, 0, 0
Screen-Shot-2023-07-16-at-12-02-37-AM_png_jpg.rf.0c6e2c85e6d2448c3864d51b5f9e306a.jpg, 0, 0, 0, 0, 0, 0, 0, 0, 0, 0, 0, 0, 0, 0, 0, 0, 0, 0, 0, 0, 0, 0, 0, 0, 0, 0, 0, 0, 1, 0
Screen-Shot-2023-07-17-at-12-18-17-AM_png_jpg.rf.0e244131a7cfa99779f77ccd60c74bd9.jpg, 0, 0, 0, 0, 0, 0, 0, 0, 0, 0, 0, 0, 0, 0, 0, 0, 0, 0, 0, 0, 0, 0, 0, 0, 0, 0, 0, 0, 0, 1
Screen-Shot-2023-07-16-at-11-47-02-PM_png_jpg.rf.0d0ca0416a5c9703cb8b6136e7b822d7.jpg, 0, 0, 1, 0, 0, 0, 0, 0, 0, 0, 0, 0, 0, 0, 0, 0, 0, 0, 0, 0, 0, 0, 0, 0, 0, 0, 0, 0, 0, 0
Screen-Shot-2023-07-15-at-10-57-11-PM_png_jpg.rf.0d8b3f406352371844a416d1b2489c43.jpg, 0, 1, 0, 0, 0, 0, 0, 0, 0, 0, 0, 0, 0, 0, 0, 0, 0, 0, 0, 0, 0, 0, 0, 0, 0, 0, 0, 0, 0, 0
Screen-Shot-2023-07-17-at-12-04-03-AM_png_jpg.rf.0d9c20462baf808fcbe95e14cb78d2ba.jpg, 0, 0, 0, 0, 0, 0, 0, 0, 0, 0, 0, 0, 0, 1, 0, 0, 0, 0, 0, 0, 0, 0, 0, 0, 0, 0, 0, 0, 0, 0
w1-JPG5dim_jpg.rf.0d67d3f4abbda993ffacbb63ad375c92.jpg, 0, 0, 0, 0, 0, 0, 0, 0, 0, 0, 0, 0, 0, 0, 0, 0, 0, 0, 0, 0, 0, 0, 0, 0, 0, 0, 1, 0, 0, 0
Screen-Shot-2023-07-17-at-12-02-18-AM_png_jpg.rf.0db7bc9c9da773b2bd58aea5b5d9a31b.jpg, 0, 0, 0, 0, 0, 0, 0, 0, 0, 0, 0, 0, 1, 0, 0, 0, 0, 0, 0, 0, 0, 0, 0, 0, 0, 0, 0, 0, 0, 0
c1-JPG17rot_jpg.rf.0d716422b9aa73b7b0ce545a19b9df23.jpg, 0, 0, 0, 1, 0, 0, 0, 0, 0, 0, 0, 0, 0, 0, 0, 0, 0, 0, 0, 0, 0, 0, 0, 0, 0, 0, 0, 0, 0, 0
Screen-Shot-2023-07-17-at-12-07-58-AM_png_jpg.rf.0b553999a96178393c88fa242b1752e0.jpg, 0, 0, 0, 0, 0, 0, 0, 0, 0, 0, 0, 0, 0, 0, 0, 0, 1, 0, 0, 0, 0, 0, 0, 0, 0, 0, 0, 0, 0, 0
Screen-Shot-2023-07-15-at-11-35-43-PM_png_jpg.rf.0c851e7044ef02248c3c8029c770c9e9.jpg, 0, 0, 0, 0, 0, 0, 0, 0, 0, 0, 0, 0, 0, 0, 0, 0, 0, 0, 0, 1, 0, 0, 0, 0, 0, 0, 0, 0, 0, 0
c1-JPG5whs_jpg.rf.0e01b9dc192bcd7071dd60745395d4b8.jpg, 0, 0, 0, 1, 0, 0, 0, 0, 0, 0, 0, 0, 0, 0, 0, 0, 0, 0, 0, 0, 0, 0, 0, 0, 0, 0, 0, 0, 0, 0
Screen-Shot-2023-07-15-at-11-41-13-PM_png_jpg.rf.0c9a1d6c2ae8576ee6b1d9e539dd91fc.jpg, 0, 0, 0, 0, 0, 0, 0, 0, 0, 0, 0, 0, 0, 0, 0, 0, 0, 0, 0, 0, 0, 1, 0, 0, 0, 0, 0, 0, 0, 0
Screen-Shot-2023-07-15-at-11-28-40-PM_png_jpg.rf.0cff5d30df9534b38707c6bc6d1c54ea.jpg, 0, 0, 0, 0, 0, 0, 0, 0, 0, 0, 0, 0, 0, 0, 0, 0, 1, 0, 0, 0, 0, 0, 0, 0, 0, 0, 0, 0, 0, 0
Screen-Shot-2023-07-11-at-12-30-24-PM_png-copy_jpg.rf.0e537993fb48d419b2bddea23ec03587.jpg, 0, 0, 0, 0, 0, 0, 0, 0, 0, 0, 0, 0, 0, 0, 0, 0, 0, 0, 0, 0, 1, 0, 0, 0, 0, 0, 0, 0, 0, 0
Screen-Shot-2023-07-16-at-12-00-26-AM_png_jpg.rf.0d94376b505f22b7c60caf390d9715b0.jpg, 0, 0, 0, 0, 0, 0, 0, 0, 0, 0, 0, 0, 0, 0, 0, 0, 0, 0, 0, 0, 0, 0, 0, 0, 0, 0, 0, 1, 0, 0
Screen-Shot-2023-07-15-at-11-12-05-PM_png_jpg.rf.0d83fd5c389c257c6a9f944b767c600b.jpg, 0, 0, 0, 0, 0, 0, 0, 0, 0, 0, 1, 0, 0, 0, 0, 0, 0, 0, 0, 0, 0, 0, 0, 0, 0, 0, 0, 0, 0, 0
Screen-Shot-2023-07-15-at-11-45-02-PM_png_jpg.rf.0d984768b07f6dcf954f48393f8410b2.jpg, 0, 0, 0, 0, 0, 0, 0, 0, 0, 0, 0, 0, 0, 0, 0, 0, 0, 0, 0, 0, 0, 0, 0, 1, 0, 0, 0, 0, 0, 0
b1-JPG2rot_jpg.rf.0e6c31b8d092376fec3d5e4a70cf75cb.jpg, 1, 0, 0, 0, 0, 0, 0, 0, 0, 0, 0, 0, 0, 0, 0, 0, 0, 0, 0, 0, 0, 0, 0, 0, 0, 0, 0, 0, 0, 0
Screen-Shot-2023-07-15-at-11-59-21-PM_png_jpg.rf.0e5bd3f3a523222fda12d05089ef26fc.jpg, 0, 0, 0, 0, 0, 0, 0, 0, 0, 0, 0, 0, 0, 0, 0, 0, 0, 0, 0, 0, 0, 0, 0, 0, 0, 0, 0, 1, 0, 0
Screen-Shot-2023-07-15-at-11-18-42-PM_png_jpg.rf.0e7a1e74647d8262baea5639d24562d4.jpg, 0, 0, 0, 0, 0, 0, 0, 0, 0, 0, 0, 0, 1, 0, 0, 0, 0, 0, 0, 0, 0, 0, 0, 0, 0, 0, 0, 0, 0, 0
l1-JPG4whs_jpg.rf.0e8c5c154c89225495796f06f48df128.jpg, 0, 0, 0, 0, 0, 0, 0, 0, 0, 0, 0, 0, 0, 1, 0, 0, 0, 0, 0, 0, 0, 0, 0, 0, 0, 0, 0, 0, 0, 0
Screen-Shot-2023-07-15-at-11-29-05-PM_png_jpg.rf.0ee4454a408ea20f619069f4ad3a0d86.jpg, 0, 0, 0, 0, 0, 0, 0, 0, 0, 0, 0, 0, 0, 0, 0, 0, 1, 0, 0, 0, 0, 0, 0, 0, 0, 0, 0, 0, 0, 0
r1-JPG1rot_jpg.rf.0ee08dda1f0b687bdc799091c1358c18.jpg, 0, 0, 0, 0, 0, 0, 0, 0, 0, 0, 0, 0, 0, 0, 0, 0, 0, 0, 0, 0, 0, 1, 0, 0, 0, 0, 0, 0, 0, 0
Screen-Shot-2023-07-17-at-12-13-03-AM_png_jpg.rf.0e80a0914589ec78ed833c49906254b2.jpg, 0, 0, 0, 0, 0, 0, 0, 0, 0, 0, 0, 0, 0, 0, 0, 0, 0, 0, 0, 0, 0, 0, 0, 1, 0, 0, 0, 0, 0, 0
y1-JPG8rot_jpg.rf.0e7ba18fa755c8640074e6aef5c40775.jpg, 0, 0, 0, 0, 0, 0, 0, 0, 0, 0, 0, 0, 0, 0, 0, 0, 0, 0, 0, 0, 0, 0, 0, 0, 0, 0, 0, 0, 1, 0
s1-JPG18rot_jpg.rf.0ea47faa92cf8e736936e4cc3762b3d9.jpg, 0, 0, 0, 0, 0, 0, 0, 0, 0, 0, 0, 0, 0, 0, 0, 0, 0, 0, 0, 0, 0, 0, 1, 0, 0, 0, 0, 0, 0, 0
l1-JPG13dim_jpg.rf.0ee6207286279d2afce37c8ea331d36f.jpg, 1, 0, 0, 0, 0, 0, 0, 0, 0, 0, 0, 0, 0, 0, 0, 0, 0, 0, 0, 0, 0, 0, 0, 0, 0, 0, 0, 0, 0, 0
f1-JPG4whs_jpg.rf.0dbc228ca33a35e9575399af133645bc.jpg, 0, 0, 0, 0, 0, 0, 0, 1, 0, 0, 0, 0, 0, 0, 0, 0, 0, 0, 0, 0, 0, 0, 0, 0, 0, 0, 0, 0, 0, 0
Screen-Shot-2023-07-15-at-11-13-49-PM_png_jpg.rf.0da93d9d17a14d55f14aadc3f3c0dc76.jpg, 0, 0, 0, 0, 0, 0, 0, 0, 0, 0, 1, 0, 0, 0, 0, 0, 0, 0, 0, 0, 0, 0, 0, 0, 0, 0, 0, 0, 0, 0
Screen-Shot-2023-07-17-at-12-01-31-AM_png_jpg.rf.0eff1ee3c447d0f7b0e80f893fb88956.jpg, 0, 0, 0, 0, 0, 0, 0, 0, 0, 0, 0, 1, 0, 0, 0, 0, 0, 0, 0, 0, 0, 0, 0, 0, 0, 0, 0, 0, 0, 0
h1-JPG4rot_jpg.rf.0f521ba0c8cd4c283be4304114d671f2.jpg, 0, 0, 0, 0, 0, 0, 0, 0, 0, 1, 0, 0, 0, 0, 0, 0, 0, 0, 0, 0, 0, 0, 0, 0, 0, 0, 0, 0, 0, 0
v1-JPG8rot_jpg.rf.0efbaa73dbe50e3c83029fdb49d652e3.jpg, 1, 0, 0, 0, 0, 0, 0, 0, 0, 0, 0, 0, 0, 0, 0, 0, 0, 0, 0, 0, 0, 0, 0, 0, 0, 0, 0, 0, 0, 0
Screen-Shot-2023-07-15-at-11-11-51-PM_png_jpg.rf.0ec745d42ee8a4059c42573644ba8334.jpg, 0, 0, 0, 0, 0, 0, 0, 0, 0, 1, 0, 0, 0, 0, 0, 0, 0, 0, 0, 0, 0, 0, 0, 0, 0, 0, 0, 0, 0, 0
Screen-Shot-2023-07-17-at-12-15-33-AM_png_jpg.rf.0f7a9a9433068aa467bd0f106838ed04.jpg, 0, 0, 0, 0, 0, 0, 0, 0, 0, 0, 0, 0, 0, 0, 0, 0, 0, 0, 0, 0, 0, 0, 0, 0, 0, 0, 1, 0, 0, 0
Screen-Shot-2023-07-17-at-12-08-33-AM_png_jpg.rf.0fbda4a8fb3a8010972ce8dd5a46ddcb.jpg, 0, 0, 0, 0, 0, 0, 0, 0, 0, 0, 0, 0, 0, 0, 0, 0, 1, 0, 0, 0, 0, 0, 0, 0, 0, 0, 0, 0, 0, 0
o1-JPG11rot_jpg.rf.0f36bf074cf891343797e38ed5ae9e1f.jpg, 0, 0, 0, 0, 0, 0, 0, 0, 0, 0, 0, 0, 0, 0, 0, 0, 1, 0, 0, 0, 0, 0, 0, 0, 0, 0, 0, 0, 0, 0
Screen-Shot-2023-07-17-at-12-01-43-AM_png_jpg.rf.0eacb647c2161f3767051259049a4962.jpg, 0, 0, 0, 0, 0, 0, 0, 0, 0, 0, 0, 1, 0, 0, 0, 0, 0, 0, 0, 0, 0, 0, 0, 0, 0, 0, 0, 0, 0, 0
Screen-Shot-2023-07-15-at-11-14-48-PM-copy_png_jpg.rf.0f90afb06bbba9928396190f09f84310.jpg, 0, 0, 0, 0, 0, 0, 0, 0, 0, 0, 0, 1, 0, 0, 0, 0, 0, 0, 0, 0, 0, 0, 0, 0, 0, 0, 0, 0, 0, 0
Screen-Shot-2023-07-17-at-12-17-35-AM_png.rf.0e2c8db716e2b7de5bf2a82d3ebec1c9.jpg, 0, 0, 0, 0, 0, 0, 0, 0, 0, 0, 0, 0, 0, 0, 0, 0, 0, 0, 0, 0, 0, 0, 0, 0, 0, 0, 0, 0, 1, 0
Screen-Shot-2023-07-15-at-11-08-17-PM_png_jpg.rf.0f8cc4cb4aa6f427b59da7255bd73efa.jpg, 0, 0, 0, 0, 0, 0, 0, 0, 1, 0, 0, 0, 0, 0, 0, 0, 0, 0, 0, 0, 0, 0, 0, 0, 0, 0, 0, 0, 0, 0
Screen-Shot-2023-07-15-at-11-55-44-PM_png_jpg.rf.0fe362710fa2e85f4083c9a1c73be532.jpg, 0, 0, 0, 0, 0, 0, 0, 0, 0, 0, 0, 0, 0, 0, 0, 0, 0, 0, 0, 0, 0, 0, 0, 0, 0, 1, 0, 0, 0, 0
Screen-Shot-2023-07-11-at-12-28-38-PM_png_jpg.rf.100078304a27d2abb620b55d274284cd.jpg, 0, 0, 0, 0, 1, 0, 0, 0, 0, 0, 0, 0, 0, 0, 0, 0, 0, 0, 0, 0, 0, 0, 0, 0, 0, 0, 0, 0, 0, 0
Screen-Shot-2023-07-11-at-12-28-38-PM_png_jpg.rf.0fd340b98cf0717fb807c172532a7bee.jpg, 0, 0, 0, 0, 1, 0, 0, 0, 0, 0, 0, 0, 0, 0, 0, 0, 0, 0, 0, 0, 0, 0, 0, 0, 0, 0, 0, 0, 0, 0
Screen-Shot-2023-07-15-at-11-31-17-PM_png_jpg.rf.101af4e4fd6cb0494ab76f9f94d17e4b.jpg, 0, 0, 0, 0, 0, 0, 0, 0, 0, 0, 0, 0, 0, 0, 0, 0, 1, 0, 0, 0, 0, 0, 0, 0, 0, 0, 0, 0, 0, 0
z1-JPG12rot_jpg.rf.1048ef841204efbfc2cf0d4cdf3d2d1d.jpg, 0, 0, 0, 0, 0, 0, 0, 0, 0, 0, 0, 0, 0, 0, 0, 0, 0, 0, 0, 0, 0, 0, 0, 0, 0, 0, 0, 0, 0, 1
Screen-Shot-2023-07-16-at-11-52-49-PM_png_jpg.rf.1063c0eec8cb0609fae464d509845555.jpg, 0, 0, 0, 0, 0, 1, 0, 0, 0, 0, 0, 0, 0, 0, 0, 0, 0, 0, 0, 0, 0, 0, 0, 0, 0, 0, 0, 0, 0, 0
Screen-Shot-2023-07-16-at-12-06-40-AM_png_jpg.rf.0febe4e310bb07c229bcd55f7878c5df.jpg, 0, 0, 0, 0, 1, 0, 0, 0, 0, 0, 0, 0, 0, 0, 0, 0, 0, 0, 0, 0, 0, 0, 0, 0, 0, 0, 0, 0, 0, 0
Screen-Shot-2023-07-15-at-11-13-23-PM_png_jpg.rf.10f57cfc3a2466ab613cdda09e948fc6.jpg, 0, 0, 0, 0, 0, 0, 0, 0, 0, 0, 1, 0, 0, 0, 0, 0, 0, 0, 0, 0, 0, 0, 0, 0, 0, 0, 0, 0, 0, 0
Screen-Shot-2023-07-17-at-12-15-33-AM_png_jpg.rf.1020667e7656d77498eb80ed7d8263c8.jpg, 0, 0, 0, 0, 0, 0, 0, 0, 0, 0, 0, 0, 0, 0, 0, 0, 0, 0, 0, 0, 0, 0, 0, 0, 0, 0, 1, 0, 0, 0
b1-JPG19dim_jpg.rf.104faa904ea1fcbb878a5d767f7144d3.jpg, 0, 0, 1, 0, 0, 0, 0, 0, 0, 0, 0, 0, 0, 0, 0, 0, 0, 0, 0, 0, 0, 0, 0, 0, 0, 0, 0, 0, 0, 0
a1-JPG18rot_jpg.rf.104132e145cc7ab5b3c512c1c3e51b5a.jpg, 0, 1, 0, 0, 0, 0, 0, 0, 0, 0, 0, 0, 0, 0, 0, 0, 0, 0, 0, 0, 0, 0, 0, 0, 0, 0, 0, 0, 0, 0
Screen-Shot-2023-07-15-at-11-17-29-PM_png_jpg.rf.11c9b6b1488bcbaa51cf5f5e2bfc04bb.jpg, 0, 0, 0, 0, 0, 0, 0, 0, 0, 0, 0, 0, 1, 0, 0, 0, 0, 0, 0, 0, 0, 0, 0, 0, 0, 0, 0, 0, 0, 0
Screen-Shot-2023-07-17-at-12-02-38-AM_png_jpg.rf.10f4d2f9834c4ff25dda8fe8727c0837.jpg, 0, 0, 0, 0, 0, 0, 0, 0, 0, 0, 0, 0, 1, 0, 0, 0, 0, 0, 0, 0, 0, 0, 0, 0, 0, 0, 0, 0, 0, 0
Screen-Shot-2023-07-16-at-12-15-15-PM_png_jpg.rf.11a32440e93c69a3cd2c70833f0ee2a6.jpg, 0, 0, 0, 0, 0, 0, 0, 0, 0, 0, 0, 0, 0, 0, 0, 0, 0, 0, 1, 0, 0, 0, 0, 0, 0, 0, 0, 0, 0, 0
Screen-Shot-2023-07-15-at-11-03-10-PM_png_jpg.rf.110117510c76b7f9e879e2b334bd1bfd.jpg, 0, 0, 0, 0, 0, 1, 0, 0, 0, 0, 0, 0, 0, 0, 0, 0, 0, 0, 0, 0, 0, 0, 0, 0, 0, 0, 0, 0, 0, 0
Screen-Shot-2023-07-17-at-12-02-24-AM_png_jpg.rf.11a9c8c966d26d09ab094d4e5b49d6b0.jpg, 0, 0, 0, 0, 0, 0, 0, 0, 0, 0, 0, 0, 1, 0, 0, 0, 0, 0, 0, 0, 0, 0, 0, 0, 0, 0, 0, 0, 0, 0
Screen-Shot-2023-07-16-at-12-00-48-AM_png_jpg.rf.11b3000648f3768e3e8a43ca8f578e65.jpg, 0, 0, 0, 0, 0, 0, 0, 0, 0, 0, 0, 0, 0, 0, 0, 0, 0, 0, 0, 0, 0, 0, 0, 0, 0, 0, 0, 0, 1, 0
n1-JPG17rot_jpg.rf.116b37ff212135022c2879c498b33a87.jpg, 0, 0, 0, 0, 0, 0, 0, 0, 0, 0, 0, 0, 0, 0, 0, 1, 0, 0, 0, 0, 0, 0, 0, 0, 0, 0, 0, 0, 0, 0
Screen-Shot-2023-07-16-at-12-07-43-AM_png_jpg.rf.11c74bba754c20b862f961d6a1d73d25.jpg, 0, 0, 0, 0, 1, 0, 0, 0, 0, 0, 0, 0, 0, 0, 0, 0, 0, 0, 0, 0, 0, 0, 0, 0, 0, 0, 0, 0, 0, 0
q1-JPG7rot_jpg.rf.0fbf4597a75134b4b039a4539836a58c.jpg, 0, 0, 0, 0, 0, 0, 0, 0, 0, 0, 0, 0, 0, 0, 0, 0, 0, 0, 0, 1, 0, 0, 0, 0, 0, 0, 0, 0, 0, 0
Screen-Shot-2023-07-16-at-11-55-31-PM-copy_png_jpg.rf.116223cd52d0a299b454e4834e096642.jpg, 0, 0, 0, 0, 0, 0, 0, 1, 0, 0, 0, 0, 0, 0, 0, 0, 0, 0, 0, 0, 0, 0, 0, 0, 0, 0, 0, 0, 0, 0
Screen-Shot-2023-07-17-at-12-07-53-AM_png_jpg.rf.11e352d3e58d0dd84fa700eed8b914fe.jpg, 0, 0, 0, 0, 0, 0, 0, 0, 0, 0, 0, 0, 0, 0, 0, 0, 1, 0, 0, 0, 0, 0, 0, 0, 0, 0, 0, 0, 0, 0
Screen-Shot-2023-07-15-at-10-51-06-PM_png_jpg.rf.1113d2cfd2f38fb69221488dfde3e4fc.jpg, 0, 0, 0, 0, 0, 0, 0, 1, 0, 0, 0, 0, 0, 0, 0, 0, 0, 0, 0, 0, 0, 0, 0, 0, 0, 0, 0, 0, 0, 0
Screen-Shot-2023-07-16-at-12-02-13-AM_png_jpg.rf.10c522131ef4757ddce0b5bad4c08709.jpg, 0, 0, 0, 0, 0, 0, 0, 0, 0, 0, 0, 0, 0, 0, 0, 0, 0, 0, 0, 0, 0, 0, 0, 0, 0, 0, 0, 0, 1, 0
Screen-Shot-2023-07-15-at-10-55-37-PM_png_jpg.rf.10301dfe9b91c0f242e3e5734312f45c.jpg, 0, 1, 0, 0, 0, 0, 0, 0, 0, 0, 0, 0, 0, 0, 0, 0, 0, 0, 0, 0, 0, 0, 0, 0, 0, 0, 0, 0, 0, 0
Screen-Shot-2023-07-16-at-11-59-24-PM_png_jpg.rf.10e40953c7ced80c6d125223145d26a1.jpg, 0, 0, 0, 0, 0, 0, 0, 0, 0, 1, 0, 0, 0, 0, 0, 0, 0, 0, 0, 0, 0, 0, 0, 0, 0, 0, 0, 0, 0, 0
Screen-Shot-2023-07-17-at-12-07-02-AM_png_jpg.rf.1210bc464c06e07c8d133bcf837ab96c.jpg, 0, 0, 0, 0, 0, 0, 0, 0, 0, 0, 0, 0, 0, 0, 0, 1, 0, 0, 0, 0, 0, 0, 0, 0, 0, 0, 0, 0, 0, 0
p1-JPG8rot_jpg.rf.126fbb2d81295a0bda32b8465cbf095a.jpg, 0, 0, 0, 0, 0, 0, 0, 0, 0, 0, 0, 0, 0, 0, 0, 0, 0, 1, 0, 0, 0, 0, 0, 0, 0, 0, 0, 0, 0, 0
Screen-Shot-2023-07-17-at-12-05-50-AM_png_jpg.rf.11f1a7f5dac9402d89541acdcc089949.jpg, 0, 0, 0, 0, 0, 0, 0, 0, 0, 0, 0, 0, 0, 0, 1, 0, 0, 0, 0, 0, 0, 0, 0, 0, 0, 0, 0, 0, 0, 0
o1-JPG8whs_jpg.rf.123cc5f28f2ee407a225cb7aa896b6c6.jpg, 0, 0, 0, 0, 0, 0, 0, 0, 0, 0, 0, 0, 0, 0, 0, 0, 1, 0, 0, 0, 0, 0, 0, 0, 0, 0, 0, 0, 0, 0
Screen-Shot-2023-07-17-at-12-16-13-AM_png_jpg.rf.11153d7697742d749067941d5913d525.jpg, 0, 0, 0, 0, 0, 0, 0, 0, 0, 0, 0, 0, 0, 0, 0, 0, 0, 0, 0, 0, 0, 0, 0, 0, 0, 0, 0, 1, 0, 0
Screen-Shot-2023-07-15-at-11-11-05-PM-copy_png_jpg.rf.1252a1d102e0ad19ab1e7ae1a75be282.jpg, 0, 0, 0, 0, 0, 0, 0, 0, 0, 1, 0, 0, 0, 0, 0, 0, 0, 0, 0, 0, 0, 0, 0, 0, 0, 0, 0, 0, 0, 0
Screen-Shot-2023-07-15-at-11-41-33-PM_png_jpg.rf.12ce6d90e8c25c1d703d7bf3e6c6a0c7.jpg, 0, 0, 0, 0, 0, 0, 0, 0, 0, 0, 0, 0, 0, 0, 0, 0, 0, 0, 0, 0, 0, 1, 0, 0, 0, 0, 0, 0, 0, 0
Screen-Shot-2023-07-15-at-11-34-43-PM_png_jpg.rf.12c9d9a8228fda21a693a0449e6c9b61.jpg, 0, 0, 0, 0, 0, 0, 0, 0, 0, 0, 0, 0, 0, 0, 0, 0, 0, 0, 0, 1, 0, 0, 0, 0, 0, 0, 0, 0, 0, 0
v1-JPG2whs_jpg.rf.12f21b92634d2c6483ee3a11fec2db94.jpg, 0, 0, 0, 0, 0, 0, 0, 0, 0, 0, 0, 0, 0, 0, 0, 0, 0, 0, 0, 0, 0, 0, 0, 0, 0, 1, 0, 0, 0, 0
Screen-Shot-2023-07-16-at-11-52-30-PM_png.rf.11f004d3f0f617c67e7a333c55c2e30a.jpg, 0, 0, 0, 0, 0, 1, 0, 0, 0, 0, 0, 0, 0, 0, 0, 0, 0, 0, 0, 0, 0, 0, 0, 0, 0, 0, 0, 0, 0, 0
Screen-Shot-2023-07-17-at-12-03-41-AM_png.rf.13668335210db071aa2fe76a0367a6df.jpg, 0, 0, 0, 0, 0, 0, 0, 0, 0, 0, 0, 0, 0, 1, 0, 0, 0, 0, 0, 0, 0, 0, 0, 0, 0, 0, 0, 0, 0, 0
Screen-Shot-2023-07-17-at-12-13-03-AM_png_jpg.rf.135676ed1c45a7e277785ffe290106fe.jpg, 0, 0, 0, 0, 0, 0, 0, 0, 0, 0, 0, 0, 0, 0, 0, 0, 0, 0, 0, 0, 0, 0, 0, 1, 0, 0, 0, 0, 0, 0
n1-JPG15whs_jpg.rf.1331a1f9bc545dbf9129e4ef11225458.jpg, 0, 0, 0, 0, 0, 0, 0, 0, 0, 0, 0, 0, 0, 0, 0, 1, 0, 0, 0, 0, 0, 0, 0, 0, 0, 0, 0, 0, 0, 0
Screen-Shot-2023-07-16-at-11-57-52-PM_png_jpg.rf.135fc4aa694e067cad6b7eabfe6e0711.jpg, 0, 0, 0, 0, 0, 0, 0, 1, 0, 0, 0, 0, 0, 0, 0, 0, 0, 0, 0, 0, 0, 0, 0, 0, 0, 0, 0, 0, 0, 0
t1-JPG17whs_jpg.rf.12af0c4f5f156f950918d27fe2a9414e.jpg, 0, 0, 0, 0, 0, 0, 0, 0, 0, 0, 0, 0, 0, 0, 0, 0, 0, 0, 0, 0, 0, 0, 0, 1, 0, 0, 0, 0, 0, 0
Screen-Shot-2023-07-15-at-11-05-39-PM_png_jpg.rf.1300b312276b8289045d39fcea209bea.jpg, 0, 0, 0, 0, 0, 0, 1, 0, 0, 0, 0, 0, 0, 0, 0, 0, 0, 0, 0, 0, 0, 0, 0, 0, 0, 0, 0, 0, 0, 0
Screen-Shot-2023-07-16-at-11-56-03-PM_png_jpg.rf.12da020189991ac686f2909eff46f5e1.jpg, 0, 0, 0, 0, 0, 0, 0, 1, 0, 0, 0, 0, 0, 0, 0, 0, 0, 0, 0, 0, 0, 0, 0, 0, 0, 0, 0, 0, 0, 0
Screen-Shot-2023-07-15-at-11-05-10-PM_png_jpg.rf.136a166e0c289677c129cc29a4b7cf0c.jpg, 0, 0, 0, 0, 0, 0, 1, 0, 0, 0, 0, 0, 0, 0, 0, 0, 0, 0, 0, 0, 0, 0, 0, 0, 0, 0, 0, 0, 0, 0
Screen-Shot-2023-07-15-at-11-01-56-PM_png.rf.13d27aa88095a38079a16f4273d9b082.jpg, 0, 0, 0, 1, 0, 0, 0, 0, 0, 0, 0, 0, 0, 0, 0, 0, 0, 0, 0, 0, 0, 0, 0, 0, 0, 0, 0, 0, 0, 0
w1-JPG1whs_jpg.rf.13cb5b66d9a465564bc6543c657cf67f.jpg, 0, 0, 0, 0, 0, 0, 0, 0, 0, 0, 0, 0, 0, 0, 0, 0, 0, 0, 0, 0, 0, 0, 0, 0, 0, 0, 1, 0, 0, 0
Screen-Shot-2023-07-17-at-12-10-37-AM_png_jpg.rf.1373638d8c20a4ec1eddef51d985a535.jpg, 0, 0, 0, 0, 0, 0, 0, 0, 0, 0, 0, 0, 0, 0, 0, 0, 0, 0, 0, 1, 0, 0, 0, 0, 0, 0, 0, 0, 0, 0
Screen-Shot-2023-07-16-at-11-46-48-PM_png_jpg.rf.13382213241fa3e40b15022020f99cda.jpg, 0, 0, 1, 0, 0, 0, 0, 0, 0, 0, 0, 0, 0, 0, 0, 0, 0, 0, 0, 0, 0, 0, 0, 0, 0, 0, 0, 0, 0, 0
Screen-Shot-2023-07-16-at-12-03-35-AM_png_jpg.rf.13af525b9ecb5325ad16a03d3065447b.jpg, 0, 0, 0, 0, 0, 0, 0, 0, 0, 0, 0, 0, 0, 0, 0, 0, 0, 0, 0, 0, 0, 0, 0, 0, 0, 0, 0, 0, 0, 1
Screen-Shot-2023-07-15-at-10-47-56-PM_png.rf.127d211c139b9f4a8dcdbf282f80625d.jpg, 0, 0, 0, 1, 0, 0, 0, 0, 0, 0, 0, 0, 0, 0, 0, 0, 0, 0, 0, 0, 0, 0, 0, 0, 0, 0, 0, 0, 0, 0
Screen-Shot-2023-07-16-at-11-47-31-PM_png_jpg.rf.12c22cf48207e9ecb2fdc58b391a0143.jpg, 0, 0, 1, 0, 0, 0, 0, 0, 0, 0, 0, 0, 0, 0, 0, 0, 0, 0, 0, 0, 0, 0, 0, 0, 0, 0, 0, 0, 0, 0
Screen-Shot-2023-07-16-at-11-56-22-PM_png.rf.13838f335b0785b3600fe2980246f907.jpg, 0, 0, 0, 0, 0, 0, 0, 1, 0, 0, 0, 0, 0, 0, 0, 0, 0, 0, 0, 0, 0, 0, 0, 0, 0, 0, 0, 0, 0, 0
Screen-Shot-2023-07-17-at-12-21-11-AM_png.rf.13a276da045faca296107c0963340e32.jpg, 0, 0, 0, 0, 0, 0, 0, 0, 0, 0, 0, 0, 0, 0, 0, 0, 0, 0, 1, 0, 0, 0, 0, 0, 0, 0, 0, 0, 0, 0
Screen-Shot-2023-07-11-at-12-28-23-PM_png_jpg.rf.146a5348ad4c35fb35c34d8c76c160c7.jpg, 0, 0, 0, 0, 0, 0, 0, 0, 0, 0, 0, 0, 0, 0, 0, 0, 0, 0, 1, 0, 0, 0, 0, 0, 0, 0, 0, 0, 0, 0
h1-JPG11whs_jpg.rf.15683887a6cdcaae95f00516dd5f12d7.jpg, 0, 0, 0, 0, 0, 0, 0, 0, 0, 1, 0, 0, 0, 0, 0, 0, 0, 0, 0, 0, 0, 0, 0, 0, 0, 0, 0, 0, 0, 0
Screen-Shot-2023-07-16-at-11-46-19-PM_png_jpg.rf.153ed91807f9d5ac3792fa7b8d14f6ab.jpg, 0, 1, 0, 0, 0, 0, 0, 0, 0, 0, 0, 0, 0, 0, 0, 0, 0, 0, 0, 0, 0, 0, 0, 0, 0, 0, 0, 0, 0, 0
Screen-Shot-2023-07-16-at-12-12-31-AM_png_jpg.rf.1551e5fe92abf61014477af168daab03.jpg, 0, 0, 0, 0, 0, 0, 0, 0, 0, 0, 0, 0, 0, 0, 0, 0, 0, 0, 0, 0, 1, 0, 0, 0, 0, 0, 0, 0, 0, 0
Screen-Shot-2023-07-16-at-11-59-08-PM_png_jpg.rf.155b12156d197079d9a67719f6340561.jpg, 0, 0, 0, 0, 0, 0, 0, 0, 0, 1, 0, 0, 0, 0, 0, 0, 0, 0, 0, 0, 0, 0, 0, 0, 0, 0, 0, 0, 0, 0
Screen-Shot-2023-07-15-at-11-42-47-PM_png_jpg.rf.140372a2c95cb46d8fc20601854504c5.jpg, 0, 0, 0, 0, 0, 0, 0, 0, 0, 0, 0, 0, 0, 0, 0, 0, 0, 0, 0, 0, 0, 0, 1, 0, 0, 0, 0, 0, 0, 0
Screen-Shot-2023-07-15-at-11-46-29-PM_png_jpg.rf.12c2e359b92d7c1334c23a3e81ffaaaf.jpg, 0, 0, 0, 0, 0, 0, 0, 0, 0, 0, 0, 0, 0, 0, 0, 0, 0, 0, 0, 0, 0, 0, 0, 1, 0, 0, 0, 0, 0, 0
Screen-Shot-2023-07-15-at-11-33-29-PM_png_jpg.rf.15f955ed32cc69a7a7bd6226e139a6f1.jpg, 0, 0, 0, 0, 0, 0, 0, 0, 0, 0, 0, 0, 0, 0, 0, 0, 0, 1, 0, 0, 0, 0, 0, 0, 0, 0, 0, 0, 0, 0
Screen-Shot-2023-07-15-at-11-40-57-PM_png.rf.15c43c62d1d5f0a2c404900fcb220f3e.jpg, 0, 0, 0, 0, 0, 0, 0, 0, 0, 0, 0, 0, 0, 0, 0, 0, 0, 0, 0, 0, 0, 1, 0, 0, 0, 0, 0, 0, 0, 0
Screen-Shot-2023-07-17-at-12-18-58-AM_png_jpg.rf.15a1a5ff218e46c660036bcfb6493104.jpg, 0, 0, 0, 0, 0, 0, 0, 0, 0, 0, 0, 0, 0, 0, 0, 0, 0, 0, 0, 0, 0, 0, 0, 0, 0, 0, 0, 0, 0, 1
Screen-Shot-2023-07-15-at-11-29-05-PM_png_jpg.rf.158fc1a757f3815bf1bd4008592921a0.jpg, 0, 0, 0, 0, 0, 0, 0, 0, 0, 0, 0, 0, 0, 0, 0, 0, 1, 0, 0, 0, 0, 0, 0, 0, 0, 0, 0, 0, 0, 0
Screen-Shot-2023-07-16-at-11-50-27-PM_png_jpg.rf.15805495f7fe1bcde45d844998cc79f5.jpg, 0, 0, 0, 1, 0, 0, 0, 0, 0, 0, 0, 0, 0, 0, 0, 0, 0, 0, 0, 0, 0, 0, 0, 0, 0, 0, 0, 0, 0, 0
Screen-Shot-2023-07-17-at-12-06-13-AM_png_jpg.rf.15c44f4b616818d8a57bee08105862f4.jpg, 0, 0, 0, 0, 0, 0, 0, 0, 0, 0, 0, 0, 0, 0, 1, 0, 0, 0, 0, 0, 0, 0, 0, 0, 0, 0, 0, 0, 0, 0
Screen-Shot-2023-07-15-at-11-41-25-PM_png_jpg.rf.161c86c9ae42fc62fb34d2d8fbf263df.jpg, 0, 0, 0, 0, 0, 0, 0, 0, 0, 0, 0, 0, 0, 0, 0, 0, 0, 0, 0, 0, 0, 1, 0, 0, 0, 0, 0, 0, 0, 0
Screen-Shot-2023-07-16-at-12-07-43-AM_png_jpg.rf.1617574160c0621a3c929a79557c90fc.jpg, 0, 0, 0, 0, 1, 0, 0, 0, 0, 0, 0, 0, 0, 0, 0, 0, 0, 0, 0, 0, 0, 0, 0, 0, 0, 0, 0, 0, 0, 0
p1-JPG12rot_jpg.rf.1068c5250e3c3f5c5874ef87d6e1f151.jpg, 1, 0, 0, 0, 0, 0, 0, 0, 0, 0, 0, 0, 0, 0, 0, 0, 0, 0, 0, 0, 0, 0, 0, 0, 0, 0, 0, 0, 0, 0
Screen-Shot-2023-07-15-at-11-35-01-PM_png.rf.15837fb4b7786aa989db28ef7dec0691.jpg, 0, 0, 0, 0, 0, 0, 0, 0, 0, 0, 0, 0, 0, 0, 0, 0, 0, 0, 0, 1, 0, 0, 0, 0, 0, 0, 0, 0, 0, 0
Screen-Shot-2023-07-15-at-11-13-23-PM_png_jpg.rf.15c7b691ee59a2d113fd54030e7cb93a.jpg, 0, 0, 0, 0, 0, 0, 0, 0, 0, 0, 1, 0, 0, 0, 0, 0, 0, 0, 0, 0, 0, 0, 0, 0, 0, 0, 0, 0, 0, 0
Screen-Shot-2023-07-17-at-12-11-59-AM_png_jpg.rf.15ad7d71284bc0d322f1f1cd28a0596d.jpg, 0, 0, 0, 0, 0, 0, 0, 0, 0, 0, 0, 0, 0, 0, 0, 0, 0, 0, 0, 0, 0, 0, 1, 0, 0, 0, 0, 0, 0, 0
Screen-Shot-2023-07-17-at-12-07-02-AM_png_jpg.rf.157b3fabc1312f4da64a281fb40dd96a.jpg, 0, 0, 0, 0, 0, 0, 0, 0, 0, 0, 0, 0, 0, 0, 0, 1, 0, 0, 0, 0, 0, 0, 0, 0, 0, 0, 0, 0, 0, 0
y1-JPG7whs_jpg.rf.167b9ea371303ae263b8af067e3af79b.jpg, 0, 0, 0, 0, 0, 0, 0, 0, 0, 0, 0, 0, 0, 0, 0, 0, 0, 0, 0, 0, 0, 0, 0, 0, 0, 0, 0, 0, 1, 0
Screen-Shot-2023-07-17-at-12-12-21-AM_png_jpg.rf.16241079a14b3b33cce0f9fe87e910e0.jpg, 0, 0, 0, 0, 0, 0, 0, 0, 0, 0, 0, 0, 0, 0, 0, 0, 0, 0, 0, 0, 0, 0, 1, 0, 0, 0, 0, 0, 0, 0
e1-JPG14dim_jpg.rf.167edb112db14d842d4c13ebc6c8fa64.jpg, 0, 0, 0, 0, 0, 0, 1, 0, 0, 0, 0, 0, 0, 0, 0, 0, 0, 0, 0, 0, 0, 0, 0, 0, 0, 0, 0, 0, 0, 0
Screen-Shot-2023-07-15-at-11-02-17-PM_png_jpg.rf.14a72109492f5cc3722766cf6c852862.jpg, 0, 0, 0, 1, 0, 0, 0, 0, 0, 0, 0, 0, 0, 0, 0, 0, 0, 0, 0, 0, 0, 0, 0, 0, 0, 0, 0, 0, 0, 0
Screen-Shot-2023-07-16-at-12-00-58-AM_png_jpg.rf.163fa986f8e3ba6bb4e464dcd76c78d7.jpg, 0, 0, 0, 0, 0, 0, 0, 0, 0, 0, 0, 0, 0, 0, 0, 0, 0, 0, 0, 0, 0, 0, 0, 0, 0, 0, 0, 0, 1, 0
Screen-Shot-2023-07-17-at-12-03-08-AM_png_jpg.rf.12a0d6969f6d885a804b449ec9474685.jpg, 0, 0, 0, 0, 0, 0, 0, 0, 0, 0, 0, 0, 1, 0, 0, 0, 0, 0, 0, 0, 0, 0, 0, 0, 0, 0, 0, 0, 0, 0
Screen-Shot-2023-07-16-at-11-47-09-PM_png_jpg.rf.166ab38c4453296d6a1f3df045132649.jpg, 0, 0, 1, 0, 0, 0, 0, 0, 0, 0, 0, 0, 0, 0, 0, 0, 0, 0, 0, 0, 0, 0, 0, 0, 0, 0, 0, 0, 0, 0
Screen-Shot-2023-07-17-at-12-17-57-AM_png_jpg.rf.17417c07e4c8091e81356a3052807d1f.jpg, 0, 0, 0, 0, 0, 0, 0, 0, 0, 0, 0, 0, 0, 0, 0, 0, 0, 0, 0, 0, 0, 0, 0, 0, 0, 0, 0, 0, 1, 0
Screen-Shot-2023-07-16-at-11-52-45-PM_png_jpg.rf.17651025961d48d24e0c7a9568154fdf.jpg, 0, 0, 0, 0, 0, 1, 0, 0, 0, 0, 0, 0, 0, 0, 0, 0, 0, 0, 0, 0, 0, 0, 0, 0, 0, 0, 0, 0, 0, 0
Screen-Shot-2023-07-15-at-10-50-51-PM_png.rf.17ae2aba224abea157f888555d0dfaeb.jpg, 0, 0, 0, 0, 0, 0, 0, 1, 0, 0, 0, 0, 0, 0, 0, 0, 0, 0, 0, 0, 0, 0, 0, 0, 0, 0, 0, 0, 0, 0
Screen-Shot-2023-07-16-at-12-17-05-PM_png_jpg.rf.16c98d82d4419ecabf1077f7123a3f6f.jpg, 0, 0, 0, 0, 0, 0, 0, 0, 0, 0, 0, 0, 0, 0, 0, 0, 0, 0, 1, 0, 0, 0, 0, 0, 0, 0, 0, 0, 0, 0
Screen-Shot-2023-07-16-at-11-56-16-PM_png_jpg.rf.17b6eaa899daa7276be92c6c618029a2.jpg, 0, 0, 0, 0, 0, 0, 0, 1, 0, 0, 0, 0, 0, 0, 0, 0, 0, 0, 0, 0, 0, 0, 0, 0, 0, 0, 0, 0, 0, 0
Screen-Shot-2023-07-17-at-12-20-55-AM_png_jpg.rf.1769eb89c87434aa3e7b7e532f5bcc57.jpg, 0, 0, 0, 0, 0, 0, 0, 0, 0, 0, 0, 0, 0, 0, 0, 0, 0, 0, 1, 0, 0, 0, 0, 0, 0, 0, 0, 0, 0, 0
Screen-Shot-2023-07-17-at-12-07-58-AM_png_jpg.rf.17686c64641cc7c4181ad4113db48543.jpg, 0, 0, 0, 0, 0, 0, 0, 0, 0, 0, 0, 0, 0, 0, 0, 0, 1, 0, 0, 0, 0, 0, 0, 0, 0, 0, 0, 0, 0, 0
v1-JPG4whs_jpg.rf.184e09821a5196851cfc49dbb6d97949.jpg, 0, 0, 0, 0, 0, 0, 0, 0, 0, 0, 0, 0, 0, 0, 0, 0, 0, 0, 0, 0, 0, 0, 0, 0, 0, 1, 0, 0, 0, 0
z1-JPG13rot_jpg.rf.165dafbb8b78c6cbdfcdd478cb97ef32.jpg, 0, 0, 0, 0, 0, 0, 0, 0, 0, 0, 0, 0, 0, 0, 0, 0, 0, 0, 0, 0, 0, 0, 0, 0, 0, 0, 0, 0, 0, 1
Screen-Shot-2023-07-17-at-12-14-04-AM_png.rf.15f1066e2542be74c3826cacbb0a35dc.jpg, 0, 0, 0, 0, 0, 0, 0, 0, 0, 0, 0, 0, 0, 0, 0, 0, 0, 0, 0, 0, 0, 0, 0, 0, 1, 0, 0, 0, 0, 0
Screen-Shot-2023-07-15-at-11-56-33-PM_png.rf.17ae6a2e541c7734c832f358a73ba582.jpg, 0, 0, 0, 0, 0, 0, 0, 0, 0, 0, 0, 0, 0, 0, 0, 0, 0, 0, 0, 0, 0, 0, 0, 0, 0, 0, 1, 0, 0, 0
Screen-Shot-2023-07-15-at-10-56-29-PM_png_jpg.rf.1645726a12cf584271074f73f0fb1c37.jpg, 0, 1, 0, 0, 0, 0, 0, 0, 0, 0, 0, 0, 0, 0, 0, 0, 0, 0, 0, 0, 0, 0, 0, 0, 0, 0, 0, 0, 0, 0
Screen-Shot-2023-07-17-at-12-09-02-AM_png_jpg.rf.16673127c6b54598562f3ebe9b0ca679.jpg, 0, 0, 0, 0, 0, 0, 0, 0, 0, 0, 0, 0, 0, 0, 0, 0, 0, 1, 0, 0, 0, 0, 0, 0, 0, 0, 0, 0, 0, 0
Screen-Shot-2023-07-15-at-10-48-38-PM-copy-2_png_jpg.rf.18588728db1c7a0c742879f7a13c23ff.jpg, 0, 0, 0, 0, 0, 0, 1, 0, 0, 0, 0, 0, 0, 0, 0, 0, 0, 0, 0, 0, 0, 0, 0, 0, 0, 0, 0, 0, 0, 0
Screen-Shot-2023-07-15-at-11-23-26-PM_png_jpg.rf.1721dba7eb532fca5fac576010c2b0a2.jpg, 0, 0, 0, 0, 0, 0, 0, 0, 0, 0, 0, 0, 0, 0, 1, 0, 0, 0, 0, 0, 0, 0, 0, 0, 0, 0, 0, 0, 0, 0
r1-JPG16rot_jpg.rf.1897ceecd00eb41713046049e7c4f8d3.jpg, 0, 0, 0, 0, 0, 0, 0, 0, 0, 0, 0, 0, 0, 0, 0, 0, 0, 0, 0, 0, 0, 1, 0, 0, 0, 0, 0, 0, 0, 0
Screen-Shot-2023-07-15-at-11-13-54-PM_png_jpg.rf.1810853a0edf8d382b60818e3e62b105.jpg, 0, 0, 0, 0, 0, 0, 0, 0, 0, 0, 1, 0, 0, 0, 0, 0, 0, 0, 0, 0, 0, 0, 0, 0, 0, 0, 0, 0, 0, 0
h1-JPG18rot_jpg.rf.18b392de19bf51fab4b35a86d0e15f82.jpg, 0, 0, 0, 0, 0, 0, 0, 0, 0, 1, 0, 0, 0, 0, 0, 0, 0, 0, 0, 0, 0, 0, 0, 0, 0, 0, 0, 0, 0, 0
Screen-Shot-2023-07-15-at-11-07-06-PM_png_jpg.rf.18a78b22ce6670302297096e2faca750.jpg, 0, 0, 0, 0, 0, 0, 1, 0, 0, 0, 0, 0, 0, 0, 0, 0, 0, 0, 0, 0, 0, 0, 0, 0, 0, 0, 0, 0, 0, 0
k1-JPG3rot_jpg.rf.1759cc4bad8853439d6be594a68994dd.jpg, 0, 0, 0, 0, 0, 0, 0, 0, 0, 0, 0, 0, 1, 0, 0, 0, 0, 0, 0, 0, 0, 0, 0, 0, 0, 0, 0, 0, 0, 0
Screen-Shot-2023-07-16-at-12-02-54-AM_png_jpg.rf.1728fb878f93f0d5430b3676a5360eb0.jpg, 0, 0, 0, 0, 0, 0, 0, 0, 0, 0, 0, 0, 0, 0, 0, 0, 0, 0, 0, 0, 0, 0, 0, 0, 0, 0, 0, 0, 0, 1
Screen-Shot-2023-07-15-at-11-02-17-PM_png.rf.18a196a1bf0c6e19f2ea4afbd497eb28.jpg, 0, 0, 0, 1, 0, 0, 0, 0, 0, 0, 0, 0, 0, 0, 0, 0, 0, 0, 0, 0, 0, 0, 0, 0, 0, 0, 0, 0, 0, 0
w1-JPG8dim_jpg.rf.171f87365e4783574c5df95a51813382.jpg, 0, 0, 0, 0, 0, 0, 0, 0, 0, 0, 0, 0, 0, 0, 0, 0, 0, 0, 0, 0, 0, 0, 0, 0, 0, 0, 1, 0, 0, 0
Screen-Shot-2023-07-15-at-11-41-55-PM_png_jpg.rf.18fe6a32b52357157d7bb1dcdb912a79.jpg, 0, 0, 0, 0, 0, 0, 0, 0, 0, 0, 0, 0, 0, 0, 0, 0, 0, 0, 0, 0, 0, 1, 0, 0, 0, 0, 0, 0, 0, 0
Screen-Shot-2023-07-17-at-12-08-22-AM_png_jpg.rf.19136ecaa32e748aee63060fef9271aa.jpg, 0, 0, 0, 0, 0, 0, 0, 0, 0, 0, 0, 0, 0, 0, 0, 0, 1, 0, 0, 0, 0, 0, 0, 0, 0, 0, 0, 0, 0, 0
u1-JPG6rot_jpg.rf.15e34cbb5f60d734dc3b51e892a33049.jpg, 0, 0, 0, 0, 0, 0, 0, 0, 0, 0, 0, 0, 0, 0, 0, 0, 0, 0, 0, 0, 0, 0, 0, 0, 1, 0, 0, 0, 0, 0
Screen-Shot-2023-07-17-at-12-04-03-AM_png.rf.18ca3812ff58fa4a690a2d42c0034ec0.jpg, 0, 0, 0, 0, 0, 0, 0, 0, 0, 0, 0, 0, 0, 1, 0, 0, 0, 0, 0, 0, 0, 0, 0, 0, 0, 0, 0, 0, 0, 0
Screen-Shot-2023-07-16-at-12-03-23-AM_png_jpg.rf.192fc21614bd8a226f210fb03dd68700.jpg, 0, 0, 0, 0, 0, 0, 0, 0, 0, 0, 0, 0, 0, 0, 0, 0, 0, 0, 0, 0, 0, 0, 0, 0, 0, 0, 0, 0, 0, 1
h1-JPG4dim_jpg.rf.1925c5491ba64b53d1e760a463fb2235.jpg, 0, 0, 0, 0, 0, 0, 0, 0, 0, 1, 0, 0, 0, 0, 0, 0, 0, 0, 0, 0, 0, 0, 0, 0, 0, 0, 0, 0, 0, 0
b1-JPG16whs_jpg.rf.185fede3b74e302080e8405f86f8a406.jpg, 1, 0, 0, 0, 0, 0, 0, 0, 0, 0, 0, 0, 0, 0, 0, 0, 0, 0, 0, 0, 0, 0, 0, 0, 0, 0, 0, 0, 0, 0
Screen-Shot-2023-07-15-at-11-16-37-PM_png.rf.19b083112c416e04e6125c91e81532ca.jpg, 0, 0, 0, 0, 0, 0, 0, 0, 0, 0, 0, 1, 0, 0, 0, 0, 0, 0, 0, 0, 0, 0, 0, 0, 0, 0, 0, 0, 0, 0
c1-JPG0whs_jpg.rf.19e077fb3a7ff0b9e9557bc71bf5faf0.jpg, 0, 0, 0, 1, 0, 0, 0, 0, 0, 0, 0, 0, 0, 0, 0, 0, 0, 0, 0, 0, 0, 0, 0, 0, 0, 0, 0, 0, 0, 0
o1-JPG6rot_jpg.rf.1971ddc8452984426511745bb12b8fc1.jpg, 0, 0, 0, 0, 0, 0, 0, 0, 0, 0, 0, 0, 0, 0, 0, 0, 1, 0, 0, 0, 0, 0, 0, 0, 0, 0, 0, 0, 0, 0
Screen-Shot-2023-07-17-at-12-00-56-AM_png_jpg.rf.19c0cdcd0d09dcc55f5e8f642370aa2a.jpg, 0, 0, 0, 0, 0, 0, 0, 0, 0, 0, 1, 0, 0, 0, 0, 0, 0, 0, 0, 0, 0, 0, 0, 0, 0, 0, 0, 0, 0, 0
d1-JPG6rot_jpg.rf.1a29768669faa22317905cb00105fd3a.jpg, 0, 0, 0, 0, 0, 1, 0, 0, 0, 0, 0, 0, 0, 0, 0, 0, 0, 0, 0, 0, 0, 0, 0, 0, 0, 0, 0, 0, 0, 0
Screen-Shot-2023-07-17-at-12-10-55-AM_png_jpg.rf.19fbadae01764d2e2c2f4b9ba8fc43d0.jpg, 0, 0, 0, 0, 0, 0, 0, 0, 0, 0, 0, 0, 0, 0, 0, 0, 0, 0, 0, 0, 0, 1, 0, 0, 0, 0, 0, 0, 0, 0
Screen-Shot-2023-07-17-at-12-00-35-AM_png_jpg.rf.19e5b0a50ce9950afa7ccdf36e66ee3e.jpg, 0, 0, 0, 0, 0, 0, 0, 0, 0, 0, 1, 0, 0, 0, 0, 0, 0, 0, 0, 0, 0, 0, 0, 0, 0, 0, 0, 0, 0, 0
Screen-Shot-2023-07-15-at-11-44-05-PM_png.rf.192544ba9919d7c4af07e74d7328ab5a.jpg, 0, 0, 0, 0, 0, 0, 0, 0, 0, 0, 0, 0, 0, 0, 0, 0, 0, 0, 0, 0, 0, 0, 1, 0, 0, 0, 0, 0, 0, 0
y1-JPG19dim_jpg.rf.18470eb107e352a16332842810de33b3.jpg, 0, 0, 0, 0, 0, 0, 0, 0, 0, 0, 0, 0, 0, 0, 0, 0, 0, 0, 0, 0, 0, 0, 0, 0, 0, 0, 0, 0, 1, 0
k1-JPG14whs_jpg.rf.1a0d7585ee26cfa46310c139c6d660e2.jpg, 0, 0, 0, 0, 0, 0, 0, 0, 0, 0, 0, 0, 1, 0, 0, 0, 0, 0, 0, 0, 0, 0, 0, 0, 0, 0, 0, 0, 0, 0
Screen-Shot-2023-07-17-at-12-20-20-AM_png_jpg.rf.1a1fb4e3c08b04a398157e646647ae38.jpg, 0, 0, 0, 0, 1, 0, 0, 0, 0, 0, 0, 0, 0, 0, 0, 0, 0, 0, 0, 0, 0, 0, 0, 0, 0, 0, 0, 0, 0, 0
Screen-Shot-2023-07-17-at-12-16-28-AM_png_jpg.rf.1a2a64d284cf42105011b85d02cc52d9.jpg, 0, 0, 0, 0, 0, 0, 0, 0, 0, 0, 0, 0, 0, 0, 0, 0, 0, 0, 0, 0, 0, 0, 0, 0, 0, 0, 0, 1, 0, 0
Screen-Shot-2023-07-17-at-12-17-57-AM_png_jpg.rf.19f28334137b6d36ca5f2daa78218fae.jpg, 0, 0, 0, 0, 0, 0, 0, 0, 0, 0, 0, 0, 0, 0, 0, 0, 0, 0, 0, 0, 0, 0, 0, 0, 0, 0, 0, 0, 1, 0
Screen-Shot-2023-07-16-at-11-46-48-PM_png_jpg.rf.1a4cd1a2cc503701f493b47969c5d5d1.jpg, 0, 0, 1, 0, 0, 0, 0, 0, 0, 0, 0, 0, 0, 0, 0, 0, 0, 0, 0, 0, 0, 0, 0, 0, 0, 0, 0, 0, 0, 0
Screen-Shot-2023-07-16-at-12-01-23-AM_png_jpg.rf.1a60ec142faea8efb7ca735ad5c5bc6d.jpg, 0, 0, 0, 0, 0, 0, 0, 0, 0, 0, 0, 0, 0, 0, 0, 0, 0, 0, 0, 0, 0, 0, 0, 0, 0, 0, 0, 0, 1, 0
Screen-Shot-2023-07-15-at-11-27-47-PM-copy_png_jpg.rf.1a4f47427f88b84a69643525b26c3edf.jpg, 0, 0, 0, 0, 0, 0, 0, 0, 0, 0, 0, 0, 0, 0, 0, 1, 0, 0, 0, 0, 0, 0, 0, 0, 0, 0, 0, 0, 0, 0
Screen-Shot-2023-07-15-at-11-41-47-PM_png_jpg.rf.1a388264d20df1e50920f8434a745501.jpg, 0, 0, 0, 0, 0, 0, 0, 0, 0, 0, 0, 0, 0, 0, 0, 0, 0, 0, 0, 0, 0, 1, 0, 0, 0, 0, 0, 0, 0, 0
e1-JPG19dim_jpg.rf.1a48bedcdab3bc602113589a5eacc0f1.jpg, 0, 0, 0, 0, 0, 0, 1, 0, 0, 0, 0, 0, 0, 0, 0, 0, 0, 0, 0, 0, 0, 0, 0, 0, 0, 0, 0, 0, 0, 0
Screen-Shot-2023-07-15-at-10-52-11-PM_png_jpg.rf.190038f43c9091e23c34bc2c721299c4.jpg, 0, 0, 0, 0, 0, 0, 0, 1, 0, 0, 0, 0, 0, 0, 0, 0, 0, 0, 0, 0, 0, 0, 0, 0, 0, 0, 0, 0, 0, 0
r1-JPG4whs_jpg.rf.1a057980983c006a4b20ea45090f6000.jpg, 1, 0, 0, 0, 0, 0, 0, 0, 0, 0, 0, 0, 0, 0, 0, 0, 0, 0, 0, 0, 0, 0, 0, 0, 0, 0, 0, 0, 0, 0
Screen-Shot-2023-07-15-at-11-44-32-PM_png.rf.1952fb915c4fa7c5f64116538da10056.jpg, 0, 0, 0, 0, 0, 0, 0, 0, 0, 0, 0, 0, 0, 0, 0, 0, 0, 0, 0, 0, 0, 0, 0, 1, 0, 0, 0, 0, 0, 0
Screen-Shot-2023-07-17-at-12-16-28-AM_png.rf.1ab4b8ff5999b7e5b5f8b5c9ec30e1f4.jpg, 0, 0, 0, 0, 0, 0, 0, 0, 0, 0, 0, 0, 0, 0, 0, 0, 0, 0, 0, 0, 0, 0, 0, 0, 0, 0, 0, 1, 0, 0
Screen-Shot-2023-07-11-at-12-30-24-PM_png_jpg.rf.1a81a4cad33bf90141e996f01a4ed7c2.jpg, 0, 0, 0, 0, 0, 0, 0, 0, 0, 0, 0, 0, 0, 0, 0, 0, 0, 0, 0, 0, 1, 0, 0, 0, 0, 0, 0, 0, 0, 0
Screen-Shot-2023-07-15-at-11-42-28-PM_png_jpg.rf.1af1cf2fab98df7f3a4dddf94465133c.jpg, 0, 0, 0, 0, 0, 0, 0, 0, 0, 0, 0, 0, 0, 0, 0, 0, 0, 0, 0, 0, 0, 0, 1, 0, 0, 0, 0, 0, 0, 0
Screen-Shot-2023-07-15-at-11-28-40-PM_png_jpg.rf.1a72c94d1ab363b473609b6f966c1fcf.jpg, 0, 0, 0, 0, 0, 0, 0, 0, 0, 0, 0, 0, 0, 0, 0, 0, 1, 0, 0, 0, 0, 0, 0, 0, 0, 0, 0, 0, 0, 0
Screen-Shot-2023-07-15-at-11-56-39-PM_png_jpg.rf.1a71c7cfdde21b3991a6a2525e2b8656.jpg, 0, 0, 0, 0, 0, 0, 0, 0, 0, 0, 0, 0, 0, 0, 0, 0, 0, 0, 0, 0, 0, 0, 0, 0, 0, 0, 1, 0, 0, 0
Screen-Shot-2023-07-16-at-12-09-57-AM_png.rf.1b1ab3ad8c57cc1cfcdda4317bcb671e.jpg, 0, 0, 0, 0, 0, 0, 0, 0, 0, 0, 0, 0, 0, 0, 0, 0, 0, 0, 0, 0, 1, 0, 0, 0, 0, 0, 0, 0, 0, 0
Screen-Shot-2023-07-15-at-10-51-06-PM_png_jpg.rf.1b3f940d3d4d58f21d4c54a481119651.jpg, 0, 0, 0, 0, 0, 0, 0, 1, 0, 0, 0, 0, 0, 0, 0, 0, 0, 0, 0, 0, 0, 0, 0, 0, 0, 0, 0, 0, 0, 0
Screen-Shot-2023-07-15-at-11-32-41-PM_png_jpg.rf.1aa07a1ac3c43588c89c4b0651112c02.jpg, 0, 0, 0, 0, 0, 0, 0, 0, 0, 0, 0, 0, 0, 0, 0, 0, 0, 1, 0, 0, 0, 0, 0, 0, 0, 0, 0, 0, 0, 0
Screen-Shot-2023-07-15-at-10-59-00-PM_png_jpg.rf.1b066c25b668f6dfd758afe695cea85e.jpg, 0, 0, 1, 0, 0, 0, 0, 0, 0, 0, 0, 0, 0, 0, 0, 0, 0, 0, 0, 0, 0, 0, 0, 0, 0, 0, 0, 0, 0, 0
Screen-Shot-2023-07-17-at-12-20-55-AM_png_jpg.rf.1a8057bb1a48c04a7c9ad4567c230f6a.jpg, 0, 0, 0, 0, 0, 0, 0, 0, 0, 0, 0, 0, 0, 0, 0, 0, 0, 0, 1, 0, 0, 0, 0, 0, 0, 0, 0, 0, 0, 0
Screen-Shot-2023-07-17-at-12-08-02-AM_png_jpg.rf.1b192f2580c2395d34c16d9d6e95b84c.jpg, 0, 0, 0, 0, 0, 0, 0, 0, 0, 0, 0, 0, 0, 0, 0, 0, 1, 0, 0, 0, 0, 0, 0, 0, 0, 0, 0, 0, 0, 0
Screen-Shot-2023-07-11-at-12-28-38-PM_png_jpg.rf.1b05b19917bf3c84a3302b5944a22548.jpg, 0, 0, 0, 0, 1, 0, 0, 0, 0, 0, 0, 0, 0, 0, 0, 0, 0, 0, 0, 0, 0, 0, 0, 0, 0, 0, 0, 0, 0, 0
Screen-Shot-2023-07-15-at-10-50-51-PM_png_jpg.rf.1c42fd7d92c068bce52ec5c7c6688335.jpg, 0, 0, 0, 0, 0, 0, 0, 1, 0, 0, 0, 0, 0, 0, 0, 0, 0, 0, 0, 0, 0, 0, 0, 0, 0, 0, 0, 0, 0, 0
d1-JPG8dim_jpg.rf.1bae965401070c1d9f0ea708e66a4a03.jpg, 0, 0, 0, 0, 0, 1, 0, 0, 0, 0, 0, 0, 0, 0, 0, 0, 0, 0, 0, 0, 0, 0, 0, 0, 0, 0, 0, 0, 0, 0
Screen-Shot-2023-07-15-at-11-03-54-PM_png_jpg.rf.1c1de12ca17fca6b24c3665d6de03634.jpg, 0, 0, 0, 0, 0, 1, 0, 0, 0, 0, 0, 0, 0, 0, 0, 0, 0, 0, 0, 0, 0, 0, 0, 0, 0, 0, 0, 0, 0, 0
Screen-Shot-2023-07-15-at-11-46-47-PM_png_jpg.rf.1bb63e09a5b3dab57393b3dcfbfc38a2.jpg, 0, 0, 0, 0, 0, 0, 0, 0, 0, 0, 0, 0, 0, 0, 0, 0, 0, 0, 0, 0, 0, 0, 0, 1, 0, 0, 0, 0, 0, 0
s1-JPG19dim_jpg.rf.1b4a167ccc9982665532576a635a108e.jpg, 0, 0, 0, 0, 0, 0, 0, 0, 0, 0, 0, 0, 0, 0, 0, 0, 0, 0, 0, 0, 0, 0, 1, 0, 0, 0, 0, 0, 0, 0
Screen-Shot-2023-07-11-at-12-28-38-PM_png_jpg.rf.1c242145294507e5b871a13183200bc5.jpg, 0, 0, 0, 0, 1, 0, 0, 0, 0, 0, 0, 0, 0, 0, 0, 0, 0, 0, 0, 0, 0, 0, 0, 0, 0, 0, 0, 0, 0, 0
Screen-Shot-2023-07-17-at-12-07-06-AM_png.rf.1c6c3cd1d29f368b5f87df6f0d988bb7.jpg, 0, 0, 0, 0, 0, 0, 0, 0, 0, 0, 0, 0, 0, 0, 0, 1, 0, 0, 0, 0, 0, 0, 0, 0, 0, 0, 0, 0, 0, 0
Screen-Shot-2023-07-17-at-12-16-48-AM_png_jpg.rf.1c5c24eec13e2bbd1a65111b8562b3a6.jpg, 0, 0, 0, 0, 0, 0, 0, 0, 0, 0, 0, 0, 0, 0, 0, 0, 0, 0, 0, 0, 0, 0, 0, 0, 0, 0, 0, 1, 0, 0
Screen-Shot-2023-07-17-at-12-03-41-AM_png_jpg.rf.1b74c7772c8ac4211b3e875804a0bd7d.jpg, 0, 0, 0, 0, 0, 0, 0, 0, 0, 0, 0, 0, 0, 1, 0, 0, 0, 0, 0, 0, 0, 0, 0, 0, 0, 0, 0, 0, 0, 0
z1-JPG4dim_jpg.rf.1c5b319665d291c5bb373b8672ee6cee.jpg, 0, 0, 0, 0, 0, 0, 0, 0, 0, 0, 0, 0, 0, 0, 0, 0, 0, 0, 0, 0, 0, 0, 0, 0, 0, 0, 0, 0, 0, 1
Screen-Shot-2023-07-15-at-11-20-04-PM_png_jpg.rf.1c53df759ab979144b2d53598408f7e1.jpg, 0, 0, 0, 0, 0, 0, 0, 0, 0, 0, 0, 0, 0, 1, 0, 0, 0, 0, 0, 0, 0, 0, 0, 0, 0, 0, 0, 0, 0, 0
l1-JPG0dim_jpg.rf.1b633772f40f0db8add43c9f34f721ee.jpg, 0, 0, 0, 0, 0, 0, 0, 0, 0, 0, 0, 0, 0, 1, 0, 0, 0, 0, 0, 0, 0, 0, 0, 0, 0, 0, 0, 0, 0, 0
f1-JPG12whs_jpg.rf.1c971778c53eb87b9e445e94282c8863.jpg, 0, 0, 0, 0, 0, 0, 0, 1, 0, 0, 0, 0, 0, 0, 0, 0, 0, 0, 0, 0, 0, 0, 0, 0, 0, 0, 0, 0, 0, 0
Screen-Shot-2023-07-17-at-12-03-08-AM_png_jpg.rf.1b2ef45ff25ca37e03f6d465908914a4.jpg, 0, 0, 0, 0, 0, 0, 0, 0, 0, 0, 0, 0, 1, 0, 0, 0, 0, 0, 0, 0, 0, 0, 0, 0, 0, 0, 0, 0, 0, 0
Screen-Shot-2023-07-15-at-11-00-36-PM_png_jpg.rf.1ac55af2ea926b85a5c513aada2db1a6.jpg, 0, 0, 0, 1, 0, 0, 0, 0, 0, 0, 0, 0, 0, 0, 0, 0, 0, 0, 0, 0, 0, 0, 0, 0, 0, 0, 0, 0, 0, 0
b1-JPG3whs_jpg.rf.1c91e368900a264cc8fbe7dbb6288187.jpg, 1, 0, 0, 0, 0, 0, 0, 0, 0, 0, 0, 0, 0, 0, 0, 0, 0, 0, 0, 0, 0, 0, 0, 0, 0, 0, 0, 0, 0, 0
Screen-Shot-2023-07-17-at-12-18-06-AM_png.rf.1c97ab5f68dd84f748bbe784c8a678c7.jpg, 0, 0, 0, 0, 0, 0, 0, 0, 0, 0, 0, 0, 0, 0, 0, 0, 0, 0, 0, 0, 0, 0, 0, 0, 0, 0, 0, 0, 1, 0
Screen-Shot-2023-07-16-at-11-58-49-PM_png_jpg.rf.1cf934dcb44b1048d40cf751c4883a5a.jpg, 0, 0, 0, 0, 0, 0, 0, 0, 1, 0, 0, 0, 0, 0, 0, 0, 0, 0, 0, 0, 0, 0, 0, 0, 0, 0, 0, 0, 0, 0
Screen-Shot-2023-07-15-at-11-09-53-PM_png_jpg.rf.1c043ea717c4226d423367da5de44696.jpg, 0, 0, 0, 0, 0, 0, 0, 0, 0, 1, 0, 0, 0, 0, 0, 0, 0, 0, 0, 0, 0, 0, 0, 0, 0, 0, 0, 0, 0, 0
Screen-Shot-2023-07-17-at-12-09-56-AM_png_jpg.rf.1ca47d708d2f7ca540c20793e026e24b.jpg, 0, 0, 0, 0, 0, 0, 0, 0, 0, 0, 0, 0, 0, 0, 0, 0, 0, 0, 0, 1, 0, 0, 0, 0, 0, 0, 0, 0, 0, 0
Screen-Shot-2023-07-17-at-12-11-20-AM_png_jpg.rf.1d34a357c9998b06839cfecdc0402499.jpg, 0, 0, 0, 0, 0, 0, 0, 0, 0, 0, 0, 0, 0, 0, 0, 0, 0, 0, 0, 0, 0, 1, 0, 0, 0, 0, 0, 0, 0, 0
Screen-Shot-2023-07-15-at-11-22-49-PM_png_jpg.rf.1ca74c25bfce40b33da5c8189066d816.jpg, 0, 0, 0, 0, 0, 0, 0, 0, 0, 0, 0, 0, 0, 0, 1, 0, 0, 0, 0, 0, 0, 0, 0, 0, 0, 0, 0, 0, 0, 0
Screen-Shot-2023-07-16-at-11-59-14-PM_png_jpg.rf.1b877d20ca22c035aa2eda50060af9d4.jpg, 0, 0, 0, 0, 0, 0, 0, 0, 0, 1, 0, 0, 0, 0, 0, 0, 0, 0, 0, 0, 0, 0, 0, 0, 0, 0, 0, 0, 0, 0
Screen-Shot-2023-07-16-at-12-09-08-AM_png_jpg.rf.1cdb0b68910f4fd4c664134202b55ffe.jpg, 0, 0, 0, 0, 0, 0, 0, 0, 0, 0, 0, 0, 0, 0, 0, 0, 0, 0, 0, 0, 1, 0, 0, 0, 0, 0, 0, 0, 0, 0
Screen-Shot-2023-07-15-at-11-34-43-PM_png.rf.1d779eedd48d94825dccf83f5af2d591.jpg, 0, 0, 0, 0, 0, 0, 0, 0, 0, 0, 0, 0, 0, 0, 0, 0, 0, 0, 0, 1, 0, 0, 0, 0, 0, 0, 0, 0, 0, 0
Screen-Shot-2023-07-15-at-11-55-58-PM_png_jpg.rf.1cac7be19d1065bdd2d130c38870e5b8.jpg, 0, 0, 0, 0, 0, 0, 0, 0, 0, 0, 0, 0, 0, 0, 0, 0, 0, 0, 0, 0, 0, 0, 0, 0, 0, 1, 0, 0, 0, 0
Screen-Shot-2023-07-15-at-11-35-58-PM_png_jpg.rf.1d361629ff44d8cc65dba0279470ed9c.jpg, 0, 0, 0, 0, 0, 0, 0, 0, 0, 0, 0, 0, 0, 0, 0, 0, 0, 0, 0, 1, 0, 0, 0, 0, 0, 0, 0, 0, 0, 0
w1-JPG13whs_jpg.rf.1d8496d5d9bede0ea5279247237fd39d.jpg, 0, 0, 0, 0, 0, 0, 0, 0, 0, 0, 0, 0, 0, 0, 0, 0, 0, 0, 0, 0, 0, 0, 0, 0, 0, 0, 1, 0, 0, 0
Screen-Shot-2023-07-16-at-11-58-05-PM_png_jpg.rf.1d2f745ed47256fdfe2edd31ee9e0237.jpg, 0, 0, 0, 0, 0, 0, 0, 0, 1, 0, 0, 0, 0, 0, 0, 0, 0, 0, 0, 0, 0, 0, 0, 0, 0, 0, 0, 0, 0, 0
Screen-Shot-2023-07-17-at-12-01-31-AM_png_jpg.rf.1db8afbc188eecce8b831b945a899598.jpg, 0, 0, 0, 0, 0, 0, 0, 0, 0, 0, 0, 1, 0, 0, 0, 0, 0, 0, 0, 0, 0, 0, 0, 0, 0, 0, 0, 0, 0, 0
Screen-Shot-2023-07-15-at-11-28-48-PM_png_jpg.rf.1a2b14dd62088e6c002a6c2285690808.jpg, 0, 0, 0, 0, 0, 0, 0, 0, 0, 0, 0, 0, 0, 0, 0, 0, 1, 0, 0, 0, 0, 0, 0, 0, 0, 0, 0, 0, 0, 0
Screen-Shot-2023-07-16-at-11-43-22-PM_png_jpg.rf.1d895538f292c129070a01c1165743cd.jpg, 0, 1, 0, 0, 0, 0, 0, 0, 0, 0, 0, 0, 0, 0, 0, 0, 0, 0, 0, 0, 0, 0, 0, 0, 0, 0, 0, 0, 0, 0
Screen-Shot-2023-07-15-at-11-07-53-PM_png_jpg.rf.1ca7fc6921907e7978b6e8df697a8474.jpg, 0, 0, 0, 0, 0, 0, 0, 0, 1, 0, 0, 0, 0, 0, 0, 0, 0, 0, 0, 0, 0, 0, 0, 0, 0, 0, 0, 0, 0, 0
Screen-Shot-2023-07-15-at-10-53-22-PM_png_jpg.rf.1dc776e2d167d8546d056394549ea3d9.jpg, 0, 0, 0, 0, 0, 0, 0, 1, 0, 0, 0, 0, 0, 0, 0, 0, 0, 0, 0, 0, 0, 0, 0, 0, 0, 0, 0, 0, 0, 0
Screen-Shot-2023-07-15-at-11-17-29-PM_png_jpg.rf.1e6928fdaf29bcc92b4c958f4af85bb7.jpg, 0, 0, 0, 0, 0, 0, 0, 0, 0, 0, 0, 0, 1, 0, 0, 0, 0, 0, 0, 0, 0, 0, 0, 0, 0, 0, 0, 0, 0, 0
Screen-Shot-2023-07-16-at-12-02-01-AM_png.rf.1dcb68e271672e76cd3094b350613b71.jpg, 0, 0, 0, 0, 0, 0, 0, 0, 0, 0, 0, 0, 0, 0, 0, 0, 0, 0, 0, 0, 0, 0, 0, 0, 0, 0, 0, 0, 1, 0
Screen-Shot-2023-07-16-at-12-06-40-AM_png_jpg.rf.1d0035703717ebe89ddf965d63ee616d.jpg, 0, 0, 0, 0, 1, 0, 0, 0, 0, 0, 0, 0, 0, 0, 0, 0, 0, 0, 0, 0, 0, 0, 0, 0, 0, 0, 0, 0, 0, 0
Screen-Shot-2023-07-15-at-10-50-02-PM_png_jpg.rf.1d5bbf5706c6ab8abc9e8321ebf9071b.jpg, 0, 0, 0, 0, 0, 0, 0, 1, 0, 0, 0, 0, 0, 0, 0, 0, 0, 0, 0, 0, 0, 0, 0, 0, 0, 0, 0, 0, 0, 0
Screen-Shot-2023-07-15-at-11-47-19-PM_png_jpg.rf.1df43c6d3b7ae908661a14937da4f197.jpg, 0, 0, 0, 0, 0, 0, 0, 0, 0, 0, 0, 0, 0, 0, 0, 0, 0, 0, 0, 0, 0, 0, 0, 1, 0, 0, 0, 0, 0, 0
Screen-Shot-2023-07-17-at-12-15-28-AM_png_jpg.rf.1e06c6d543b97b4aa8d61d911f3c0e7f.jpg, 0, 0, 0, 0, 0, 0, 0, 0, 0, 0, 0, 0, 0, 0, 0, 0, 0, 0, 0, 0, 0, 0, 0, 0, 0, 0, 1, 0, 0, 0
Screen-Shot-2023-07-15-at-11-17-29-PM_png_jpg.rf.1ea8271995ab432fa54e5b79f6a5b59a.jpg, 0, 0, 0, 0, 0, 0, 0, 0, 0, 0, 0, 0, 1, 0, 0, 0, 0, 0, 0, 0, 0, 0, 0, 0, 0, 0, 0, 0, 0, 0
Screen-Shot-2023-07-15-at-10-57-00-PM_png_jpg.rf.1eda5a6d25fdfa32371df227cb0bf797.jpg, 0, 1, 0, 0, 0, 0, 0, 0, 0, 0, 0, 0, 0, 0, 0, 0, 0, 0, 0, 0, 0, 0, 0, 0, 0, 0, 0, 0, 0, 0
Screen-Shot-2023-07-16-at-12-17-28-PM_png_jpg.rf.1efd5e7c58eedb238849936cda01b7d4.jpg, 0, 0, 0, 0, 0, 0, 0, 0, 0, 0, 0, 0, 0, 0, 0, 0, 0, 0, 1, 0, 0, 0, 0, 0, 0, 0, 0, 0, 0, 0
Screen-Shot-2023-07-15-at-11-44-32-PM_png_jpg.rf.1d757bda157e626d7bb28cbd2ca9d6e4.jpg, 0, 0, 0, 0, 0, 0, 0, 0, 0, 0, 0, 0, 0, 0, 0, 0, 0, 0, 0, 0, 0, 0, 0, 1, 0, 0, 0, 0, 0, 0
c1-JPG4rot_jpg.rf.1ef2cad79cf234ac1ff68788f5ce0b20.jpg, 0, 0, 0, 1, 0, 0, 0, 0, 0, 0, 0, 0, 0, 0, 0, 0, 0, 0, 0, 0, 0, 0, 0, 0, 0, 0, 0, 0, 0, 0
Screen-Shot-2023-07-16-at-12-05-44-AM_png_jpg.rf.1ef763746059b68f8ce1efbd541b38f1.jpg, 0, 0, 0, 0, 1, 0, 0, 0, 0, 0, 0, 0, 0, 0, 0, 0, 0, 0, 0, 0, 0, 0, 0, 0, 0, 0, 0, 0, 0, 0
Screen-Shot-2023-07-15-at-11-26-33-PM_png_jpg.rf.1ebedbbcb851ccb429fd0ccd1fc60613.jpg, 0, 0, 0, 0, 0, 0, 0, 0, 0, 0, 0, 0, 0, 0, 0, 1, 0, 0, 0, 0, 0, 0, 0, 0, 0, 0, 0, 0, 0, 0
Screen-Shot-2023-07-15-at-11-55-26-PM_png_jpg.rf.1f26ff89dc6bd31a58e160bd44d69272.jpg, 0, 0, 0, 0, 0, 0, 0, 0, 0, 0, 0, 0, 0, 0, 0, 0, 0, 0, 0, 0, 0, 0, 0, 0, 0, 1, 0, 0, 0, 0
Screen-Shot-2023-07-16-at-12-07-43-AM_png_jpg.rf.1f6eecd92d41efd2690b15d8b5875cd4.jpg, 0, 0, 0, 0, 1, 0, 0, 0, 0, 0, 0, 0, 0, 0, 0, 0, 0, 0, 0, 0, 0, 0, 0, 0, 0, 0, 0, 0, 0, 0
Screen-Shot-2023-07-15-at-11-33-23-PM_png_jpg.rf.1f7943554823590e1a1dc9a5a14241d3.jpg, 0, 0, 0, 0, 0, 0, 0, 0, 0, 0, 0, 0, 0, 0, 0, 0, 0, 1, 0, 0, 0, 0, 0, 0, 0, 0, 0, 0, 0, 0
Screen-Shot-2023-07-16-at-12-15-42-PM_png_jpg.rf.1f12589aab6af804a8009c13b27d5d57.jpg, 0, 0, 0, 0, 0, 0, 0, 0, 0, 0, 0, 0, 0, 0, 0, 0, 0, 0, 1, 0, 0, 0, 0, 0, 0, 0, 0, 0, 0, 0
Screen-Shot-2023-07-15-at-11-57-57-PM_png_jpg.rf.1e99ad62b7ffa80933a7b3b9c2e4e6a1.jpg, 0, 0, 0, 0, 0, 0, 0, 0, 0, 0, 0, 0, 0, 0, 0, 0, 0, 0, 0, 0, 0, 0, 0, 0, 0, 0, 1, 0, 0, 0
Screen-Shot-2023-07-17-at-12-10-25-AM_png_jpg.rf.1f34d597c918f6b43a0f7ec6f992e94e.jpg, 0, 0, 0, 0, 0, 0, 0, 0, 0, 0, 0, 0, 0, 0, 0, 0, 0, 0, 0, 1, 0, 0, 0, 0, 0, 0, 0, 0, 0, 0
Screen-Shot-2023-07-15-at-11-14-24-PM_png_jpg.rf.1ddeb9cca37b33e1a1472b1cbd832724.jpg, 0, 0, 0, 0, 0, 0, 0, 0, 0, 0, 0, 1, 0, 0, 0, 0, 0, 0, 0, 0, 0, 0, 0, 0, 0, 0, 0, 0, 0, 0
Screen-Shot-2023-07-16-at-11-42-41-PM_png_jpg.rf.1fe6547d6ffb205a67c0219784636a6f.jpg, 0, 1, 0, 0, 0, 0, 0, 0, 0, 0, 0, 0, 0, 0, 0, 0, 0, 0, 0, 0, 0, 0, 0, 0, 0, 0, 0, 0, 0, 0
Screen-Shot-2023-07-16-at-12-16-54-PM_png_jpg.rf.1eec5f9d61d6833e03c0c14249d0126c.jpg, 0, 0, 0, 0, 0, 0, 0, 0, 0, 0, 0, 0, 0, 0, 0, 0, 0, 0, 1, 0, 0, 0, 0, 0, 0, 0, 0, 0, 0, 0
a1-JPG16rot_jpg.rf.1f92bf344223d331d364361e8a5d753c.jpg, 0, 1, 0, 0, 0, 0, 0, 0, 0, 0, 0, 0, 0, 0, 0, 0, 0, 0, 0, 0, 0, 0, 0, 0, 0, 0, 0, 0, 0, 0
j1-JPG8dim_jpg.rf.1f60a38c3b06469c913a31781e525394.jpg, 1, 0, 0, 0, 0, 0, 0, 0, 0, 0, 0, 0, 0, 0, 0, 0, 0, 0, 0, 0, 0, 0, 0, 0, 0, 0, 0, 0, 0, 0
Screen-Shot-2023-07-17-at-12-14-08-AM_png_jpg.rf.1fd1ece0771948024b8982fecb4e2df9.jpg, 0, 0, 0, 0, 0, 0, 0, 0, 0, 0, 0, 0, 0, 0, 0, 0, 0, 0, 0, 0, 0, 0, 0, 0, 1, 0, 0, 0, 0, 0
f1-JPG7dim_jpg.rf.20444984d7aaec2fc7b618b66edcf887.jpg, 0, 0, 0, 0, 0, 0, 0, 1, 0, 0, 0, 0, 0, 0, 0, 0, 0, 0, 0, 0, 0, 0, 0, 0, 0, 0, 0, 0, 0, 0
Screen-Shot-2023-07-15-at-11-49-41-PM_png_jpg.rf.2005c2285c23fca9aee6f0d022275e7e.jpg, 0, 0, 0, 0, 0, 0, 0, 0, 0, 0, 0, 0, 0, 0, 0, 0, 0, 0, 0, 0, 0, 0, 0, 0, 1, 0, 0, 0, 0, 0
r1-JPG19dim_jpg.rf.201b6b527c7cdfee1cef27aef875e455.jpg, 0, 0, 0, 0, 0, 0, 0, 0, 0, 0, 0, 0, 0, 0, 0, 0, 0, 0, 0, 0, 0, 1, 0, 0, 0, 0, 0, 0, 0, 0
Screen-Shot-2023-07-17-at-12-14-23-AM_png.rf.1fef3c97bd44fcc2e328bbdb9d9ea495.jpg, 0, 0, 0, 0, 0, 0, 0, 0, 0, 0, 0, 0, 0, 0, 0, 0, 0, 0, 0, 0, 0, 0, 0, 0, 0, 1, 0, 0, 0, 0
Screen-Shot-2023-07-15-at-11-04-21-PM_png_jpg.rf.1f736071d963160797d38ed80eb51c4c.jpg, 0, 0, 0, 0, 0, 1, 0, 0, 0, 0, 0, 0, 0, 0, 0, 0, 0, 0, 0, 0, 0, 0, 0, 0, 0, 0, 0, 0, 0, 0
Screen-Shot-2023-07-16-at-12-05-44-AM_png_jpg.rf.1e7eae2c98ca2e026c8cad81eafc5cf7.jpg, 0, 0, 0, 0, 1, 0, 0, 0, 0, 0, 0, 0, 0, 0, 0, 0, 0, 0, 0, 0, 0, 0, 0, 0, 0, 0, 0, 0, 0, 0
Screen-Shot-2023-07-17-at-12-01-31-AM_png_jpg.rf.1e600d4a02f3bb95766dba1f7ca43db4.jpg, 0, 0, 0, 0, 0, 0, 0, 0, 0, 0, 0, 1, 0, 0, 0, 0, 0, 0, 0, 0, 0, 0, 0, 0, 0, 0, 0, 0, 0, 0
b1-JPG2whs_jpg.rf.201c1c450e038d5eb33268a680ecb67e.jpg, 0, 0, 1, 0, 0, 0, 0, 0, 0, 0, 0, 0, 0, 0, 0, 0, 0, 0, 0, 0, 0, 0, 0, 0, 0, 0, 0, 0, 0, 0
Screen-Shot-2023-07-17-at-12-22-44-AM_png_jpg.rf.2049c44f8ce9fe98b58b41408e64b85d.jpg, 0, 0, 0, 0, 0, 0, 0, 0, 0, 0, 0, 0, 0, 0, 0, 0, 0, 0, 0, 0, 1, 0, 0, 0, 0, 0, 0, 0, 0, 0
Screen-Shot-2023-07-17-at-12-17-35-AM_png_jpg.rf.1fff13103fa7230448f8f30f932bf920.jpg, 0, 0, 0, 0, 0, 0, 0, 0, 0, 0, 0, 0, 0, 0, 0, 0, 0, 0, 0, 0, 0, 0, 0, 0, 0, 0, 0, 0, 1, 0
Screen-Shot-2023-07-15-at-10-56-00-PM_png_jpg.rf.2077251048e2160060aad3b9ad4b63ac.jpg, 0, 1, 0, 0, 0, 0, 0, 0, 0, 0, 0, 0, 0, 0, 0, 0, 0, 0, 0, 0, 0, 0, 0, 0, 0, 0, 0, 0, 0, 0
Screen-Shot-2023-07-15-at-11-42-41-PM_png_jpg.rf.209dab76e2b51dd5b281e74eb21dcda6.jpg, 0, 0, 0, 0, 0, 0, 0, 0, 0, 0, 0, 0, 0, 0, 0, 0, 0, 0, 0, 0, 0, 0, 1, 0, 0, 0, 0, 0, 0, 0
f1-JPG14rot_jpg.rf.20f54debe71a1265769d51e60109c892.jpg, 0, 0, 0, 0, 0, 0, 0, 1, 0, 0, 0, 0, 0, 0, 0, 0, 0, 0, 0, 0, 0, 0, 0, 0, 0, 0, 0, 0, 0, 0
Screen-Shot-2023-07-15-at-11-13-03-PM_png_jpg.rf.208b6e52129031b07cfff9cc729fd972.jpg, 0, 0, 0, 0, 0, 0, 0, 0, 0, 0, 1, 0, 0, 0, 0, 0, 0, 0, 0, 0, 0, 0, 0, 0, 0, 0, 0, 0, 0, 0
Screen-Shot-2023-07-16-at-11-42-33-PM_png.rf.20ea223cd9fd35612b96ed8d9d8911c2.jpg, 0, 1, 0, 0, 0, 0, 0, 0, 0, 0, 0, 0, 0, 0, 0, 0, 0, 0, 0, 0, 0, 0, 0, 0, 0, 0, 0, 0, 0, 0
Screen-Shot-2023-07-15-at-11-42-20-PM_png_jpg.rf.20c43ebfcc6f57602026ec1c8bcf457c.jpg, 0, 0, 0, 0, 0, 0, 0, 0, 0, 0, 0, 0, 0, 0, 0, 0, 0, 0, 0, 0, 0, 0, 1, 0, 0, 0, 0, 0, 0, 0
Screen-Shot-2023-07-15-at-11-10-45-PM_png.rf.210352726dbd33561ca5bf016684f15f.jpg, 0, 0, 0, 0, 0, 0, 0, 0, 0, 1, 0, 0, 0, 0, 0, 0, 0, 0, 0, 0, 0, 0, 0, 0, 0, 0, 0, 0, 0, 0
Screen-Shot-2023-07-16-at-11-47-31-PM_png_jpg.rf.2043f65859015881e2ff801d3e961fec.jpg, 0, 0, 1, 0, 0, 0, 0, 0, 0, 0, 0, 0, 0, 0, 0, 0, 0, 0, 0, 0, 0, 0, 0, 0, 0, 0, 0, 0, 0, 0
h1-JPG15dim_jpg.rf.20fb48f5fb2f2994a08f545b3effe239.jpg, 0, 0, 0, 0, 0, 0, 0, 0, 0, 1, 0, 0, 0, 0, 0, 0, 0, 0, 0, 0, 0, 0, 0, 0, 0, 0, 0, 0, 0, 0
Screen-Shot-2023-07-15-at-11-58-18-PM_png_jpg.rf.20e9856ab1604f0e619ac18c026f88b0.jpg, 0, 0, 0, 0, 0, 0, 0, 0, 0, 0, 0, 0, 0, 0, 0, 0, 0, 0, 0, 0, 0, 0, 0, 0, 0, 0, 0, 1, 0, 0
Screen-Shot-2023-07-15-at-11-17-05-PM_png_jpg.rf.21586d37c487675760d21ab7b406e441.jpg, 0, 0, 0, 0, 0, 0, 0, 0, 0, 0, 0, 0, 1, 0, 0, 0, 0, 0, 0, 0, 0, 0, 0, 0, 0, 0, 0, 0, 0, 0
Screen-Shot-2023-07-17-at-12-17-41-AM_png_jpg.rf.1f9203defcf1fdeba49e8092f009ef91.jpg, 0, 0, 0, 0, 0, 0, 0, 0, 0, 0, 0, 0, 0, 0, 0, 0, 0, 0, 0, 0, 0, 0, 0, 0, 0, 0, 0, 0, 1, 0
Screen-Shot-2023-07-17-at-12-10-02-AM_png.rf.21b82d1bd2619f0a86f278b93f376f04.jpg, 0, 0, 0, 0, 0, 0, 0, 0, 0, 0, 0, 0, 0, 0, 0, 0, 0, 0, 0, 1, 0, 0, 0, 0, 0, 0, 0, 0, 0, 0
i1-JPG12rot_jpg.rf.1ffbf28aecf265a39aad0fc02f7232de.jpg, 0, 0, 0, 0, 0, 0, 0, 0, 0, 0, 1, 0, 0, 0, 0, 0, 0, 0, 0, 0, 0, 0, 0, 0, 0, 0, 0, 0, 0, 0
Screen-Shot-2023-07-17-at-12-06-40-AM_png_jpg.rf.21924481ee094779241d0e7035456496.jpg, 0, 0, 0, 0, 0, 0, 0, 0, 0, 0, 0, 0, 0, 0, 1, 0, 0, 0, 0, 0, 0, 0, 0, 0, 0, 0, 0, 0, 0, 0
Screen-Shot-2023-07-15-at-11-58-18-PM_png_jpg.rf.21640f349321fd4d874f7d57d0224a59.jpg, 0, 0, 0, 0, 0, 0, 0, 0, 0, 0, 0, 0, 0, 0, 0, 0, 0, 0, 0, 0, 0, 0, 0, 0, 0, 0, 0, 1, 0, 0
Screen-Shot-2023-07-17-at-12-15-50-AM_png_jpg.rf.213c81fe97676cee2c72d40a30984499.jpg, 0, 0, 0, 0, 0, 0, 0, 0, 0, 0, 0, 0, 0, 0, 0, 0, 0, 0, 0, 0, 0, 0, 0, 0, 0, 0, 1, 0, 0, 0
Screen-Shot-2023-07-15-at-11-32-41-PM_png_jpg.rf.21db898c69c5503ecd6018c74fbd25de.jpg, 0, 0, 0, 0, 0, 0, 0, 0, 0, 0, 0, 0, 0, 0, 0, 0, 0, 1, 0, 0, 0, 0, 0, 0, 0, 0, 0, 0, 0, 0
Screen-Shot-2023-07-15-at-11-58-37-PM_png_jpg.rf.21e1a1cae2d5f2307fcb7caa147f3be3.jpg, 0, 0, 0, 0, 0, 0, 0, 0, 0, 0, 0, 0, 0, 0, 0, 0, 0, 0, 0, 0, 0, 0, 0, 0, 0, 0, 0, 1, 0, 0
Screen-Shot-2023-07-15-at-11-14-31-PM_png_jpg.rf.22728c441d7d813d249116dff57dd5e1.jpg, 0, 0, 0, 0, 0, 0, 0, 0, 0, 0, 0, 1, 0, 0, 0, 0, 0, 0, 0, 0, 0, 0, 0, 0, 0, 0, 0, 0, 0, 0
Screen-Shot-2023-07-16-at-12-05-55-AM_png_jpg.rf.21f8ddd6fdb4716e89fe30ea732223eb.jpg, 0, 0, 0, 0, 1, 0, 0, 0, 0, 0, 0, 0, 0, 0, 0, 0, 0, 0, 0, 0, 0, 0, 0, 0, 0, 0, 0, 0, 0, 0
Screen-Shot-2023-07-15-at-11-35-43-PM_png.rf.21f0ebbed3bc5f6fe2182e272a341eab.jpg, 0, 0, 0, 0, 0, 0, 0, 0, 0, 0, 0, 0, 0, 0, 0, 0, 0, 0, 0, 1, 0, 0, 0, 0, 0, 0, 0, 0, 0, 0
Screen-Shot-2023-07-15-at-11-19-09-PM-copy_png_jpg.rf.22eecc5343d7be6c6523acb5a9d590db.jpg, 0, 0, 0, 0, 0, 0, 0, 0, 0, 0, 0, 0, 1, 0, 0, 0, 0, 0, 0, 0, 0, 0, 0, 0, 0, 0, 0, 0, 0, 0
Screen-Shot-2023-07-15-at-10-54-46-PM_png_jpg.rf.226079b7cfca13be5ca4f2490bee63e7.jpg, 0, 1, 0, 0, 0, 0, 0, 0, 0, 0, 0, 0, 0, 0, 0, 0, 0, 0, 0, 0, 0, 0, 0, 0, 0, 0, 0, 0, 0, 0
y1-JPG5dim_jpg.rf.229477e4547c465816983b4691142c91.jpg, 0, 0, 0, 0, 0, 0, 0, 0, 0, 0, 0, 0, 0, 0, 0, 0, 0, 0, 0, 0, 0, 0, 0, 0, 0, 0, 0, 0, 1, 0
Screen-Shot-2023-07-17-at-12-02-18-AM_png.rf.21e9aa3bcb46c4819a0ac765adbc7660.jpg, 0, 0, 0, 0, 0, 0, 0, 0, 0, 0, 0, 0, 1, 0, 0, 0, 0, 0, 0, 0, 0, 0, 0, 0, 0, 0, 0, 0, 0, 0
Screen-Shot-2023-07-17-at-12-16-05-AM_png.rf.1ff730ee0400cf154aeb4287d0444979.jpg, 0, 0, 0, 0, 0, 0, 0, 0, 0, 0, 0, 0, 0, 0, 0, 0, 0, 0, 0, 0, 0, 0, 0, 0, 0, 0, 1, 0, 0, 0
Screen-Shot-2023-07-16-at-12-01-04-AM_png_jpg.rf.223ae1f34c9c9aba17d1b330d56eeaa5.jpg, 0, 0, 0, 0, 0, 0, 0, 0, 0, 0, 0, 0, 0, 0, 0, 0, 0, 0, 0, 0, 0, 0, 0, 0, 0, 0, 0, 0, 1, 0
Screen-Shot-2023-07-15-at-11-12-14-PM_png_jpg.rf.2285677b2d74d55db69ca83331e3ef54.jpg, 0, 0, 0, 0, 0, 0, 0, 0, 0, 0, 1, 0, 0, 0, 0, 0, 0, 0, 0, 0, 0, 0, 0, 0, 0, 0, 0, 0, 0, 0
m1-JPG4dim_jpg.rf.2113b8160dc3fc053a9fc604169a5846.jpg, 0, 0, 0, 0, 0, 0, 0, 0, 0, 0, 0, 0, 0, 0, 1, 0, 0, 0, 0, 0, 0, 0, 0, 0, 0, 0, 0, 0, 0, 0
Screen-Shot-2023-07-16-at-12-00-18-AM_png_jpg.rf.22ec35ac718155358cc20a9bc3cc79a9.jpg, 0, 0, 0, 0, 0, 0, 0, 0, 0, 0, 0, 0, 0, 0, 0, 0, 0, 0, 0, 0, 0, 0, 0, 0, 0, 0, 0, 1, 0, 0
Screen-Shot-2023-07-15-at-10-53-02-PM_png_jpg.rf.22c2b9fb7d300b1acd032bcb2adde8d7.jpg, 0, 0, 0, 0, 0, 0, 0, 1, 0, 0, 0, 0, 0, 0, 0, 0, 0, 0, 0, 0, 0, 0, 0, 0, 0, 0, 0, 0, 0, 0
n1-JPG15dim_jpg.rf.232608c3b2250f59d38de0afa5ffaeae.jpg, 0, 0, 0, 0, 0, 0, 0, 0, 0, 0, 0, 0, 0, 0, 0, 1, 0, 0, 0, 0, 0, 0, 0, 0, 0, 0, 0, 0, 0, 0
Screen-Shot-2023-07-15-at-11-32-26-PM_png_jpg.rf.22be68a1000ffe6cc9595640a5403c63.jpg, 0, 0, 0, 0, 0, 0, 0, 0, 0, 0, 0, 0, 0, 0, 0, 0, 1, 0, 0, 0, 0, 0, 0, 0, 0, 0, 0, 0, 0, 0
Screen-Shot-2023-07-16-at-11-59-32-PM_png_jpg.rf.22b078fdf462b62d8f45d5354df48e36.jpg, 0, 0, 0, 0, 0, 0, 0, 0, 0, 1, 0, 0, 0, 0, 0, 0, 0, 0, 0, 0, 0, 0, 0, 0, 0, 0, 0, 0, 0, 0
Screen-Shot-2023-07-16-at-12-16-27-PM_png_jpg.rf.22a2bc56728dbaa72bcd177633b0820a.jpg, 0, 0, 0, 0, 0, 0, 0, 0, 0, 0, 0, 0, 0, 0, 0, 0, 0, 0, 1, 0, 0, 0, 0, 0, 0, 0, 0, 0, 0, 0
Screen-Shot-2023-07-15-at-11-34-43-PM_png_jpg.rf.23408069b9ff1d298c1a7622aec48d58.jpg, 0, 0, 0, 0, 0, 0, 0, 0, 0, 0, 0, 0, 0, 0, 0, 0, 0, 0, 0, 1, 0, 0, 0, 0, 0, 0, 0, 0, 0, 0
Screen-Shot-2023-07-17-at-12-17-41-AM_png_jpg.rf.22bc3808300404a5e22937d7c052600a.jpg, 0, 0, 0, 0, 0, 0, 0, 0, 0, 0, 0, 0, 0, 0, 0, 0, 0, 0, 0, 0, 0, 0, 0, 0, 0, 0, 0, 0, 1, 0
Screen-Shot-2023-07-16-at-11-43-22-PM_png_jpg.rf.22b1c19ca89398423bbf51fc3225a150.jpg, 0, 1, 0, 0, 0, 0, 0, 0, 0, 0, 0, 0, 0, 0, 0, 0, 0, 0, 0, 0, 0, 0, 0, 0, 0, 0, 0, 0, 0, 0
Screen-Shot-2023-07-17-at-12-06-40-AM_png_jpg.rf.23c46af5c8fb642aa0857945f1b05ebd.jpg, 0, 0, 0, 0, 0, 0, 0, 0, 0, 0, 0, 0, 0, 0, 1, 0, 0, 0, 0, 0, 0, 0, 0, 0, 0, 0, 0, 0, 0, 0
Screen-Shot-2023-07-16-at-12-03-09-AM_png_jpg.rf.23bc88b85a2c8bda8a1999833c14cf9e.jpg, 0, 0, 0, 0, 0, 0, 0, 0, 0, 0, 0, 0, 0, 0, 0, 0, 0, 0, 0, 0, 0, 0, 0, 0, 0, 0, 0, 0, 0, 1
Screen-Shot-2023-07-16-at-11-58-05-PM_png_jpg.rf.2395df17a2696b77ecbd90348f614869.jpg, 0, 0, 0, 0, 0, 0, 0, 0, 1, 0, 0, 0, 0, 0, 0, 0, 0, 0, 0, 0, 0, 0, 0, 0, 0, 0, 0, 0, 0, 0
Screen-Shot-2023-07-15-at-11-15-09-PM_png_jpg.rf.230666446a7bef575c18717f5861b913.jpg, 0, 0, 0, 0, 0, 0, 0, 0, 0, 0, 0, 1, 0, 0, 0, 0, 0, 0, 0, 0, 0, 0, 0, 0, 0, 0, 0, 0, 0, 0
Screen-Shot-2023-07-17-at-12-00-35-AM_png.rf.23ed7277898bc5fe041b911572653ec9.jpg, 0, 0, 0, 0, 0, 0, 0, 0, 0, 0, 1, 0, 0, 0, 0, 0, 0, 0, 0, 0, 0, 0, 0, 0, 0, 0, 0, 0, 0, 0
Screen-Shot-2023-07-11-at-12-30-24-PM_png_jpg.rf.2496d8ab25f834f7d603686cc156a61a.jpg, 0, 0, 0, 0, 0, 0, 0, 0, 0, 0, 0, 0, 0, 0, 0, 0, 0, 0, 0, 0, 1, 0, 0, 0, 0, 0, 0, 0, 0, 0
Screen-Shot-2023-07-15-at-11-27-31-PM_png.rf.2475e0d068f545ad44614526aa3ebca9.jpg, 0, 0, 0, 0, 0, 0, 0, 0, 0, 0, 0, 0, 0, 0, 0, 1, 0, 0, 0, 0, 0, 0, 0, 0, 0, 0, 0, 0, 0, 0
Screen-Shot-2023-07-16-at-11-52-18-PM_png_jpg.rf.24799b69bb5d50f1c84b09ba6f636194.jpg, 0, 0, 0, 0, 0, 1, 0, 0, 0, 0, 0, 0, 0, 0, 0, 0, 0, 0, 0, 0, 0, 0, 0, 0, 0, 0, 0, 0, 0, 0
Screen-Shot-2023-07-17-at-12-04-47-AM_png_jpg.rf.2221c6a16a1a1790562f5dd15098abb6.jpg, 0, 0, 0, 0, 0, 0, 0, 0, 0, 0, 0, 0, 0, 1, 0, 0, 0, 0, 0, 0, 0, 0, 0, 0, 0, 0, 0, 0, 0, 0
Screen-Shot-2023-07-15-at-11-03-01-PM_png_jpg.rf.247f8713aecfc2c74b05f8142952c490.jpg, 0, 0, 0, 0, 0, 1, 0, 0, 0, 0, 0, 0, 0, 0, 0, 0, 0, 0, 0, 0, 0, 0, 0, 0, 0, 0, 0, 0, 0, 0
Screen-Shot-2023-07-15-at-10-56-47-PM_png_jpg.rf.24db027462becac7c792917e0db4fbd4.jpg, 0, 1, 0, 0, 0, 0, 0, 0, 0, 0, 0, 0, 0, 0, 0, 0, 0, 0, 0, 0, 0, 0, 0, 0, 0, 0, 0, 0, 0, 0
Screen-Shot-2023-07-17-at-12-20-55-AM_png.rf.26157d9a930c10410e988ce0cd2538a5.jpg, 0, 0, 0, 0, 0, 0, 0, 0, 0, 0, 0, 0, 0, 0, 0, 0, 0, 0, 1, 0, 0, 0, 0, 0, 0, 0, 0, 0, 0, 0
Screen-Shot-2023-07-15-at-11-56-54-PM_png.rf.24290e0c1cfb18679d234fce69bdf2ae.jpg, 0, 0, 0, 0, 0, 0, 0, 0, 0, 0, 0, 0, 0, 0, 0, 0, 0, 0, 0, 0, 0, 0, 0, 0, 0, 0, 1, 0, 0, 0
Screen-Shot-2023-07-17-at-12-11-15-AM_png_jpg.rf.252363550a541b5f94e1ea11ebab3c47.jpg, 0, 0, 0, 0, 0, 0, 0, 0, 0, 0, 0, 0, 0, 0, 0, 0, 0, 0, 0, 0, 0, 1, 0, 0, 0, 0, 0, 0, 0, 0
Screen-Shot-2023-07-17-at-12-16-43-AM_png_jpg.rf.2616be168b30dfa8f24aeee85cfb27d8.jpg, 0, 0, 0, 0, 0, 0, 0, 0, 0, 0, 0, 0, 0, 0, 0, 0, 0, 0, 0, 0, 0, 0, 0, 0, 0, 0, 0, 1, 0, 0
Screen-Shot-2023-07-15-at-11-48-24-PM_png_jpg.rf.262dd4ff1b182c36348466891b76ad2c.jpg, 0, 0, 0, 0, 0, 0, 0, 0, 0, 0, 0, 0, 0, 0, 0, 0, 0, 0, 0, 0, 0, 0, 0, 0, 1, 0, 0, 0, 0, 0
Screen-Shot-2023-07-15-at-11-42-28-PM_png_jpg.rf.2627a70964271a6b278cbfcc047b71fd.jpg, 0, 0, 0, 0, 0, 0, 0, 0, 0, 0, 0, 0, 0, 0, 0, 0, 0, 0, 0, 0, 0, 0, 1, 0, 0, 0, 0, 0, 0, 0
Screen-Shot-2023-07-15-at-11-23-26-PM_png_jpg.rf.25cb49184eabe3ba32febd6e38503861.jpg, 0, 0, 0, 0, 0, 0, 0, 0, 0, 0, 0, 0, 0, 0, 1, 0, 0, 0, 0, 0, 0, 0, 0, 0, 0, 0, 0, 0, 0, 0
Screen-Shot-2023-07-15-at-10-50-51-PM_png_jpg.rf.2554f9d993482f2586334aa1dccb9f97.jpg, 0, 0, 0, 0, 0, 0, 0, 1, 0, 0, 0, 0, 0, 0, 0, 0, 0, 0, 0, 0, 0, 0, 0, 0, 0, 0, 0, 0, 0, 0
Screen-Shot-2023-07-17-at-12-20-50-AM_png_jpg.rf.21ce38b81fb1a9b22bb79a48fcdb8a3e.jpg, 0, 0, 0, 0, 0, 0, 0, 0, 0, 0, 0, 0, 0, 0, 0, 0, 0, 0, 1, 0, 0, 0, 0, 0, 0, 0, 0, 0, 0, 0
Screen-Shot-2023-07-15-at-11-35-51-PM_png_jpg.rf.2541dff9d6a8ef4e1f519b18658ecf2f.jpg, 0, 0, 0, 0, 0, 0, 0, 0, 0, 0, 0, 0, 0, 0, 0, 0, 0, 0, 0, 1, 0, 0, 0, 0, 0, 0, 0, 0, 0, 0
s1-JPG11whs_jpg.rf.24bc74735f5e0995729e2ed12e054305.jpg, 0, 0, 0, 0, 0, 0, 0, 0, 0, 0, 0, 0, 0, 0, 0, 0, 0, 0, 0, 0, 0, 0, 1, 0, 0, 0, 0, 0, 0, 0
Screen-Shot-2023-07-15-at-10-52-31-PM_png_jpg.rf.247e576539c4f9ca6e3f0a887a99d788.jpg, 0, 0, 0, 0, 0, 0, 0, 1, 0, 0, 0, 0, 0, 0, 0, 0, 0, 0, 0, 0, 0, 0, 0, 0, 0, 0, 0, 0, 0, 0
Screen-Shot-2023-07-15-at-11-47-57-PM_png_jpg.rf.2677bd89217bce867349aa61f488c76f.jpg, 0, 0, 0, 0, 0, 0, 0, 0, 0, 0, 0, 0, 0, 0, 0, 0, 0, 0, 0, 0, 0, 0, 0, 0, 1, 0, 0, 0, 0, 0
Screen-Shot-2023-07-17-at-12-17-41-AM_png_jpg.rf.262ad5c06db911c9e945dc584ad6be44.jpg, 0, 0, 0, 0, 0, 0, 0, 0, 0, 0, 0, 0, 0, 0, 0, 0, 0, 0, 0, 0, 0, 0, 0, 0, 0, 0, 0, 0, 1, 0
u1-JPG7rot_jpg.rf.25987fafcdafaafbb2f6b6a3f446ea72.jpg, 0, 0, 0, 0, 0, 0, 0, 0, 0, 0, 0, 0, 0, 0, 0, 0, 0, 0, 0, 0, 0, 0, 0, 0, 1, 0, 0, 0, 0, 0
p1-JPG4whs_jpg.rf.25a3e24b300274d8efa74a16343d9463.jpg, 0, 0, 0, 0, 0, 0, 0, 0, 0, 0, 0, 0, 0, 0, 0, 0, 0, 1, 0, 0, 0, 0, 0, 0, 0, 0, 0, 0, 0, 0
Screen-Shot-2023-07-17-at-12-20-20-AM_png_jpg.rf.262dfd0aaa07b15e1b39a7827e2afeb6.jpg, 0, 0, 0, 0, 1, 0, 0, 0, 0, 0, 0, 0, 0, 0, 0, 0, 0, 0, 0, 0, 0, 0, 0, 0, 0, 0, 0, 0, 0, 0
z1-JPG11rot_jpg.rf.266e7a4deb4f47765cc273b4cb3d5bcb.jpg, 0, 0, 0, 0, 0, 0, 0, 0, 0, 0, 0, 0, 0, 0, 0, 0, 0, 0, 0, 0, 0, 0, 0, 0, 0, 0, 0, 0, 0, 1
Screen-Shot-2023-07-16-at-12-03-35-AM_png_jpg.rf.23dce3926abab249f30f43b786b34979.jpg, 0, 0, 0, 0, 0, 0, 0, 0, 0, 0, 0, 0, 0, 0, 0, 0, 0, 0, 0, 0, 0, 0, 0, 0, 0, 0, 0, 0, 0, 1
j1-JPG13whs_jpg.rf.262e8b73357adff83e2409a85201a579.jpg, 0, 0, 0, 0, 0, 0, 0, 0, 0, 0, 0, 1, 0, 0, 0, 0, 0, 0, 0, 0, 0, 0, 0, 0, 0, 0, 0, 0, 0, 0
Screen-Shot-2023-07-16-at-11-54-23-PM_png_jpg.rf.26ae8f0dd088dc152a57e1680fe3d9a9.jpg, 0, 0, 0, 0, 0, 0, 1, 0, 0, 0, 0, 0, 0, 0, 0, 0, 0, 0, 0, 0, 0, 0, 0, 0, 0, 0, 0, 0, 0, 0
Screen-Shot-2023-07-16-at-11-47-02-PM_png_jpg.rf.26eeb6f0ff6a3516f7187e607fe83b15.jpg, 0, 0, 1, 0, 0, 0, 0, 0, 0, 0, 0, 0, 0, 0, 0, 0, 0, 0, 0, 0, 0, 0, 0, 0, 0, 0, 0, 0, 0, 0
Screen-Shot-2023-07-15-at-10-53-35-PM_png_jpg.rf.26ce198c88b5de131a697861001aa650.jpg, 0, 0, 0, 0, 0, 0, 0, 1, 0, 0, 0, 0, 0, 0, 0, 0, 0, 0, 0, 0, 0, 0, 0, 0, 0, 0, 0, 0, 0, 0
Screen-Shot-2023-07-15-at-11-56-33-PM_png_jpg.rf.26d8f1ec3a471362890138ada0d6f3d7.jpg, 0, 0, 0, 0, 0, 0, 0, 0, 0, 0, 0, 0, 0, 0, 0, 0, 0, 0, 0, 0, 0, 0, 0, 0, 0, 0, 1, 0, 0, 0
Screen-Shot-2023-07-15-at-11-16-05-PM-copy_png.rf.25451bf772fae469b888ababaa3aaba4.jpg, 0, 0, 0, 0, 0, 0, 0, 0, 0, 0, 0, 1, 0, 0, 0, 0, 0, 0, 0, 0, 0, 0, 0, 0, 0, 0, 0, 0, 0, 0
c1-JPG4whs_jpg.rf.2731d46e4b6b67c420ec5dc2e1d76894.jpg, 1, 0, 0, 0, 0, 0, 0, 0, 0, 0, 0, 0, 0, 0, 0, 0, 0, 0, 0, 0, 0, 0, 0, 0, 0, 0, 0, 0, 0, 0
Screen-Shot-2023-07-17-at-12-14-35-AM_png_jpg.rf.26919e7f63210d57e26f684785fc7a02.jpg, 0, 0, 0, 0, 0, 0, 0, 0, 0, 0, 0, 0, 0, 0, 0, 0, 0, 0, 0, 0, 0, 0, 0, 0, 0, 1, 0, 0, 0, 0
h1-JPG2rot_jpg.rf.27ba642e0ecb78f136da5f06433de68c.jpg, 0, 0, 0, 0, 0, 0, 0, 0, 0, 1, 0, 0, 0, 0, 0, 0, 0, 0, 0, 0, 0, 0, 0, 0, 0, 0, 0, 0, 0, 0
h1-JPG12dim_jpg.rf.2722f4c2a8c2ee8ced503e78c6aa7e52.jpg, 1, 0, 0, 0, 0, 0, 0, 0, 0, 0, 0, 0, 0, 0, 0, 0, 0, 0, 0, 0, 0, 0, 0, 0, 0, 0, 0, 0, 0, 0
Screen-Shot-2023-07-17-at-12-01-31-AM_png_jpg.rf.273fc79a1fb6566fd6e200acce4684e1.jpg, 0, 0, 0, 0, 0, 0, 0, 0, 0, 0, 0, 1, 0, 0, 0, 0, 0, 0, 0, 0, 0, 0, 0, 0, 0, 0, 0, 0, 0, 0
a1-JPG12rot_jpg.rf.240ec38c968a3792a3a82728d2e82c3a.jpg, 0, 1, 0, 0, 0, 0, 0, 0, 0, 0, 0, 0, 0, 0, 0, 0, 0, 0, 0, 0, 0, 0, 0, 0, 0, 0, 0, 0, 0, 0
f1-JPG12rot_jpg.rf.2719fa25924f53e8ed86801d1f1072a5.jpg, 1, 0, 0, 0, 0, 0, 0, 0, 0, 0, 0, 0, 0, 0, 0, 0, 0, 0, 0, 0, 0, 0, 0, 0, 0, 0, 0, 0, 0, 0
Screen-Shot-2023-07-15-at-11-22-49-PM_png_jpg.rf.26a83a6579e1ad6474078acdfd3866de.jpg, 0, 0, 0, 0, 0, 0, 0, 0, 0, 0, 0, 0, 0, 0, 1, 0, 0, 0, 0, 0, 0, 0, 0, 0, 0, 0, 0, 0, 0, 0
Screen-Shot-2023-07-15-at-11-16-55-PM_png_jpg.rf.26d0a1d9f694704899eebe39f4e5b0c8.jpg, 0, 0, 0, 0, 0, 0, 0, 0, 0, 0, 0, 0, 1, 0, 0, 0, 0, 0, 0, 0, 0, 0, 0, 0, 0, 0, 0, 0, 0, 0
x1-JPG0rot_jpg.rf.26886a45f961bec81f31b052456c8933.jpg, 0, 0, 0, 0, 0, 0, 0, 0, 0, 0, 0, 0, 0, 0, 0, 0, 0, 0, 0, 0, 0, 0, 0, 0, 0, 0, 0, 1, 0, 0
Screen-Shot-2023-07-17-at-12-07-38-AM_png_jpg.rf.27ddc8343a36bbeec0b81c28fd326544.jpg, 0, 0, 0, 0, 0, 0, 0, 0, 0, 0, 0, 0, 0, 0, 0, 1, 0, 0, 0, 0, 0, 0, 0, 0, 0, 0, 0, 0, 0, 0
Screen-Shot-2023-07-15-at-11-09-12-PM_png_jpg.rf.27bfc5130c5e3096a00124857774cf40.jpg, 0, 0, 0, 0, 0, 0, 0, 0, 1, 0, 0, 0, 0, 0, 0, 0, 0, 0, 0, 0, 0, 0, 0, 0, 0, 0, 0, 0, 0, 0
g1-JPG14rot_jpg.rf.270d5e4f96e46cee4240b04edf4a267f.jpg, 0, 0, 0, 0, 0, 0, 0, 0, 1, 0, 0, 0, 0, 0, 0, 0, 0, 0, 0, 0, 0, 0, 0, 0, 0, 0, 0, 0, 0, 0
Screen-Shot-2023-07-15-at-11-13-49-PM_png_jpg.rf.27f8ab5e48e9e5d8808deae6d354e743.jpg, 0, 0, 0, 0, 0, 0, 0, 0, 0, 0, 1, 0, 0, 0, 0, 0, 0, 0, 0, 0, 0, 0, 0, 0, 0, 0, 0, 0, 0, 0
Screen-Shot-2023-07-17-at-12-00-40-AM_png_jpg.rf.279f6b2bc8f84101c1b739cce04e653e.jpg, 0, 0, 0, 0, 0, 0, 0, 0, 0, 0, 1, 0, 0, 0, 0, 0, 0, 0, 0, 0, 0, 0, 0, 0, 0, 0, 0, 0, 0, 0
Screen-Shot-2023-07-15-at-11-19-57-PM_png_jpg.rf.28d003eff247b4609fdc7a57877a278c.jpg, 0, 0, 0, 0, 0, 0, 0, 0, 0, 0, 0, 0, 0, 1, 0, 0, 0, 0, 0, 0, 0, 0, 0, 0, 0, 0, 0, 0, 0, 0
Screen-Shot-2023-07-17-at-12-13-12-AM_png_jpg.rf.2649c49fccb5c1148af5dfed4c038e90.jpg, 0, 0, 0, 0, 0, 0, 0, 0, 0, 0, 0, 0, 0, 0, 0, 0, 0, 0, 0, 0, 0, 0, 0, 0, 1, 0, 0, 0, 0, 0
Screen-Shot-2023-07-17-at-12-13-12-AM_png_jpg.rf.27e1188debf41272819ab54e7f2146bb.jpg, 0, 0, 0, 0, 0, 0, 0, 0, 0, 0, 0, 0, 0, 0, 0, 0, 0, 0, 0, 0, 0, 0, 0, 0, 1, 0, 0, 0, 0, 0
Screen-Shot-2023-07-17-at-12-00-35-AM_png_jpg.rf.286638e931a1776e590dbd8d9c0507db.jpg, 0, 0, 0, 0, 0, 0, 0, 0, 0, 0, 1, 0, 0, 0, 0, 0, 0, 0, 0, 0, 0, 0, 0, 0, 0, 0, 0, 0, 0, 0
Screen-Shot-2023-07-17-at-12-01-48-AM_png_jpg.rf.289fe2f91c8655a3b4da4e4b516ce2cc.jpg, 0, 0, 0, 0, 0, 0, 0, 0, 0, 0, 0, 1, 0, 0, 0, 0, 0, 0, 0, 0, 0, 0, 0, 0, 0, 0, 0, 0, 0, 0
Screen-Shot-2023-07-17-at-12-00-19-AM_png_jpg.rf.291f46b564b23b0570902a9ba8f3abd9.jpg, 0, 0, 0, 0, 0, 0, 0, 0, 0, 0, 1, 0, 0, 0, 0, 0, 0, 0, 0, 0, 0, 0, 0, 0, 0, 0, 0, 0, 0, 0
Screen-Shot-2023-07-17-at-12-15-50-AM_png_jpg.rf.28b322c1a0718ab2bba31c513a54474e.jpg, 0, 0, 0, 0, 0, 0, 0, 0, 0, 0, 0, 0, 0, 0, 0, 0, 0, 0, 0, 0, 0, 0, 0, 0, 0, 0, 1, 0, 0, 0
f1-JPG1dim_jpg.rf.2878922ddb5beb1efce75f7b849738db.jpg, 0, 0, 0, 0, 0, 0, 0, 1, 0, 0, 0, 0, 0, 0, 0, 0, 0, 0, 0, 0, 0, 0, 0, 0, 0, 0, 0, 0, 0, 0
q1-JPG9rot_jpg.rf.28f09bd6e08ea6dd14066b48c324fef1.jpg, 0, 0, 0, 0, 0, 0, 0, 0, 0, 0, 0, 0, 0, 0, 0, 0, 0, 0, 0, 1, 0, 0, 0, 0, 0, 0, 0, 0, 0, 0
q1-JPG5dim_jpg.rf.2831a919f1e149cc5feabc31d81de965.jpg, 1, 0, 0, 0, 0, 0, 0, 0, 0, 0, 0, 0, 0, 0, 0, 0, 0, 0, 0, 0, 0, 0, 0, 0, 0, 0, 0, 0, 0, 0
Screen-Shot-2023-07-17-at-12-08-56-AM_png_jpg.rf.29153986e08b763a4ff86f81d071018a.jpg, 0, 0, 0, 0, 0, 0, 0, 0, 0, 0, 0, 0, 0, 0, 0, 0, 0, 1, 0, 0, 0, 0, 0, 0, 0, 0, 0, 0, 0, 0
Screen-Shot-2023-07-15-at-11-14-48-PM-copy_png_jpg.rf.27f312f71f8c8fde258333bbd8331f5a.jpg, 0, 0, 0, 0, 0, 0, 0, 0, 0, 0, 0, 1, 0, 0, 0, 0, 0, 0, 0, 0, 0, 0, 0, 0, 0, 0, 0, 0, 0, 0
t1-JPG6whs_jpg.rf.28c3ccbe41f872d94da0655eb4d41226.jpg, 0, 0, 0, 0, 0, 0, 0, 0, 0, 0, 0, 0, 0, 0, 0, 0, 0, 0, 0, 0, 0, 0, 0, 1, 0, 0, 0, 0, 0, 0
Screen-Shot-2023-07-17-at-12-18-38-AM_png_jpg.rf.294ba886a1869c06ae83150d657d04f9.jpg, 0, 0, 0, 0, 0, 0, 0, 0, 0, 0, 0, 0, 0, 0, 0, 0, 0, 0, 0, 0, 0, 0, 0, 0, 0, 0, 0, 0, 0, 1
Screen-Shot-2023-07-15-at-11-11-05-PM-copy_png_jpg.rf.2900ad1ddb26dd8f74956a30caa9c5a5.jpg, 0, 0, 0, 0, 0, 0, 0, 0, 0, 1, 0, 0, 0, 0, 0, 0, 0, 0, 0, 0, 0, 0, 0, 0, 0, 0, 0, 0, 0, 0
Screen-Shot-2023-07-17-at-12-02-43-AM_png_jpg.rf.295d034265ffca60cd0613c6b53de776.jpg, 0, 0, 0, 0, 0, 0, 0, 0, 0, 0, 0, 0, 1, 0, 0, 0, 0, 0, 0, 0, 0, 0, 0, 0, 0, 0, 0, 0, 0, 0
Screen-Shot-2023-07-15-at-11-12-42-PM_png_jpg.rf.299870a283328e7b1dc42cdb3586f148.jpg, 0, 0, 0, 0, 0, 0, 0, 0, 0, 0, 1, 0, 0, 0, 0, 0, 0, 0, 0, 0, 0, 0, 0, 0, 0, 0, 0, 0, 0, 0
l1-JPG10whs_jpg.rf.2934ea5271f986635fb7c145c7fb73e0.jpg, 0, 0, 0, 0, 0, 0, 0, 0, 0, 0, 0, 0, 0, 1, 0, 0, 0, 0, 0, 0, 0, 0, 0, 0, 0, 0, 0, 0, 0, 0
Screen-Shot-2023-07-15-at-10-53-02-PM_png_jpg.rf.294bbff57e2690c3096552a9e5629ad9.jpg, 0, 0, 0, 0, 0, 0, 0, 1, 0, 0, 0, 0, 0, 0, 0, 0, 0, 0, 0, 0, 0, 0, 0, 0, 0, 0, 0, 0, 0, 0
v1-JPG13rot_jpg.rf.289ae9a08a6a3aa766f4a683d1671568.jpg, 0, 0, 0, 0, 0, 0, 0, 0, 0, 0, 0, 0, 0, 0, 0, 0, 0, 0, 0, 0, 0, 0, 0, 0, 0, 1, 0, 0, 0, 0
Screen-Shot-2023-07-16-at-11-58-25-PM_png_jpg.rf.297598d1ca2e814e2a42f171dcd24db5.jpg, 0, 0, 0, 0, 0, 0, 0, 0, 1, 0, 0, 0, 0, 0, 0, 0, 0, 0, 0, 0, 0, 0, 0, 0, 0, 0, 0, 0, 0, 0
Screen-Shot-2023-07-16-at-12-05-20-AM_png_jpg.rf.290205ff0fb660176e8cb77cedb961b1.jpg, 0, 0, 0, 0, 1, 0, 0, 0, 0, 0, 0, 0, 0, 0, 0, 0, 0, 0, 0, 0, 0, 0, 0, 0, 0, 0, 0, 0, 0, 0
Screen-Shot-2023-07-17-at-12-18-38-AM_png_jpg.rf.273c0b3110c43a5e5e0c4d609cd62419.jpg, 0, 0, 0, 0, 0, 0, 0, 0, 0, 0, 0, 0, 0, 0, 0, 0, 0, 0, 0, 0, 0, 0, 0, 0, 0, 0, 0, 0, 0, 1
Screen-Shot-2023-07-15-at-11-07-53-PM_png.rf.2958435e5e0a3f765791f09e65ef36e6.jpg, 0, 0, 0, 0, 0, 0, 0, 0, 1, 0, 0, 0, 0, 0, 0, 0, 0, 0, 0, 0, 0, 0, 0, 0, 0, 0, 0, 0, 0, 0
Screen-Shot-2023-07-16-at-12-03-09-AM_png_jpg.rf.29d4d1373475350afd5555b9f97c7426.jpg, 0, 0, 0, 0, 0, 0, 0, 0, 0, 0, 0, 0, 0, 0, 0, 0, 0, 0, 0, 0, 0, 0, 0, 0, 0, 0, 0, 0, 0, 1
x1-JPG5rot_jpg.rf.2a0be4d8b3737ffd624181ed7b313e3e.jpg, 0, 0, 0, 0, 0, 0, 0, 0, 0, 0, 0, 0, 0, 0, 0, 0, 0, 0, 0, 0, 0, 0, 0, 0, 0, 0, 0, 1, 0, 0
q1-JPG9dim_jpg.rf.2a00750c6be0be9f69082fa8c7901fa9.jpg, 0, 0, 0, 0, 0, 0, 0, 0, 0, 0, 0, 0, 0, 0, 0, 0, 0, 0, 0, 1, 0, 0, 0, 0, 0, 0, 0, 0, 0, 0
Screen-Shot-2023-07-16-at-11-58-49-PM_png_jpg.rf.29cc6bb0d7ad650932c539c3583c2577.jpg, 0, 0, 0, 0, 0, 0, 0, 0, 1, 0, 0, 0, 0, 0, 0, 0, 0, 0, 0, 0, 0, 0, 0, 0, 0, 0, 0, 0, 0, 0
Screen-Shot-2023-07-16-at-12-16-08-PM_png_jpg.rf.2a247f01edf140f9f1157dc89ef09041.jpg, 0, 0, 0, 0, 0, 0, 0, 0, 0, 0, 0, 0, 0, 0, 0, 0, 0, 0, 1, 0, 0, 0, 0, 0, 0, 0, 0, 0, 0, 0
Screen-Shot-2023-07-17-at-12-09-26-AM_png_jpg.rf.2370d7f62dd860fe5a03e4db2afdb683.jpg, 0, 0, 0, 0, 0, 0, 0, 0, 0, 0, 0, 0, 0, 0, 0, 0, 0, 1, 0, 0, 0, 0, 0, 0, 0, 0, 0, 0, 0, 0
l1-JPG15whs_jpg.rf.2938b5aa3224d3d47ca77a1f2a5cbb94.jpg, 0, 0, 0, 0, 0, 0, 0, 0, 0, 0, 0, 0, 0, 1, 0, 0, 0, 0, 0, 0, 0, 0, 0, 0, 0, 0, 0, 0, 0, 0
b1-JPG18dim_jpg.rf.2afa133a065fcbd1560bc0ad0b69eeb8.jpg, 1, 0, 0, 0, 0, 0, 0, 0, 0, 0, 0, 0, 0, 0, 0, 0, 0, 0, 0, 0, 0, 0, 0, 0, 0, 0, 0, 0, 0, 0
Screen-Shot-2023-07-15-at-11-32-58-PM_png_jpg.rf.2a53722fb0d83ec1b326d19d3dbebbb8.jpg, 0, 0, 0, 0, 0, 0, 0, 0, 0, 0, 0, 0, 0, 0, 0, 0, 0, 1, 0, 0, 0, 0, 0, 0, 0, 0, 0, 0, 0, 0
Screen-Shot-2023-07-17-at-12-06-35-AM_png_jpg.rf.2830b238e6174789ab32f61753c78bc3.jpg, 0, 0, 0, 0, 0, 0, 0, 0, 0, 0, 0, 0, 0, 0, 1, 0, 0, 0, 0, 0, 0, 0, 0, 0, 0, 0, 0, 0, 0, 0
Screen-Shot-2023-07-11-at-12-28-38-PM_png_jpg.rf.293f38c5e2113b2f30ad250892ae108a.jpg, 0, 0, 0, 0, 1, 0, 0, 0, 0, 0, 0, 0, 0, 0, 0, 0, 0, 0, 0, 0, 0, 0, 0, 0, 0, 0, 0, 0, 0, 0
Screen-Shot-2023-07-15-at-11-56-47-PM_png_jpg.rf.2aa31f5f29f844532b158f32b806ee15.jpg, 0, 0, 0, 0, 0, 0, 0, 0, 0, 0, 0, 0, 0, 0, 0, 0, 0, 0, 0, 0, 0, 0, 0, 0, 0, 0, 1, 0, 0, 0
Screen-Shot-2023-07-17-at-12-04-47-AM_png_jpg.rf.2a622b44ead85a59df22c1438e1bd1d1.jpg, 0, 0, 0, 0, 0, 0, 0, 0, 0, 0, 0, 0, 0, 1, 0, 0, 0, 0, 0, 0, 0, 0, 0, 0, 0, 0, 0, 0, 0, 0
Screen-Shot-2023-07-16-at-11-54-10-PM_png_jpg.rf.2af4c2c30d15a2ded12e52434dc4fb10.jpg, 0, 0, 0, 0, 0, 0, 1, 0, 0, 0, 0, 0, 0, 0, 0, 0, 0, 0, 0, 0, 0, 0, 0, 0, 0, 0, 0, 0, 0, 0
Screen-Shot-2023-07-17-at-12-10-43-AM_png_jpg.rf.2b3e15a25d4207bd4c2bdfa8c3f49759.jpg, 0, 0, 0, 0, 0, 0, 0, 0, 0, 0, 0, 0, 0, 0, 0, 0, 0, 0, 0, 1, 0, 0, 0, 0, 0, 0, 0, 0, 0, 0
n1-JPG16rot_jpg.rf.294fa540282e8758338f82634c8ca5d8.jpg, 0, 0, 0, 0, 0, 0, 0, 0, 0, 0, 0, 0, 0, 0, 0, 1, 0, 0, 0, 0, 0, 0, 0, 0, 0, 0, 0, 0, 0, 0
Screen-Shot-2023-07-15-at-11-26-33-PM_png_jpg.rf.2b4920fa0068e3fc8331293ad492d127.jpg, 0, 0, 0, 0, 0, 0, 0, 0, 0, 0, 0, 0, 0, 0, 0, 1, 0, 0, 0, 0, 0, 0, 0, 0, 0, 0, 0, 0, 0, 0
Screen-Shot-2023-07-16-at-11-52-49-PM_png_jpg.rf.2bdf375afc827d8a40b559867727063b.jpg, 0, 0, 0, 0, 0, 1, 0, 0, 0, 0, 0, 0, 0, 0, 0, 0, 0, 0, 0, 0, 0, 0, 0, 0, 0, 0, 0, 0, 0, 0
Screen-Shot-2023-07-15-at-11-57-26-PM_png_jpg.rf.2b80225c9d491aadcb4a8bbe280e12a1.jpg, 0, 0, 0, 0, 0, 0, 0, 0, 0, 0, 0, 0, 0, 0, 0, 0, 0, 0, 0, 0, 0, 0, 0, 0, 0, 0, 1, 0, 0, 0
Screen-Shot-2023-07-17-at-12-12-16-AM_png.rf.2b8b7bd63d43fc8e4eaee6277c43817a.jpg, 0, 0, 0, 0, 0, 0, 0, 0, 0, 0, 0, 0, 0, 0, 0, 0, 0, 0, 0, 0, 0, 0, 1, 0, 0, 0, 0, 0, 0, 0
b1-JPG4rot_jpg.rf.2c1ac7c6d44312aa0ca982982639c3c3.jpg, 1, 0, 0, 0, 0, 0, 0, 0, 0, 0, 0, 0, 0, 0, 0, 0, 0, 0, 0, 0, 0, 0, 0, 0, 0, 0, 0, 0, 0, 0
Screen-Shot-2023-07-15-at-11-32-41-PM_png_jpg.rf.2b91035ffd896068bc9861b9f7c6ed0a.jpg, 0, 0, 0, 0, 0, 0, 0, 0, 0, 0, 0, 0, 0, 0, 0, 0, 0, 1, 0, 0, 0, 0, 0, 0, 0, 0, 0, 0, 0, 0
Screen-Shot-2023-07-17-at-12-08-44-AM_png_jpg.rf.2bb61da21f031815ddb4d0a667a98053.jpg, 0, 0, 0, 0, 0, 0, 0, 0, 0, 0, 0, 0, 0, 0, 0, 0, 0, 1, 0, 0, 0, 0, 0, 0, 0, 0, 0, 0, 0, 0
e1-JPG8dim_jpg.rf.2be46ce428669fe6a0e8e1d3240dffb7.jpg, 0, 0, 0, 0, 0, 0, 1, 0, 0, 0, 0, 0, 0, 0, 0, 0, 0, 0, 0, 0, 0, 0, 0, 0, 0, 0, 0, 0, 0, 0
a1-JPG18whs_jpg.rf.2a730a85dc5a1c014bbf9ab4f408d2af.jpg, 0, 1, 0, 0, 0, 0, 0, 0, 0, 0, 0, 0, 0, 0, 0, 0, 0, 0, 0, 0, 0, 0, 0, 0, 0, 0, 0, 0, 0, 0
q1-JPG8dim_jpg.rf.2b4d1108276ef0da92ce0aa68d404205.jpg, 0, 0, 0, 0, 0, 0, 0, 0, 0, 0, 0, 0, 0, 0, 0, 0, 0, 0, 0, 1, 0, 0, 0, 0, 0, 0, 0, 0, 0, 0
Screen-Shot-2023-07-17-at-12-03-57-AM_png_jpg.rf.2c2bcfa0871e4d62f6e47d27d02def2f.jpg, 0, 0, 0, 0, 0, 0, 0, 0, 0, 0, 0, 0, 0, 1, 0, 0, 0, 0, 0, 0, 0, 0, 0, 0, 0, 0, 0, 0, 0, 0
Screen-Shot-2023-07-15-at-11-03-10-PM_png_jpg.rf.2b991e11ed75ad26a8845f04cd96a537.jpg, 0, 0, 0, 0, 0, 1, 0, 0, 0, 0, 0, 0, 0, 0, 0, 0, 0, 0, 0, 0, 0, 0, 0, 0, 0, 0, 0, 0, 0, 0
w1-JPG1rot_jpg.rf.2a620ae8774a3ef49d4c34abe757abac.jpg, 0, 0, 0, 0, 0, 0, 0, 0, 0, 0, 0, 0, 0, 0, 0, 0, 0, 0, 0, 0, 0, 0, 0, 0, 0, 0, 1, 0, 0, 0
Screen-Shot-2023-07-15-at-10-47-45-PM_png_jpg.rf.2bfdf631651c273f25797c63209bbee6.jpg, 0, 0, 1, 0, 0, 0, 0, 0, 0, 0, 0, 0, 0, 0, 0, 0, 0, 0, 0, 0, 0, 0, 0, 0, 0, 0, 0, 0, 0, 0
t1-JPG16rot_jpg.rf.2c5151f689954c458da1474b29d4e38c.jpg, 0, 0, 0, 0, 0, 0, 0, 0, 0, 0, 0, 0, 0, 0, 0, 0, 0, 0, 0, 0, 0, 0, 0, 1, 0, 0, 0, 0, 0, 0
t1-JPG14rot_jpg.rf.2c74e9ddb6e68206bba33a9361558f68.jpg, 1, 0, 0, 0, 0, 0, 0, 0, 0, 0, 0, 0, 0, 0, 0, 0, 0, 0, 0, 0, 0, 0, 0, 0, 0, 0, 0, 0, 0, 0
Screen-Shot-2023-07-15-at-11-55-36-PM_png.rf.2d181aefbbde61db53009820f167621c.jpg, 0, 0, 0, 0, 0, 0, 0, 0, 0, 0, 0, 0, 0, 0, 0, 0, 0, 0, 0, 0, 0, 0, 0, 0, 0, 1, 0, 0, 0, 0
Screen-Shot-2023-07-15-at-11-12-14-PM_png_jpg.rf.2c6d219b406ba876ffb6312ebb964fc0.jpg, 0, 0, 0, 0, 0, 0, 0, 0, 0, 0, 1, 0, 0, 0, 0, 0, 0, 0, 0, 0, 0, 0, 0, 0, 0, 0, 0, 0, 0, 0
Screen-Shot-2023-07-15-at-10-53-02-PM_png_jpg.rf.2cd23f72d8cf58cbc707bb2c3499a683.jpg, 0, 0, 0, 0, 0, 0, 0, 1, 0, 0, 0, 0, 0, 0, 0, 0, 0, 0, 0, 0, 0, 0, 0, 0, 0, 0, 0, 0, 0, 0
Screen-Shot-2023-07-17-at-12-03-41-AM_png_jpg.rf.2c283eb234c0ba37c3cd71e6bed75321.jpg, 0, 0, 0, 0, 0, 0, 0, 0, 0, 0, 0, 0, 0, 1, 0, 0, 0, 0, 0, 0, 0, 0, 0, 0, 0, 0, 0, 0, 0, 0
Screen-Shot-2023-07-17-at-12-21-11-AM_png_jpg.rf.2d09a1269f1f9b3d344bccb7dd3c2926.jpg, 0, 0, 0, 0, 0, 0, 0, 0, 0, 0, 0, 0, 0, 0, 0, 0, 0, 0, 1, 0, 0, 0, 0, 0, 0, 0, 0, 0, 0, 0
Screen-Shot-2023-07-15-at-11-04-21-PM_png_jpg.rf.2ab7441c666ccba7a065429fd427ffd0.jpg, 0, 0, 0, 0, 0, 1, 0, 0, 0, 0, 0, 0, 0, 0, 0, 0, 0, 0, 0, 0, 0, 0, 0, 0, 0, 0, 0, 0, 0, 0
Screen-Shot-2023-07-17-at-12-15-33-AM_png_jpg.rf.2c4626b1c135def4622512885c3e22e4.jpg, 0, 0, 0, 0, 0, 0, 0, 0, 0, 0, 0, 0, 0, 0, 0, 0, 0, 0, 0, 0, 0, 0, 0, 0, 0, 0, 1, 0, 0, 0
Screen-Shot-2023-07-17-at-12-15-02-AM_png_jpg.rf.2bbc4337d0116d20575aa1d1158c6449.jpg, 0, 0, 0, 0, 0, 0, 0, 0, 0, 0, 0, 0, 0, 0, 0, 0, 0, 0, 0, 0, 0, 0, 0, 0, 0, 1, 0, 0, 0, 0
q1-JPG15whs_jpg.rf.2d4bb1d9c676cea43497dee05917fc76.jpg, 0, 0, 0, 0, 0, 0, 0, 0, 0, 0, 0, 0, 0, 0, 0, 0, 0, 0, 0, 1, 0, 0, 0, 0, 0, 0, 0, 0, 0, 0
n1-JPG14dim_jpg.rf.2d37de33d24ab0d0a97a3859a0ec22ad.jpg, 0, 0, 0, 0, 0, 0, 0, 0, 0, 0, 0, 0, 0, 0, 0, 1, 0, 0, 0, 0, 0, 0, 0, 0, 0, 0, 0, 0, 0, 0
Screen-Shot-2023-07-16-at-11-56-22-PM_png_jpg.rf.2d52df3987457a5f9bcf5427b7397f12.jpg, 0, 0, 0, 0, 0, 0, 0, 1, 0, 0, 0, 0, 0, 0, 0, 0, 0, 0, 0, 0, 0, 0, 0, 0, 0, 0, 0, 0, 0, 0
Screen-Shot-2023-07-17-at-12-11-33-AM_png_jpg.rf.2ca4e5889ea4bc9f67b619284c6080f0.jpg, 0, 0, 0, 0, 0, 0, 0, 0, 0, 0, 0, 0, 0, 0, 0, 0, 0, 0, 0, 0, 0, 1, 0, 0, 0, 0, 0, 0, 0, 0
Screen-Shot-2023-07-17-at-12-18-50-AM_png_jpg.rf.2d52d4d53cd03b368effae32a28bb84c.jpg, 0, 0, 0, 0, 0, 0, 0, 0, 0, 0, 0, 0, 0, 0, 0, 0, 0, 0, 0, 0, 0, 0, 0, 0, 0, 0, 0, 0, 0, 1
y1-JPG7rot_jpg.rf.2d59fe0aefe4cbeac9c1f9ff1914ccc5.jpg, 0, 0, 0, 0, 0, 0, 0, 0, 0, 0, 0, 0, 0, 0, 0, 0, 0, 0, 0, 0, 0, 0, 0, 0, 0, 0, 0, 0, 1, 0
Screen-Shot-2023-07-17-at-12-20-20-AM_png_jpg.rf.2d42eae138d0e132a9603eba59c24ab6.jpg, 0, 0, 0, 0, 1, 0, 0, 0, 0, 0, 0, 0, 0, 0, 0, 0, 0, 0, 0, 0, 0, 0, 0, 0, 0, 0, 0, 0, 0, 0
w1-JPG14rot_jpg.rf.2d2734f530ed28dd6e3ca5da8bf09414.jpg, 0, 0, 0, 0, 0, 0, 0, 0, 0, 0, 0, 0, 0, 0, 0, 0, 0, 0, 0, 0, 0, 1, 0, 0, 0, 0, 0, 0, 0, 0
Screen-Shot-2023-07-17-at-12-00-40-AM_png_jpg.rf.2d4abecd4a54b1b8af491518644aa51a.jpg, 0, 0, 0, 0, 0, 0, 0, 0, 0, 0, 1, 0, 0, 0, 0, 0, 0, 0, 0, 0, 0, 0, 0, 0, 0, 0, 0, 0, 0, 0
Screen-Shot-2023-07-15-at-11-43-26-PM_png_jpg.rf.2d753efcfa7b71d20d88d66c623c1283.jpg, 0, 0, 0, 0, 0, 0, 0, 0, 0, 0, 0, 0, 0, 0, 0, 0, 0, 0, 0, 0, 0, 0, 1, 0, 0, 0, 0, 0, 0, 0
Screen-Shot-2023-07-15-at-11-08-25-PM_png_jpg.rf.2d38e95ecde9d8d3e3efbf7f21d2c268.jpg, 0, 0, 0, 0, 0, 0, 0, 0, 1, 0, 0, 0, 0, 0, 0, 0, 0, 0, 0, 0, 0, 0, 0, 0, 0, 0, 0, 0, 0, 0
Screen-Shot-2023-07-17-at-12-18-33-AM_png_jpg.rf.2d9f17bdf21da3869e9dc4921cdbfa44.jpg, 0, 0, 0, 0, 0, 0, 0, 0, 0, 0, 0, 0, 0, 0, 0, 0, 0, 0, 0, 0, 0, 0, 0, 0, 0, 0, 0, 0, 0, 1
k1-JPG10rot_jpg.rf.2da660b2a7402bafbe8960801a886d90.jpg, 0, 0, 0, 0, 0, 0, 0, 0, 0, 0, 0, 0, 1, 0, 0, 0, 0, 0, 0, 0, 0, 0, 0, 0, 0, 0, 0, 0, 0, 0
Screen-Shot-2023-07-11-at-12-28-23-PM_png_jpg.rf.2d34ff816f55e2e2ac7b753ae8659631.jpg, 0, 0, 0, 0, 0, 0, 0, 0, 0, 0, 0, 0, 0, 0, 0, 0, 0, 0, 1, 0, 0, 0, 0, 0, 0, 0, 0, 0, 0, 0
a1-JPG5dim_jpg.rf.2da69f0726fef313867588138d381fe0.jpg, 0, 1, 0, 0, 0, 0, 0, 0, 0, 0, 0, 0, 0, 0, 0, 0, 0, 0, 0, 0, 0, 0, 0, 0, 0, 0, 0, 0, 0, 0
Screen-Shot-2023-07-17-at-12-18-02-AM_png_jpg.rf.2da164fdb05b9f1198dc484a933e0f20.jpg, 0, 0, 0, 0, 0, 0, 0, 0, 0, 0, 0, 0, 0, 0, 0, 0, 0, 0, 0, 0, 0, 0, 0, 0, 0, 0, 0, 0, 1, 0
Screen-Shot-2023-07-16-at-12-11-45-AM_png_jpg.rf.2d1c3ef149e506b9eabda6ac14b4ae7d.jpg, 0, 0, 0, 0, 0, 0, 0, 0, 0, 0, 0, 0, 0, 0, 0, 0, 0, 0, 0, 0, 1, 0, 0, 0, 0, 0, 0, 0, 0, 0
Screen-Shot-2023-07-15-at-11-17-59-PM_png_jpg.rf.2acdf0e3bf4e0cb5749c8991765dbe9a.jpg, 0, 0, 0, 0, 0, 0, 0, 0, 0, 0, 0, 0, 1, 0, 0, 0, 0, 0, 0, 0, 0, 0, 0, 0, 0, 0, 0, 0, 0, 0
Screen-Shot-2023-07-17-at-12-14-35-AM_png_jpg.rf.2dccbbdb02ea98ac19e8bb4000db3767.jpg, 0, 0, 0, 0, 0, 0, 0, 0, 0, 0, 0, 0, 0, 0, 0, 0, 0, 0, 0, 0, 0, 0, 0, 0, 0, 1, 0, 0, 0, 0
Screen-Shot-2023-07-15-at-11-47-01-PM_png_jpg.rf.2d838f8e71537837badc8b41e8249669.jpg, 0, 0, 0, 0, 0, 0, 0, 0, 0, 0, 0, 0, 0, 0, 0, 0, 0, 0, 0, 0, 0, 0, 0, 1, 0, 0, 0, 0, 0, 0
g1-JPG10rot_jpg.rf.2ded02242508d49086fde445ae0e5658.jpg, 0, 0, 0, 0, 0, 0, 0, 0, 1, 0, 0, 0, 0, 0, 0, 0, 0, 0, 0, 0, 0, 0, 0, 0, 0, 0, 0, 0, 0, 0
Screen-Shot-2023-07-15-at-11-36-13-PM_png_jpg.rf.2ded7bffc86fb831295a9e14c3368061.jpg, 0, 0, 0, 0, 0, 0, 0, 0, 0, 0, 0, 0, 0, 0, 0, 0, 0, 0, 0, 1, 0, 0, 0, 0, 0, 0, 0, 0, 0, 0
Screen-Shot-2023-07-16-at-11-59-32-PM_png_jpg.rf.2bd27c236c65369edc25e46a77db750e.jpg, 0, 0, 0, 0, 0, 0, 0, 0, 0, 1, 0, 0, 0, 0, 0, 0, 0, 0, 0, 0, 0, 0, 0, 0, 0, 0, 0, 0, 0, 0
Screen-Shot-2023-07-17-at-12-08-33-AM_png_jpg.rf.2e180893099c8250e62c191af0e2bcfb.jpg, 0, 0, 0, 0, 0, 0, 0, 0, 0, 0, 0, 0, 0, 0, 0, 0, 1, 0, 0, 0, 0, 0, 0, 0, 0, 0, 0, 0, 0, 0
n1-JPG12dim_jpg.rf.2e43d2c8b881fb05d3a367442273a117.jpg, 0, 0, 0, 0, 0, 0, 0, 0, 0, 0, 0, 0, 0, 0, 0, 1, 0, 0, 0, 0, 0, 0, 0, 0, 0, 0, 0, 0, 0, 0
Screen-Shot-2023-07-16-at-11-55-22-PM_png_jpg.rf.2b75b7279ea544963d52a46817082ef5.jpg, 0, 0, 0, 0, 0, 0, 1, 0, 0, 0, 0, 0, 0, 0, 0, 0, 0, 0, 0, 0, 0, 0, 0, 0, 0, 0, 0, 0, 0, 0
Screen-Shot-2023-07-17-at-12-01-26-AM_png.rf.2e24317b06c72b2363f31042091d24b9.jpg, 0, 0, 0, 0, 0, 0, 0, 0, 0, 0, 0, 1, 0, 0, 0, 0, 0, 0, 0, 0, 0, 0, 0, 0, 0, 0, 0, 0, 0, 0
Screen-Shot-2023-07-15-at-11-01-44-PM_png_jpg.rf.2e744e73d6b4b333819f69714f4b06df.jpg, 0, 0, 0, 1, 0, 0, 0, 0, 0, 0, 0, 0, 0, 0, 0, 0, 0, 0, 0, 0, 0, 0, 0, 0, 0, 0, 0, 0, 0, 0
d1-JPG2rot_jpg.rf.2e1a59ddaf8c661ca93ea77eaaffe6cd.jpg, 0, 0, 0, 0, 0, 1, 0, 0, 0, 0, 0, 0, 0, 0, 0, 0, 0, 0, 0, 0, 0, 0, 0, 0, 0, 0, 0, 0, 0, 0
g1-JPG3rot_jpg.rf.2e333b599bd9f6aeb6e13b0ba176aaac.jpg, 1, 0, 0, 0, 0, 0, 0, 0, 0, 0, 0, 0, 0, 0, 0, 0, 0, 0, 0, 0, 0, 0, 0, 0, 0, 0, 0, 0, 0, 0
Screen-Shot-2023-07-15-at-10-47-29-PM_png_jpg.rf.2e3fc3912891e1481121874d23c6dac6.jpg, 0, 1, 0, 0, 0, 0, 0, 0, 0, 0, 0, 0, 0, 0, 0, 0, 0, 0, 0, 0, 0, 0, 0, 0, 0, 0, 0, 0, 0, 0
Screen-Shot-2023-07-15-at-11-36-55-PM_png_jpg.rf.2e1b436d7c4130cc50cf3aaa922f9956.jpg, 0, 0, 0, 0, 0, 0, 0, 0, 0, 0, 0, 0, 0, 0, 0, 0, 0, 0, 0, 1, 0, 0, 0, 0, 0, 0, 0, 0, 0, 0
Screen-Shot-2023-07-17-at-12-22-53-AM_png_jpg.rf.2e554bf94b14357e16f7b1a486b1a077.jpg, 0, 0, 0, 0, 0, 0, 0, 0, 0, 0, 0, 0, 0, 0, 0, 0, 0, 0, 0, 0, 1, 0, 0, 0, 0, 0, 0, 0, 0, 0
Screen-Shot-2023-07-15-at-11-58-18-PM_png_jpg.rf.2dea57946de478348ceea7e487cf4448.jpg, 0, 0, 0, 0, 0, 0, 0, 0, 0, 0, 0, 0, 0, 0, 0, 0, 0, 0, 0, 0, 0, 0, 0, 0, 0, 0, 0, 1, 0, 0
Screen-Shot-2023-07-15-at-11-56-47-PM_png_jpg.rf.2e707cafa5d02328e180bfa5dc1c5808.jpg, 0, 0, 0, 0, 0, 0, 0, 0, 0, 0, 0, 0, 0, 0, 0, 0, 0, 0, 0, 0, 0, 0, 0, 0, 0, 0, 1, 0, 0, 0
Screen-Shot-2023-07-15-at-11-29-05-PM_png.rf.2e967105a4618cbcf07cb277a92ec979.jpg, 0, 0, 0, 0, 0, 0, 0, 0, 0, 0, 0, 0, 0, 0, 0, 0, 1, 0, 0, 0, 0, 0, 0, 0, 0, 0, 0, 0, 0, 0
x1-JPG11rot_jpg.rf.2e305e747e46626bf464ae8bf3d3a63f.jpg, 0, 0, 0, 0, 0, 0, 0, 0, 0, 0, 0, 0, 0, 0, 0, 0, 0, 0, 0, 0, 0, 0, 0, 0, 0, 0, 0, 1, 0, 0
Screen-Shot-2023-07-15-at-10-56-00-PM_png_jpg.rf.2e7f5be50d82bd9ccb595962f3caf156.jpg, 0, 1, 0, 0, 0, 0, 0, 0, 0, 0, 0, 0, 0, 0, 0, 0, 0, 0, 0, 0, 0, 0, 0, 0, 0, 0, 0, 0, 0, 0
Screen-Shot-2023-07-17-at-12-14-27-AM_png.rf.2ea000b9a7c076de16706f8b12003647.jpg, 0, 0, 0, 0, 0, 0, 0, 0, 0, 0, 0, 0, 0, 0, 0, 0, 0, 0, 0, 0, 0, 0, 0, 0, 0, 1, 0, 0, 0, 0
Screen-Shot-2023-07-15-at-11-27-40-PM-copy_png.rf.2ebe5361f9add8c9b5acb894c1c570c1.jpg, 0, 0, 0, 0, 0, 0, 0, 0, 0, 0, 0, 0, 0, 0, 0, 1, 0, 0, 0, 0, 0, 0, 0, 0, 0, 0, 0, 0, 0, 0
Screen-Shot-2023-07-15-at-11-14-39-PM_png_jpg.rf.2f14e4564eb6214266d7e0d1d574cd88.jpg, 0, 0, 0, 0, 0, 0, 0, 0, 0, 0, 0, 1, 0, 0, 0, 0, 0, 0, 0, 0, 0, 0, 0, 0, 0, 0, 0, 0, 0, 0
Screen-Shot-2023-07-15-at-11-42-52-PM_png_jpg.rf.2c7c1d2d65e975f8bcc33d73613ce5f6.jpg, 0, 0, 0, 0, 0, 0, 0, 0, 0, 0, 0, 0, 0, 0, 0, 0, 0, 0, 0, 0, 0, 0, 1, 0, 0, 0, 0, 0, 0, 0
Screen-Shot-2023-07-17-at-12-18-17-AM_png_jpg.rf.2f010245e43a0feabfe4959c9b3cf6dd.jpg, 0, 0, 0, 0, 0, 0, 0, 0, 0, 0, 0, 0, 0, 0, 0, 0, 0, 0, 0, 0, 0, 0, 0, 0, 0, 0, 0, 0, 0, 1
Screen-Shot-2023-07-15-at-11-10-19-PM_png_jpg.rf.2e6945b9bc2ae4f3fa57e3d2871551d3.jpg, 0, 0, 0, 0, 0, 0, 0, 0, 0, 1, 0, 0, 0, 0, 0, 0, 0, 0, 0, 0, 0, 0, 0, 0, 0, 0, 0, 0, 0, 0
s1-JPG17dim_jpg.rf.2f01b33a5e6948aebd7c1080f1c91999.jpg, 0, 0, 0, 0, 0, 0, 0, 0, 0, 0, 0, 0, 0, 0, 0, 0, 0, 0, 0, 0, 0, 0, 1, 0, 0, 0, 0, 0, 0, 0
k1-JPG6whs_jpg.rf.2e64d6c156db2120d4156e5d0aa38300.jpg, 0, 0, 0, 0, 0, 0, 0, 0, 0, 0, 0, 0, 1, 0, 0, 0, 0, 0, 0, 0, 0, 0, 0, 0, 0, 0, 0, 0, 0, 0
Screen-Shot-2023-07-15-at-11-57-26-PM_png_jpg.rf.2deb95d19bac390fef74cf15e50e8ae2.jpg, 0, 0, 0, 0, 0, 0, 0, 0, 0, 0, 0, 0, 0, 0, 0, 0, 0, 0, 0, 0, 0, 0, 0, 0, 0, 0, 1, 0, 0, 0
g1-JPG11dim_jpg.rf.2f926c929325cb36a47f0720a3344683.jpg, 0, 0, 0, 0, 0, 0, 0, 0, 1, 0, 0, 0, 0, 0, 0, 0, 0, 0, 0, 0, 0, 0, 0, 0, 0, 0, 0, 0, 0, 0
Screen-Shot-2023-07-15-at-11-27-07-PM_png_jpg.rf.2f666fe8a88b652ef04637a548fbe757.jpg, 0, 0, 0, 0, 0, 0, 0, 0, 0, 0, 0, 0, 0, 0, 0, 1, 0, 0, 0, 0, 0, 0, 0, 0, 0, 0, 0, 0, 0, 0
Screen-Shot-2023-07-17-at-12-10-43-AM_png_jpg.rf.2ed6c7b49a808ea17535691a36a6b03c.jpg, 0, 0, 0, 0, 0, 0, 0, 0, 0, 0, 0, 0, 0, 0, 0, 0, 0, 0, 0, 1, 0, 0, 0, 0, 0, 0, 0, 0, 0, 0
Screen-Shot-2023-07-16-at-11-52-30-PM_png_jpg.rf.2f431f76391ab1b1d8cb12056a7dd455.jpg, 0, 0, 0, 0, 0, 1, 0, 0, 0, 0, 0, 0, 0, 0, 0, 0, 0, 0, 0, 0, 0, 0, 0, 0, 0, 0, 0, 0, 0, 0
Screen-Shot-2023-07-15-at-11-27-31-PM_png_jpg.rf.2f7c0ed9dcdf049562e72bc8fc3f1e21.jpg, 0, 0, 0, 0, 0, 0, 0, 0, 0, 0, 0, 0, 0, 0, 0, 1, 0, 0, 0, 0, 0, 0, 0, 0, 0, 0, 0, 0, 0, 0
Screen-Shot-2023-07-17-at-12-10-18-AM_png_jpg.rf.2f8ae4bdc8ffa932e14c8a8280bd7451.jpg, 0, 0, 0, 0, 0, 0, 0, 0, 0, 0, 0, 0, 0, 0, 0, 0, 0, 0, 0, 1, 0, 0, 0, 0, 0, 0, 0, 0, 0, 0
Screen-Shot-2023-07-15-at-11-34-07-PM_png_jpg.rf.2ec59a639a33af7da43ab0558c3dd356.jpg, 0, 0, 0, 0, 0, 0, 0, 0, 0, 0, 0, 0, 0, 0, 0, 0, 0, 1, 0, 0, 0, 0, 0, 0, 0, 0, 0, 0, 0, 0
Screen-Shot-2023-07-15-at-11-49-50-PM_png_jpg.rf.2f9ca05640f365ad5f3fbdaecaa14dee.jpg, 0, 0, 0, 0, 0, 0, 0, 0, 0, 0, 0, 0, 0, 0, 0, 0, 0, 0, 0, 0, 0, 0, 0, 0, 1, 0, 0, 0, 0, 0
Screen-Shot-2023-07-17-at-12-02-18-AM_png_jpg.rf.2fa91102a68682e32da3a91fc9815840.jpg, 0, 0, 0, 0, 0, 0, 0, 0, 0, 0, 0, 0, 1, 0, 0, 0, 0, 0, 0, 0, 0, 0, 0, 0, 0, 0, 0, 0, 0, 0
n1-JPG13rot_jpg.rf.2f663198ea87228922e1b643f3aab852.jpg, 0, 0, 0, 0, 0, 0, 0, 0, 0, 0, 0, 0, 0, 0, 0, 1, 0, 0, 0, 0, 0, 0, 0, 0, 0, 0, 0, 0, 0, 0
Screen-Shot-2023-07-15-at-11-03-10-PM_png_jpg.rf.2f92dbc7be29bb140b518dfb8dbec2b2.jpg, 0, 0, 0, 0, 0, 1, 0, 0, 0, 0, 0, 0, 0, 0, 0, 0, 0, 0, 0, 0, 0, 0, 0, 0, 0, 0, 0, 0, 0, 0
Screen-Shot-2023-07-16-at-12-15-42-PM_png_jpg.rf.2fb9e970b932ae33ad3edc211ec0f6b8.jpg, 0, 0, 0, 0, 0, 0, 0, 0, 0, 0, 0, 0, 0, 0, 0, 0, 0, 0, 1, 0, 0, 0, 0, 0, 0, 0, 0, 0, 0, 0
y1-JPG16whs_jpg.rf.2fca19640e7297c74a4a5e280cfe4d3f.jpg, 0, 0, 0, 0, 0, 0, 0, 0, 0, 0, 0, 0, 0, 0, 0, 0, 0, 0, 0, 0, 0, 0, 0, 0, 0, 0, 0, 0, 1, 0
p1-JPG19dim_jpg.rf.304b3591972f841f9a2e02f2051a5219.jpg, 0, 0, 0, 0, 0, 0, 0, 0, 0, 0, 0, 0, 0, 0, 0, 0, 0, 1, 0, 0, 0, 0, 0, 0, 0, 0, 0, 0, 0, 0
Screen-Shot-2023-07-17-at-12-12-05-AM_png_jpg.rf.30381fa0043e356ca3d25b5a161e2300.jpg, 0, 0, 0, 0, 0, 0, 0, 0, 0, 0, 0, 0, 0, 0, 0, 0, 0, 0, 0, 0, 0, 0, 1, 0, 0, 0, 0, 0, 0, 0
c1-JPG3dim_jpg.rf.2fa9cbf0cd5876f787007da2019345e5.jpg, 0, 0, 0, 1, 0, 0, 0, 0, 0, 0, 0, 0, 0, 0, 0, 0, 0, 0, 0, 0, 0, 0, 0, 0, 0, 0, 0, 0, 0, 0
Screen-Shot-2023-07-15-at-11-14-39-PM_png_jpg.rf.30d17718e3c45aab9bfa15d0c1718254.jpg, 0, 0, 0, 0, 0, 0, 0, 0, 0, 0, 0, 1, 0, 0, 0, 0, 0, 0, 0, 0, 0, 0, 0, 0, 0, 0, 0, 0, 0, 0
Screen-Shot-2023-07-17-at-12-17-41-AM_png_jpg.rf.2fa426a97a1d77221e66f519c9e7c191.jpg, 0, 0, 0, 0, 0, 0, 0, 0, 0, 0, 0, 0, 0, 0, 0, 0, 0, 0, 0, 0, 0, 0, 0, 0, 0, 0, 0, 0, 1, 0
Screen-Shot-2023-07-15-at-11-46-47-PM_png_jpg.rf.2fad4bf63c5d6564597cd59a62fb3b8e.jpg, 0, 0, 0, 0, 0, 0, 0, 0, 0, 0, 0, 0, 0, 0, 0, 0, 0, 0, 0, 0, 0, 0, 0, 1, 0, 0, 0, 0, 0, 0
Screen-Shot-2023-07-15-at-11-54-48-PM_png_jpg.rf.2e3472a3b5df6397557399aedda6d967.jpg, 0, 0, 0, 0, 0, 0, 0, 0, 0, 0, 0, 0, 0, 0, 0, 0, 0, 0, 0, 0, 0, 0, 0, 0, 0, 1, 0, 0, 0, 0
Screen-Shot-2023-07-16-at-11-55-31-PM-copy_png_jpg.rf.30ac441fe0b1ba044e9bfd17e3512660.jpg, 0, 0, 0, 0, 0, 0, 0, 1, 0, 0, 0, 0, 0, 0, 0, 0, 0, 0, 0, 0, 0, 0, 0, 0, 0, 0, 0, 0, 0, 0
Screen-Shot-2023-07-16-at-12-12-31-AM_png_jpg.rf.2f8437cf9544e04e8981baa6d27208e2.jpg, 0, 0, 0, 0, 0, 0, 0, 0, 0, 0, 0, 0, 0, 0, 0, 0, 0, 0, 0, 0, 1, 0, 0, 0, 0, 0, 0, 0, 0, 0
Screen-Shot-2023-07-15-at-11-49-41-PM_png_jpg.rf.3087bd6235a3977b345f1c336c88404f.jpg, 0, 0, 0, 0, 0, 0, 0, 0, 0, 0, 0, 0, 0, 0, 0, 0, 0, 0, 0, 0, 0, 0, 0, 0, 1, 0, 0, 0, 0, 0
Screen-Shot-2023-07-15-at-11-35-51-PM_png_jpg.rf.2fc63534594555c0fc9da2a7535214dc.jpg, 0, 0, 0, 0, 0, 0, 0, 0, 0, 0, 0, 0, 0, 0, 0, 0, 0, 0, 0, 1, 0, 0, 0, 0, 0, 0, 0, 0, 0, 0
Screen-Shot-2023-07-16-at-11-59-32-PM_png.rf.30727b5a32410cd545d879d6f191cfee.jpg, 0, 0, 0, 0, 0, 0, 0, 0, 0, 1, 0, 0, 0, 0, 0, 0, 0, 0, 0, 0, 0, 0, 0, 0, 0, 0, 0, 0, 0, 0
Screen-Shot-2023-07-17-at-12-14-35-AM_png_jpg.rf.30230c928781e518f26f431e8a399fbd.jpg, 0, 0, 0, 0, 0, 0, 0, 0, 0, 0, 0, 0, 0, 0, 0, 0, 0, 0, 0, 0, 0, 0, 0, 0, 0, 1, 0, 0, 0, 0
u1-JPG1rot_jpg.rf.311347611b407453386abce23d7de7d9.jpg, 0, 0, 0, 0, 0, 0, 0, 0, 0, 0, 0, 0, 0, 0, 0, 0, 0, 0, 0, 0, 0, 0, 0, 0, 1, 0, 0, 0, 0, 0
Screen-Shot-2023-07-16-at-12-09-57-AM_png_jpg.rf.2ff0d98e64b778f47da91347c645f250.jpg, 0, 0, 0, 0, 0, 0, 0, 0, 0, 0, 0, 0, 0, 0, 0, 0, 0, 0, 0, 0, 1, 0, 0, 0, 0, 0, 0, 0, 0, 0
Screen-Shot-2023-07-15-at-11-28-48-PM_png_jpg.rf.2f3f7e197a17a797cb25c1f6bcc32692.jpg, 0, 0, 0, 0, 0, 0, 0, 0, 0, 0, 0, 0, 0, 0, 0, 0, 1, 0, 0, 0, 0, 0, 0, 0, 0, 0, 0, 0, 0, 0
Screen-Shot-2023-07-17-at-12-10-02-AM_png_jpg.rf.312aa1cca0a79dfcce3a244a5f29aa75.jpg, 0, 0, 0, 0, 0, 0, 0, 0, 0, 0, 0, 0, 0, 0, 0, 0, 0, 0, 0, 1, 0, 0, 0, 0, 0, 0, 0, 0, 0, 0
Screen-Shot-2023-07-15-at-11-55-26-PM_png_jpg.rf.3121244d2820a19125f337287ea53171.jpg, 0, 0, 0, 0, 0, 0, 0, 0, 0, 0, 0, 0, 0, 0, 0, 0, 0, 0, 0, 0, 0, 0, 0, 0, 0, 1, 0, 0, 0, 0
Screen-Shot-2023-07-17-at-12-10-33-AM_png_jpg.rf.315e5ed295a9ca676febb1806ad084aa.jpg, 0, 0, 0, 0, 0, 0, 0, 0, 0, 0, 0, 0, 0, 0, 0, 0, 0, 0, 0, 1, 0, 0, 0, 0, 0, 0, 0, 0, 0, 0
Screen-Shot-2023-07-16-at-11-52-36-PM_png_jpg.rf.3116c44f5de71592caf8dbb8af6415f1.jpg, 0, 0, 0, 0, 0, 1, 0, 0, 0, 0, 0, 0, 0, 0, 0, 0, 0, 0, 0, 0, 0, 0, 0, 0, 0, 0, 0, 0, 0, 0
Screen-Shot-2023-07-17-at-12-11-37-AM_png_jpg.rf.317652da345509f36280c2867b378b35.jpg, 0, 0, 0, 0, 0, 0, 0, 0, 0, 0, 0, 0, 0, 0, 0, 0, 0, 0, 0, 0, 0, 1, 0, 0, 0, 0, 0, 0, 0, 0
Screen-Shot-2023-07-15-at-11-27-15-PM_png_jpg.rf.3166627126299a8695137bcc781553a5.jpg, 0, 0, 0, 0, 0, 0, 0, 0, 0, 0, 0, 0, 0, 0, 0, 1, 0, 0, 0, 0, 0, 0, 0, 0, 0, 0, 0, 0, 0, 0
Screen-Shot-2023-07-17-at-12-04-47-AM_png_jpg.rf.309266ace947ed40f09e03b080c5d43a.jpg, 0, 0, 0, 0, 0, 0, 0, 0, 0, 0, 0, 0, 0, 1, 0, 0, 0, 0, 0, 0, 0, 0, 0, 0, 0, 0, 0, 0, 0, 0
o1-JPG3rot_jpg.rf.31a9a7f6b1be6fab24f224595e3b5f6c.jpg, 0, 0, 0, 0, 0, 0, 0, 0, 0, 0, 0, 0, 0, 0, 0, 0, 1, 0, 0, 0, 0, 0, 0, 0, 0, 0, 0, 0, 0, 0
Screen-Shot-2023-07-15-at-11-11-28-PM-copy_png_jpg.rf.30eab200713a9ff4443f931377a356e7.jpg, 0, 0, 0, 0, 0, 0, 0, 0, 0, 1, 0, 0, 0, 0, 0, 0, 0, 0, 0, 0, 0, 0, 0, 0, 0, 0, 0, 0, 0, 0
Screen-Shot-2023-07-16-at-12-03-35-AM_png_jpg.rf.315d70aa0ee6b096459a7d22323e5ae9.jpg, 0, 0, 0, 0, 0, 0, 0, 0, 0, 0, 0, 0, 0, 0, 0, 0, 0, 0, 0, 0, 0, 0, 0, 0, 0, 0, 0, 0, 0, 1
Screen-Shot-2023-07-15-at-10-54-05-PM_png_jpg.rf.31bed0eec99916f2b700a99f2068fa5d.jpg, 0, 0, 0, 0, 0, 0, 0, 1, 0, 0, 0, 0, 0, 0, 0, 0, 0, 0, 0, 0, 0, 0, 0, 0, 0, 0, 0, 0, 0, 0
Screen-Shot-2023-07-17-at-12-11-08-AM_png_jpg.rf.31d5e36a31244b556cd4e3f96fca7723.jpg, 0, 0, 0, 0, 0, 0, 0, 0, 0, 0, 0, 0, 0, 0, 0, 0, 0, 0, 0, 0, 0, 1, 0, 0, 0, 0, 0, 0, 0, 0
Screen-Shot-2023-07-17-at-12-14-27-AM_png_jpg.rf.320f147cd1a0c2efad61f441ce529a37.jpg, 0, 0, 0, 0, 0, 0, 0, 0, 0, 0, 0, 0, 0, 0, 0, 0, 0, 0, 0, 0, 0, 0, 0, 0, 0, 1, 0, 0, 0, 0
Screen-Shot-2023-07-15-at-11-23-26-PM_png_jpg.rf.31d7454b309fc54a0fbdf74a91fc4873.jpg, 0, 0, 0, 0, 0, 0, 0, 0, 0, 0, 0, 0, 0, 0, 1, 0, 0, 0, 0, 0, 0, 0, 0, 0, 0, 0, 0, 0, 0, 0
Screen-Shot-2023-07-16-at-12-09-52-AM_png.rf.3131001b68b669cffb7e9b1a4047485c.jpg, 0, 0, 0, 0, 0, 0, 0, 0, 0, 0, 0, 0, 0, 0, 0, 0, 0, 0, 0, 0, 1, 0, 0, 0, 0, 0, 0, 0, 0, 0
Screen-Shot-2023-07-17-at-12-02-24-AM_png.rf.3225977794e94e2fac1f7f068d14da0f.jpg, 0, 0, 0, 0, 0, 0, 0, 0, 0, 0, 0, 0, 1, 0, 0, 0, 0, 0, 0, 0, 0, 0, 0, 0, 0, 0, 0, 0, 0, 0
Screen-Shot-2023-07-16-at-11-50-27-PM_png_jpg.rf.3272519b0d7bcd7e43878d4913be6113.jpg, 0, 0, 0, 1, 0, 0, 0, 0, 0, 0, 0, 0, 0, 0, 0, 0, 0, 0, 0, 0, 0, 0, 0, 0, 0, 0, 0, 0, 0, 0
Screen-Shot-2023-07-15-at-11-44-36-PM_png_jpg.rf.329111fe2efd6312a061584dd9afa64a.jpg, 0, 0, 0, 0, 0, 0, 0, 0, 0, 0, 0, 0, 0, 0, 0, 0, 0, 0, 0, 0, 0, 0, 0, 1, 0, 0, 0, 0, 0, 0
Screen-Shot-2023-07-17-at-12-05-40-AM_png_jpg.rf.31baa0f04d3d3a308842680ed5a492ec.jpg, 0, 0, 0, 0, 0, 0, 0, 0, 0, 0, 0, 0, 0, 1, 0, 0, 0, 0, 0, 0, 0, 0, 0, 0, 0, 0, 0, 0, 0, 0
a1-JPG19rot_jpg.rf.32806e28e340f2c59c18890e0cd0d528.jpg, 1, 0, 0, 0, 0, 0, 0, 0, 0, 0, 0, 0, 0, 0, 0, 0, 0, 0, 0, 0, 0, 0, 0, 0, 0, 0, 0, 0, 0, 0
e1-JPG15dim_jpg.rf.32b2201a7b32162b47b1c89761b21b8a.jpg, 0, 0, 0, 0, 0, 0, 1, 0, 0, 0, 0, 0, 0, 0, 0, 0, 0, 0, 0, 0, 0, 0, 0, 0, 0, 0, 0, 0, 0, 0
Screen-Shot-2023-07-17-at-12-07-53-AM_png_jpg.rf.326074be4f6fb21c630e1ded41e035aa.jpg, 0, 0, 0, 0, 0, 0, 0, 0, 0, 0, 0, 0, 0, 0, 0, 0, 1, 0, 0, 0, 0, 0, 0, 0, 0, 0, 0, 0, 0, 0
Screen-Shot-2023-07-15-at-11-03-01-PM_png_jpg.rf.3333febc25a19390347187da53ff21d7.jpg, 0, 0, 0, 0, 0, 1, 0, 0, 0, 0, 0, 0, 0, 0, 0, 0, 0, 0, 0, 0, 0, 0, 0, 0, 0, 0, 0, 0, 0, 0
Screen-Shot-2023-07-15-at-11-27-23-PM_png_jpg.rf.32f752eb9ea4185affeaa14608920093.jpg, 0, 0, 0, 0, 0, 0, 0, 0, 0, 0, 0, 0, 0, 0, 0, 1, 0, 0, 0, 0, 0, 0, 0, 0, 0, 0, 0, 0, 0, 0
Screen-Shot-2023-07-17-at-12-16-43-AM_png_jpg.rf.32cbca8592e6c0bb3f0f5f65b262b126.jpg, 0, 0, 0, 0, 0, 0, 0, 0, 0, 0, 0, 0, 0, 0, 0, 0, 0, 0, 0, 0, 0, 0, 0, 0, 0, 0, 0, 1, 0, 0
Screen-Shot-2023-07-15-at-10-59-56-PM_png_jpg.rf.32cab28b22f0799646ed6ea59f3d1431.jpg, 0, 0, 1, 0, 0, 0, 0, 0, 0, 0, 0, 0, 0, 0, 0, 0, 0, 0, 0, 0, 0, 0, 0, 0, 0, 0, 0, 0, 0, 0
Screen-Shot-2023-07-15-at-11-17-36-PM_png.rf.32e2edc45dc222c1c1bca0ad5a10cdbe.jpg, 0, 0, 0, 0, 0, 0, 0, 0, 0, 0, 0, 0, 1, 0, 0, 0, 0, 0, 0, 0, 0, 0, 0, 0, 0, 0, 0, 0, 0, 0
Screen-Shot-2023-07-15-at-11-46-38-PM_png_jpg.rf.330a218e83f4377a000f736e35a1e820.jpg, 0, 0, 0, 0, 0, 0, 0, 0, 0, 0, 0, 0, 0, 0, 0, 0, 0, 0, 0, 0, 0, 0, 0, 1, 0, 0, 0, 0, 0, 0
q1-JPG15rot_jpg.rf.331b4e8e8ca0679668c724dd055bc2b9.jpg, 1, 0, 0, 0, 0, 0, 0, 0, 0, 0, 0, 0, 0, 0, 0, 0, 0, 0, 0, 0, 0, 0, 0, 0, 0, 0, 0, 0, 0, 0
Screen-Shot-2023-07-15-at-10-52-31-PM_png_jpg.rf.300afe59864006a4aa2ce94316c41f5c.jpg, 0, 0, 0, 0, 0, 0, 0, 1, 0, 0, 0, 0, 0, 0, 0, 0, 0, 0, 0, 0, 0, 0, 0, 0, 0, 0, 0, 0, 0, 0
Screen-Shot-2023-07-16-at-12-02-01-AM_png_jpg.rf.33494a7418606475d1350cc5e3dfe0ae.jpg, 0, 0, 0, 0, 0, 0, 0, 0, 0, 0, 0, 0, 0, 0, 0, 0, 0, 0, 0, 0, 0, 0, 0, 0, 0, 0, 0, 0, 1, 0
Screen-Shot-2023-07-17-at-12-03-03-AM_png_jpg.rf.3343fb6196f685a333d0bc9b58eafda1.jpg, 0, 0, 0, 0, 0, 0, 0, 0, 0, 0, 0, 0, 1, 0, 0, 0, 0, 0, 0, 0, 0, 0, 0, 0, 0, 0, 0, 0, 0, 0
Screen-Shot-2023-07-15-at-11-17-05-PM_png_jpg.rf.32b6c05baf5cb01424272f0b032496cc.jpg, 0, 0, 0, 0, 0, 0, 0, 0, 0, 0, 0, 0, 1, 0, 0, 0, 0, 0, 0, 0, 0, 0, 0, 0, 0, 0, 0, 0, 0, 0
Screen-Shot-2023-07-16-at-11-58-18-PM_png_jpg.rf.32fe72b61eec61ed91c57f2830c156e2.jpg, 0, 0, 0, 0, 0, 0, 0, 0, 1, 0, 0, 0, 0, 0, 0, 0, 0, 0, 0, 0, 0, 0, 0, 0, 0, 0, 0, 0, 0, 0
k1-JPG9dim_jpg.rf.30e2b51ba8b3950cb242905a9d186ab6.jpg, 0, 0, 0, 0, 0, 0, 0, 0, 0, 0, 0, 0, 1, 0, 0, 0, 0, 0, 0, 0, 0, 0, 0, 0, 0, 0, 0, 0, 0, 0
Screen-Shot-2023-07-17-at-12-00-19-AM_png_jpg.rf.335b766af44f766e9ed87ee2c9df3507.jpg, 0, 0, 0, 0, 0, 0, 0, 0, 0, 0, 1, 0, 0, 0, 0, 0, 0, 0, 0, 0, 0, 0, 0, 0, 0, 0, 0, 0, 0, 0
Screen-Shot-2023-07-17-at-12-06-07-AM_png_jpg.rf.33c4671a7913d004b8d9a160dd10defd.jpg, 0, 0, 0, 0, 0, 0, 0, 0, 0, 0, 0, 0, 0, 0, 1, 0, 0, 0, 0, 0, 0, 0, 0, 0, 0, 0, 0, 0, 0, 0
Screen-Shot-2023-07-17-at-12-18-58-AM_png_jpg.rf.327782d0cb953ab9b6f152cd93845ddf.jpg, 0, 0, 0, 0, 0, 0, 0, 0, 0, 0, 0, 0, 0, 0, 0, 0, 0, 0, 0, 0, 0, 0, 0, 0, 0, 0, 0, 0, 0, 1
Screen-Shot-2023-07-17-at-12-12-46-AM_png_jpg.rf.340a21c9764ba5da8b979e3a5f6fd5c7.jpg, 0, 0, 0, 0, 0, 0, 0, 0, 0, 0, 0, 0, 0, 0, 0, 0, 0, 0, 0, 0, 0, 0, 0, 1, 0, 0, 0, 0, 0, 0
j1-JPG14rot_jpg.rf.33dff0fe873a934b1a8756d5142f4ad1.jpg, 1, 0, 0, 0, 0, 0, 0, 0, 0, 0, 0, 0, 0, 0, 0, 0, 0, 0, 0, 0, 0, 0, 0, 0, 0, 0, 0, 0, 0, 0
Screen-Shot-2023-07-17-at-12-10-51-AM_png_jpg.rf.34105eed9f0dd9a08ae281019b5f8532.jpg, 0, 0, 0, 0, 0, 0, 0, 0, 0, 0, 0, 0, 0, 0, 0, 0, 0, 0, 0, 0, 0, 1, 0, 0, 0, 0, 0, 0, 0, 0
Screen-Shot-2023-07-15-at-11-56-33-PM_png_jpg.rf.32ceddd4ba08dd3def4e7fea5a2764fa.jpg, 0, 0, 0, 0, 0, 0, 0, 0, 0, 0, 0, 0, 0, 0, 0, 0, 0, 0, 0, 0, 0, 0, 0, 0, 0, 0, 1, 0, 0, 0
Screen-Shot-2023-07-15-at-11-11-28-PM-copy_png.rf.33cf537fdf28092c241b663d14d84b0f.jpg, 0, 0, 0, 0, 0, 0, 0, 0, 0, 1, 0, 0, 0, 0, 0, 0, 0, 0, 0, 0, 0, 0, 0, 0, 0, 0, 0, 0, 0, 0
p1-JPG19whs_jpg.rf.3421b641e78dfef71cdc93e0261d7af0.jpg, 0, 0, 0, 0, 0, 0, 0, 0, 0, 0, 0, 0, 0, 0, 0, 0, 0, 1, 0, 0, 0, 0, 0, 0, 0, 0, 0, 0, 0, 0
Screen-Shot-2023-07-15-at-11-56-06-PM_png_jpg.rf.33a9d2585c644af3908c991ffb26f1c6.jpg, 0, 0, 0, 0, 0, 0, 0, 0, 0, 0, 0, 0, 0, 0, 0, 0, 0, 0, 0, 0, 0, 0, 0, 0, 0, 1, 0, 0, 0, 0
d1-JPG13dim_jpg.rf.33a8678ae7a794a981697e2e076d2724.jpg, 0, 0, 0, 0, 0, 1, 0, 0, 0, 0, 0, 0, 0, 0, 0, 0, 0, 0, 0, 0, 0, 0, 0, 0, 0, 0, 0, 0, 0, 0
Screen-Shot-2023-07-17-at-12-13-12-AM_png_jpg.rf.34208fcf9db82f9c644dcc7e214f1a52.jpg, 0, 0, 0, 0, 0, 0, 0, 0, 0, 0, 0, 0, 0, 0, 0, 0, 0, 0, 0, 0, 0, 0, 0, 0, 1, 0, 0, 0, 0, 0
b1-JPG7rot_jpg.rf.348f4504e664d91275cd0f4717024f3e.jpg, 1, 0, 0, 0, 0, 0, 0, 0, 0, 0, 0, 0, 0, 0, 0, 0, 0, 0, 0, 0, 0, 0, 0, 0, 0, 0, 0, 0, 0, 0
Screen-Shot-2023-07-15-at-11-30-14-PM_png_jpg.rf.33f9db2e8ca758467532f57d253b1a39.jpg, 0, 0, 0, 0, 0, 0, 0, 0, 0, 0, 0, 0, 0, 0, 0, 0, 1, 0, 0, 0, 0, 0, 0, 0, 0, 0, 0, 0, 0, 0
Screen-Shot-2023-07-17-at-12-20-40-AM_png_jpg.rf.348b417f8f28c1af3ee8c841b6aad022.jpg, 0, 0, 0, 0, 1, 0, 0, 0, 0, 0, 0, 0, 0, 0, 0, 0, 0, 0, 0, 0, 0, 0, 0, 0, 0, 0, 0, 0, 0, 0
Screen-Shot-2023-07-17-at-12-00-50-AM_png_jpg.rf.338e5cd63e24b52f4d8f385ebf8f1de4.jpg, 0, 0, 0, 0, 0, 0, 0, 0, 0, 0, 1, 0, 0, 0, 0, 0, 0, 0, 0, 0, 0, 0, 0, 0, 0, 0, 0, 0, 0, 0
Screen-Shot-2023-07-16-at-11-52-36-PM_png_jpg.rf.334c356eeaab88e0a072ed850a67069a.jpg, 0, 0, 0, 0, 0, 1, 0, 0, 0, 0, 0, 0, 0, 0, 0, 0, 0, 0, 0, 0, 0, 0, 0, 0, 0, 0, 0, 0, 0, 0
Screen-Shot-2023-07-15-at-11-55-50-PM_png_jpg.rf.34e3c6b7ecfbeda5afbeeca3fd2a0006.jpg, 0, 0, 0, 0, 0, 0, 0, 0, 0, 0, 0, 0, 0, 0, 0, 0, 0, 0, 0, 0, 0, 0, 0, 0, 0, 1, 0, 0, 0, 0
g1-JPG2rot_jpg.rf.31562106b69a5370bd60035705dbb38e.jpg, 0, 0, 0, 0, 0, 0, 0, 0, 1, 0, 0, 0, 0, 0, 0, 0, 0, 0, 0, 0, 0, 0, 0, 0, 0, 0, 0, 0, 0, 0
b1-JPG10rot_jpg.rf.34fd482e8619c1dd29778b90bb68871d.jpg, 0, 0, 1, 0, 0, 0, 0, 0, 0, 0, 0, 0, 0, 0, 0, 0, 0, 0, 0, 0, 0, 0, 0, 0, 0, 0, 0, 0, 0, 0
Screen-Shot-2023-07-16-at-12-03-05-AM_png.rf.34ec9aa2b19e513a5c9c7ee4c6a37c22.jpg, 0, 0, 0, 0, 0, 0, 0, 0, 0, 0, 0, 0, 0, 0, 0, 0, 0, 0, 0, 0, 0, 0, 0, 0, 0, 0, 0, 0, 0, 1
Screen-Shot-2023-07-16-at-11-46-48-PM_png_jpg.rf.352a277e6b56a54a524e1f77a9d964eb.jpg, 0, 0, 1, 0, 0, 0, 0, 0, 0, 0, 0, 0, 0, 0, 0, 0, 0, 0, 0, 0, 0, 0, 0, 0, 0, 0, 0, 0, 0, 0
Screen-Shot-2023-07-15-at-11-56-06-PM_png_jpg.rf.35453ac238425dca18e709fb46bfceb7.jpg, 0, 0, 0, 0, 0, 0, 0, 0, 0, 0, 0, 0, 0, 0, 0, 0, 0, 0, 0, 0, 0, 0, 0, 0, 0, 1, 0, 0, 0, 0
Screen-Shot-2023-07-17-at-12-00-40-AM_png_jpg.rf.34ca5889b7a874f6f76cc1ad3558eaff.jpg, 0, 0, 0, 0, 0, 0, 0, 0, 0, 0, 1, 0, 0, 0, 0, 0, 0, 0, 0, 0, 0, 0, 0, 0, 0, 0, 0, 0, 0, 0
g1-JPG18whs_jpg.rf.3553d2804e3ce9c9c3e3162a3af65860.jpg, 0, 0, 0, 0, 0, 0, 0, 0, 1, 0, 0, 0, 0, 0, 0, 0, 0, 0, 0, 0, 0, 0, 0, 0, 0, 0, 0, 0, 0, 0
Screen-Shot-2023-07-17-at-12-12-59-AM_png_jpg.rf.33e959db7599f42dabef1d356b6e324e.jpg, 0, 0, 0, 0, 0, 0, 0, 0, 0, 0, 0, 0, 0, 0, 0, 0, 0, 0, 0, 0, 0, 0, 0, 1, 0, 0, 0, 0, 0, 0
Screen-Shot-2023-07-16-at-12-07-08-AM_png_jpg.rf.35be8660a13cd975a7360e4d8af3a9bb.jpg, 0, 0, 0, 0, 1, 0, 0, 0, 0, 0, 0, 0, 0, 0, 0, 0, 0, 0, 0, 0, 0, 0, 0, 0, 0, 0, 0, 0, 0, 0
Screen-Shot-2023-07-15-at-10-50-22-PM_png_jpg.rf.355d3a1c084a0e791e2f59d8d362093a.jpg, 0, 0, 0, 0, 0, 0, 0, 1, 0, 0, 0, 0, 0, 0, 0, 0, 0, 0, 0, 0, 0, 0, 0, 0, 0, 0, 0, 0, 0, 0
Screen-Shot-2023-07-16-at-12-03-35-AM_png_jpg.rf.35a502a8c13bca3d4bbb8601be6d43b9.jpg, 0, 0, 0, 0, 0, 0, 0, 0, 0, 0, 0, 0, 0, 0, 0, 0, 0, 0, 0, 0, 0, 0, 0, 0, 0, 0, 0, 0, 0, 1
Screen-Shot-2023-07-16-at-12-10-37-AM_png_jpg.rf.35c649f417623588ef21d37684c506ba.jpg, 0, 0, 0, 0, 0, 0, 0, 0, 0, 0, 0, 0, 0, 0, 0, 0, 0, 0, 0, 0, 1, 0, 0, 0, 0, 0, 0, 0, 0, 0
Screen-Shot-2023-07-15-at-11-17-50-PM_png_jpg.rf.35bd50ea5bdb600eedb405ee1f3ece74.jpg, 0, 0, 0, 0, 0, 0, 0, 0, 0, 0, 0, 0, 1, 0, 0, 0, 0, 0, 0, 0, 0, 0, 0, 0, 0, 0, 0, 0, 0, 0
Screen-Shot-2023-07-15-at-10-47-45-PM_png_jpg.rf.35982e42559277ce96ebc38347003f0d.jpg, 0, 0, 1, 0, 0, 0, 0, 0, 0, 0, 0, 0, 0, 0, 0, 0, 0, 0, 0, 0, 0, 0, 0, 0, 0, 0, 0, 0, 0, 0
Screen-Shot-2023-07-15-at-11-32-41-PM_png_jpg.rf.35f6b63a0cf6b8ba1940d519603dce55.jpg, 0, 0, 0, 0, 0, 0, 0, 0, 0, 0, 0, 0, 0, 0, 0, 0, 0, 1, 0, 0, 0, 0, 0, 0, 0, 0, 0, 0, 0, 0
Screen-Shot-2023-07-15-at-11-46-20-PM_png_jpg.rf.361fa548d7ddbfbfb4091e75bec07ba8.jpg, 0, 0, 0, 0, 0, 0, 0, 0, 0, 0, 0, 0, 0, 0, 0, 0, 0, 0, 0, 0, 0, 0, 0, 1, 0, 0, 0, 0, 0, 0
Screen-Shot-2023-07-17-at-12-10-43-AM_png.rf.362086d7b9bac39c36262cdd4c6b54c0.jpg, 0, 0, 0, 0, 0, 0, 0, 0, 0, 0, 0, 0, 0, 0, 0, 0, 0, 0, 0, 1, 0, 0, 0, 0, 0, 0, 0, 0, 0, 0
v1-JPG16dim_jpg.rf.3569341952f9c18146d8bd4184dba413.jpg, 0, 0, 0, 0, 0, 0, 0, 0, 0, 0, 0, 0, 0, 0, 0, 0, 0, 0, 0, 0, 0, 0, 0, 0, 0, 1, 0, 0, 0, 0
Screen-Shot-2023-07-16-at-12-05-55-AM_png_jpg.rf.35771291788fc589d65030a8fdf53ee0.jpg, 0, 0, 0, 0, 1, 0, 0, 0, 0, 0, 0, 0, 0, 0, 0, 0, 0, 0, 0, 0, 0, 0, 0, 0, 0, 0, 0, 0, 0, 0
h1-JPG17rot_jpg.rf.3625e3fad36723ee08f4f19a1468676c.jpg, 0, 0, 0, 0, 0, 0, 0, 0, 0, 1, 0, 0, 0, 0, 0, 0, 0, 0, 0, 0, 0, 0, 0, 0, 0, 0, 0, 0, 0, 0
q1-JPG1whs_jpg.rf.3630380001de250d75d9eb10d6260d42.jpg, 0, 0, 0, 0, 0, 0, 0, 0, 0, 0, 0, 0, 0, 0, 0, 0, 0, 0, 0, 1, 0, 0, 0, 0, 0, 0, 0, 0, 0, 0
Screen-Shot-2023-07-17-at-12-18-06-AM_png_jpg.rf.352a730a92dd5cc3e3148baf0ac3a2cf.jpg, 0, 0, 0, 0, 0, 0, 0, 0, 0, 0, 0, 0, 0, 0, 0, 0, 0, 0, 0, 0, 0, 0, 0, 0, 0, 0, 0, 0, 1, 0
Screen-Shot-2023-07-16-at-12-06-40-AM_png_jpg.rf.35e69c25aa486f2c33ba461ef1ec37df.jpg, 0, 0, 0, 0, 1, 0, 0, 0, 0, 0, 0, 0, 0, 0, 0, 0, 0, 0, 0, 0, 0, 0, 0, 0, 0, 0, 0, 0, 0, 0
t1-JPG4rot_jpg.rf.3602e5a918d60701582e41bbaeae6cb5.jpg, 1, 0, 0, 0, 0, 0, 0, 0, 0, 0, 0, 0, 0, 0, 0, 0, 0, 0, 0, 0, 0, 0, 0, 0, 0, 0, 0, 0, 0, 0
Screen-Shot-2023-07-15-at-11-46-20-PM_png_jpg.rf.35fad38f6f0da6a723d542608d70626f.jpg, 0, 0, 0, 0, 0, 0, 0, 0, 0, 0, 0, 0, 0, 0, 0, 0, 0, 0, 0, 0, 0, 0, 0, 1, 0, 0, 0, 0, 0, 0
Screen-Shot-2023-07-15-at-11-00-46-PM_png_jpg.rf.36687db2b17a871e3f44de142f0c09b4.jpg, 0, 0, 0, 1, 0, 0, 0, 0, 0, 0, 0, 0, 0, 0, 0, 0, 0, 0, 0, 0, 0, 0, 0, 0, 0, 0, 0, 0, 0, 0
Screen-Shot-2023-07-17-at-12-21-58-AM_png_jpg.rf.36a4b4836c10d75644766c5c6d7ea08b.jpg, 0, 0, 0, 0, 0, 0, 0, 0, 0, 0, 0, 0, 0, 0, 0, 0, 0, 0, 1, 0, 0, 0, 0, 0, 0, 0, 0, 0, 0, 0
j1-JPG12rot_jpg.rf.369ab54e643ed7fe76fdaf19c6ca6321.jpg, 0, 0, 0, 0, 0, 0, 0, 0, 0, 0, 0, 1, 0, 0, 0, 0, 0, 0, 0, 0, 0, 0, 0, 0, 0, 0, 0, 0, 0, 0
g1-JPG12rot_jpg.rf.374fb2795f63bf32d52929681ad3db54.jpg, 0, 0, 0, 0, 0, 0, 0, 0, 1, 0, 0, 0, 0, 0, 0, 0, 0, 0, 0, 0, 0, 0, 0, 0, 0, 0, 0, 0, 0, 0
Screen-Shot-2023-07-15-at-11-17-05-PM_png_jpg.rf.36d897104690eec2939acb5f27de4b18.jpg, 0, 0, 0, 0, 0, 0, 0, 0, 0, 0, 0, 0, 1, 0, 0, 0, 0, 0, 0, 0, 0, 0, 0, 0, 0, 0, 0, 0, 0, 0
Screen-Shot-2023-07-16-at-12-00-43-AM_png_jpg.rf.36bf8dcc0d151de069d761fdb1b38413.jpg, 0, 0, 0, 0, 0, 0, 0, 0, 0, 0, 0, 0, 0, 0, 0, 0, 0, 0, 0, 0, 0, 0, 0, 0, 0, 0, 0, 0, 1, 0
Screen-Shot-2023-07-16-at-12-02-37-AM_png-copy_jpg.rf.3648c959a06ea07a97de53f967f3ad52.jpg, 0, 0, 0, 0, 0, 0, 0, 0, 0, 0, 0, 0, 0, 0, 0, 0, 0, 0, 0, 0, 0, 0, 0, 0, 0, 0, 0, 0, 1, 0
Screen-Shot-2023-07-15-at-11-14-39-PM_png_jpg.rf.370ce77f40762525403172b32d5cb07a.jpg, 0, 0, 0, 0, 0, 0, 0, 0, 0, 0, 0, 1, 0, 0, 0, 0, 0, 0, 0, 0, 0, 0, 0, 0, 0, 0, 0, 0, 0, 0
Screen-Shot-2023-07-15-at-11-57-13-PM_png_jpg.rf.36ae2f211d513a75c6593f46220c63f9.jpg, 0, 0, 0, 0, 0, 0, 0, 0, 0, 0, 0, 0, 0, 0, 0, 0, 0, 0, 0, 0, 0, 0, 0, 0, 0, 0, 1, 0, 0, 0
Screen-Shot-2023-07-16-at-11-56-08-PM_png_jpg.rf.37b5fd24e326ddadd71c84a094dafaa9.jpg, 0, 0, 0, 0, 0, 0, 0, 1, 0, 0, 0, 0, 0, 0, 0, 0, 0, 0, 0, 0, 0, 0, 0, 0, 0, 0, 0, 0, 0, 0
Screen-Shot-2023-07-15-at-11-17-05-PM_png_jpg.rf.375ef789b544ee2524479916997a0c39.jpg, 0, 0, 0, 0, 0, 0, 0, 0, 0, 0, 0, 0, 1, 0, 0, 0, 0, 0, 0, 0, 0, 0, 0, 0, 0, 0, 0, 0, 0, 0
Screen-Shot-2023-07-15-at-11-58-48-PM_png_jpg.rf.37d5789d56c677d4c852dc9c0620f940.jpg, 0, 0, 0, 0, 0, 0, 0, 0, 0, 0, 0, 0, 0, 0, 0, 0, 0, 0, 0, 0, 0, 0, 0, 0, 0, 0, 0, 1, 0, 0
c1-JPG9rot_jpg.rf.37d717d0b9388a02ba872ec186f5f01d.jpg, 0, 0, 0, 1, 0, 0, 0, 0, 0, 0, 0, 0, 0, 0, 0, 0, 0, 0, 0, 0, 0, 0, 0, 0, 0, 0, 0, 0, 0, 0
Screen-Shot-2023-07-17-at-12-00-03-AM_png.rf.37d352cb2125e46ed1d7eace343f533f.jpg, 0, 0, 0, 0, 0, 0, 0, 0, 0, 1, 0, 0, 0, 0, 0, 0, 0, 0, 0, 0, 0, 0, 0, 0, 0, 0, 0, 0, 0, 0
Screen-Shot-2023-07-15-at-11-44-05-PM_png_jpg.rf.371435a008ebe52ee9dc08494aefd2e8.jpg, 0, 0, 0, 0, 0, 0, 0, 0, 0, 0, 0, 0, 0, 0, 0, 0, 0, 0, 0, 0, 0, 0, 1, 0, 0, 0, 0, 0, 0, 0
p1-JPG8whs_jpg.rf.37bb757b63569a11881dad3f1ef0ab16.jpg, 1, 0, 0, 0, 0, 0, 0, 0, 0, 0, 0, 0, 0, 0, 0, 0, 0, 0, 0, 0, 0, 0, 0, 0, 0, 0, 0, 0, 0, 0
Screen-Shot-2023-07-17-at-12-22-02-AM_png_jpg.rf.37870652a95fd7518cc1a0d715d7bae7.jpg, 0, 0, 0, 0, 0, 0, 0, 0, 0, 0, 0, 0, 0, 0, 0, 0, 0, 0, 1, 0, 0, 0, 0, 0, 0, 0, 0, 0, 0, 0
Screen-Shot-2023-07-15-at-11-13-23-PM_png.rf.365bce94764ff48f309a09db29f5db0a.jpg, 0, 0, 0, 0, 0, 0, 0, 0, 0, 0, 1, 0, 0, 0, 0, 0, 0, 0, 0, 0, 0, 0, 0, 0, 0, 0, 0, 0, 0, 0
Screen-Shot-2023-07-17-at-12-21-31-AM_png_jpg.rf.3813f888925261491634ed684a030580.jpg, 0, 0, 0, 0, 0, 0, 0, 0, 0, 0, 0, 0, 0, 0, 0, 0, 0, 0, 1, 0, 0, 0, 0, 0, 0, 0, 0, 0, 0, 0
Screen-Shot-2023-07-17-at-12-12-16-AM_png_jpg.rf.378d59099fbce4d2fa03c9dabc71cb5a.jpg, 0, 0, 0, 0, 0, 0, 0, 0, 0, 0, 0, 0, 0, 0, 0, 0, 0, 0, 0, 0, 0, 0, 1, 0, 0, 0, 0, 0, 0, 0
o1-JPG5dim_jpg.rf.37e57070a50cc3427c76e5402a825f6a.jpg, 0, 0, 0, 0, 0, 0, 0, 0, 0, 0, 0, 0, 0, 0, 0, 0, 1, 0, 0, 0, 0, 0, 0, 0, 0, 0, 0, 0, 0, 0
Screen-Shot-2023-07-17-at-12-10-18-AM_png_jpg.rf.37aaa3e694de675d59390102f9269e73.jpg, 0, 0, 0, 0, 0, 0, 0, 0, 0, 0, 0, 0, 0, 0, 0, 0, 0, 0, 0, 1, 0, 0, 0, 0, 0, 0, 0, 0, 0, 0
d1-JPG14dim_jpg.rf.37364b2b20021a818af539c255e9ac1e.jpg, 0, 0, 0, 0, 0, 1, 0, 0, 0, 0, 0, 0, 0, 0, 0, 0, 0, 0, 0, 0, 0, 0, 0, 0, 0, 0, 0, 0, 0, 0
Screen-Shot-2023-07-15-at-11-14-39-PM_png_jpg.rf.3887810ab18769e23b4ce70f5ff97a67.jpg, 0, 0, 0, 0, 0, 0, 0, 0, 0, 0, 0, 1, 0, 0, 0, 0, 0, 0, 0, 0, 0, 0, 0, 0, 0, 0, 0, 0, 0, 0
t1-JPG9rot_jpg.rf.38fd6ae0ba9eaeb6b4e0445edf466681.jpg, 0, 0, 0, 0, 0, 0, 0, 0, 0, 0, 0, 0, 0, 0, 0, 0, 0, 0, 0, 0, 0, 0, 0, 1, 0, 0, 0, 0, 0, 0
Screen-Shot-2023-07-15-at-11-48-02-PM_png_jpg.rf.3880cd48881a4ec3039b387aaeda5f02.jpg, 0, 0, 0, 0, 0, 0, 0, 0, 0, 0, 0, 0, 0, 0, 0, 0, 0, 0, 0, 0, 0, 0, 0, 0, 1, 0, 0, 0, 0, 0
Screen-Shot-2023-07-15-at-10-50-22-PM_png_jpg.rf.38ee1681e86cd0bb48a921d183397dfc.jpg, 0, 0, 0, 0, 0, 0, 0, 1, 0, 0, 0, 0, 0, 0, 0, 0, 0, 0, 0, 0, 0, 0, 0, 0, 0, 0, 0, 0, 0, 0
Screen-Shot-2023-07-17-at-12-20-20-AM_png.rf.38c2abeca8408bc57d3d928189c15c7d.jpg, 0, 0, 0, 0, 1, 0, 0, 0, 0, 0, 0, 0, 0, 0, 0, 0, 0, 0, 0, 0, 0, 0, 0, 0, 0, 0, 0, 0, 0, 0
Screen-Shot-2023-07-15-at-11-34-48-PM_png.rf.38fb755d751bde9b363840790da755c4.jpg, 0, 0, 0, 0, 0, 0, 0, 0, 0, 0, 0, 0, 0, 0, 0, 0, 0, 0, 0, 1, 0, 0, 0, 0, 0, 0, 0, 0, 0, 0
Screen-Shot-2023-07-17-at-12-20-40-AM_png_jpg.rf.39190108183f5d2228e6493c34fcc972.jpg, 0, 0, 0, 0, 1, 0, 0, 0, 0, 0, 0, 0, 0, 0, 0, 0, 0, 0, 0, 0, 0, 0, 0, 0, 0, 0, 0, 0, 0, 0
u1-JPG5dim_jpg.rf.3817f37ada2c15ba0de7e91654f4e71c.jpg, 0, 0, 0, 0, 0, 0, 0, 0, 0, 0, 0, 0, 0, 0, 0, 0, 0, 0, 0, 0, 0, 0, 0, 0, 1, 0, 0, 0, 0, 0
h1-JPG0rot_jpg.rf.3909e7bd29a204d4b54a92be6b674d95.jpg, 0, 0, 0, 0, 0, 0, 0, 0, 0, 1, 0, 0, 0, 0, 0, 0, 0, 0, 0, 0, 0, 0, 0, 0, 0, 0, 0, 0, 0, 0
Screen-Shot-2023-07-16-at-12-07-08-AM_png_jpg.rf.38f6cfa935b854e5e567ecb40bee84e2.jpg, 0, 0, 0, 0, 1, 0, 0, 0, 0, 0, 0, 0, 0, 0, 0, 0, 0, 0, 0, 0, 0, 0, 0, 0, 0, 0, 0, 0, 0, 0
Screen-Shot-2023-07-15-at-11-28-40-PM_png_jpg.rf.37b074ce107664965c8d51d2651a82ac.jpg, 0, 0, 0, 0, 0, 0, 0, 0, 0, 0, 0, 0, 0, 0, 0, 0, 1, 0, 0, 0, 0, 0, 0, 0, 0, 0, 0, 0, 0, 0
Screen-Shot-2023-07-16-at-11-58-05-PM_png_jpg.rf.3939e0355954f747595be8903bcfdfa5.jpg, 0, 0, 0, 0, 0, 0, 0, 0, 1, 0, 0, 0, 0, 0, 0, 0, 0, 0, 0, 0, 0, 0, 0, 0, 0, 0, 0, 0, 0, 0
Screen-Shot-2023-07-17-at-12-08-48-AM_png_jpg.rf.395b240df0ecee28c3037adab3e3913f.jpg, 0, 0, 0, 0, 0, 0, 0, 0, 0, 0, 0, 0, 0, 0, 0, 0, 0, 1, 0, 0, 0, 0, 0, 0, 0, 0, 0, 0, 0, 0
Screen-Shot-2023-07-15-at-11-03-16-PM_png_jpg.rf.3963b9489f94b33f1bbec55d2d670ca3.jpg, 0, 0, 0, 0, 0, 1, 0, 0, 0, 0, 0, 0, 0, 0, 0, 0, 0, 0, 0, 0, 0, 0, 0, 0, 0, 0, 0, 0, 0, 0
Screen-Shot-2023-07-16-at-12-06-01-AM_png_jpg.rf.396b7c5d9949fd29848f0c8b2cce298e.jpg, 0, 0, 0, 0, 1, 0, 0, 0, 0, 0, 0, 0, 0, 0, 0, 0, 0, 0, 0, 0, 0, 0, 0, 0, 0, 0, 0, 0, 0, 0
Screen-Shot-2023-07-17-at-12-12-21-AM_png_jpg.rf.396feb9845c78a8510c7718732bb2e0b.jpg, 0, 0, 0, 0, 0, 0, 0, 0, 0, 0, 0, 0, 0, 0, 0, 0, 0, 0, 0, 0, 0, 0, 1, 0, 0, 0, 0, 0, 0, 0
Screen-Shot-2023-07-15-at-11-10-00-PM_png_jpg.rf.3970330cd1c6b7ebee2a774696799a55.jpg, 0, 0, 0, 0, 0, 0, 0, 0, 0, 1, 0, 0, 0, 0, 0, 0, 0, 0, 0, 0, 0, 0, 0, 0, 0, 0, 0, 0, 0, 0
Screen-Shot-2023-07-17-at-12-18-02-AM_png_jpg.rf.3979c0ed798d85f63ba9cab1418787b8.jpg, 0, 0, 0, 0, 0, 0, 0, 0, 0, 0, 0, 0, 0, 0, 0, 0, 0, 0, 0, 0, 0, 0, 0, 0, 0, 0, 0, 0, 1, 0
Screen-Shot-2023-07-15-at-11-41-25-PM_png_jpg.rf.39847bfdeea6e1063561900e50a47d05.jpg, 0, 0, 0, 0, 0, 0, 0, 0, 0, 0, 0, 0, 0, 0, 0, 0, 0, 0, 0, 0, 0, 1, 0, 0, 0, 0, 0, 0, 0, 0
Screen-Shot-2023-07-17-at-12-08-44-AM_png_jpg.rf.39903c6ddfd5441ddb4472ca2d112932.jpg, 0, 0, 0, 0, 0, 0, 0, 0, 0, 0, 0, 0, 0, 0, 0, 0, 0, 1, 0, 0, 0, 0, 0, 0, 0, 0, 0, 0, 0, 0
Screen-Shot-2023-07-17-at-12-14-51-AM_png_jpg.rf.39916e67f4f49177cc68e0d23ab84057.jpg, 0, 0, 0, 0, 0, 0, 0, 0, 0, 0, 0, 0, 0, 0, 0, 0, 0, 0, 0, 0, 0, 0, 0, 0, 0, 1, 0, 0, 0, 0
Screen-Shot-2023-07-16-at-12-04-07-AM_png_jpg.rf.39dcec182b600b077686ba305e310922.jpg, 0, 0, 0, 0, 0, 0, 0, 0, 0, 0, 0, 0, 0, 0, 0, 0, 0, 0, 0, 0, 0, 0, 0, 0, 0, 0, 0, 0, 0, 1
Screen-Shot-2023-07-15-at-11-57-26-PM_png_jpg.rf.39de03130d194246020669386d06aa1a.jpg, 0, 0, 0, 0, 0, 0, 0, 0, 0, 0, 0, 0, 0, 0, 0, 0, 0, 0, 0, 0, 0, 0, 0, 0, 0, 0, 1, 0, 0, 0
Screen-Shot-2023-07-15-at-11-12-22-PM_png_jpg.rf.39fee97779f0bcca9749c7c76991f5c5.jpg, 0, 0, 0, 0, 0, 0, 0, 0, 0, 0, 1, 0, 0, 0, 0, 0, 0, 0, 0, 0, 0, 0, 0, 0, 0, 0, 0, 0, 0, 0
Screen-Shot-2023-07-16-at-11-55-22-PM_png_jpg.rf.3a23d11b9e37d7ea53b30975df7f35e6.jpg, 0, 0, 0, 0, 0, 0, 1, 0, 0, 0, 0, 0, 0, 0, 0, 0, 0, 0, 0, 0, 0, 0, 0, 0, 0, 0, 0, 0, 0, 0
Screen-Shot-2023-07-17-at-12-23-08-AM_png_jpg.rf.3a26949f5c4b3fc8fc7b5dcc759da56c.jpg, 0, 0, 0, 0, 0, 0, 0, 0, 0, 0, 0, 0, 0, 0, 0, 0, 0, 0, 0, 0, 1, 0, 0, 0, 0, 0, 0, 0, 0, 0
Screen-Shot-2023-07-16-at-11-56-08-PM_png_jpg.rf.3a2cbb8477ba0807b53d4083f0041341.jpg, 0, 0, 0, 0, 0, 0, 0, 1, 0, 0, 0, 0, 0, 0, 0, 0, 0, 0, 0, 0, 0, 0, 0, 0, 0, 0, 0, 0, 0, 0
b1-JPG15dim_jpg.rf.3a5fb520d6a3c6cf0a244b314b00a8d2.jpg, 0, 0, 1, 0, 0, 0, 0, 0, 0, 0, 0, 0, 0, 0, 0, 0, 0, 0, 0, 0, 0, 0, 0, 0, 0, 0, 0, 0, 0, 0
Screen-Shot-2023-07-17-at-12-18-50-AM_png_jpg.rf.3a5dc5da632c1869337d3694ecec016a.jpg, 0, 0, 0, 0, 0, 0, 0, 0, 0, 0, 0, 0, 0, 0, 0, 0, 0, 0, 0, 0, 0, 0, 0, 0, 0, 0, 0, 0, 0, 1
Screen-Shot-2023-07-17-at-12-18-20-AM_png_jpg.rf.3a500a557f1b555d8576cd39e4307f9c.jpg, 0, 0, 0, 0, 0, 0, 0, 0, 0, 0, 0, 0, 0, 0, 0, 0, 0, 0, 0, 0, 0, 0, 0, 0, 0, 0, 0, 0, 0, 1
Screen-Shot-2023-07-15-at-11-13-54-PM_png_jpg.rf.3b050a9f674dc3122791cf700398441c.jpg, 0, 0, 0, 0, 0, 0, 0, 0, 0, 0, 1, 0, 0, 0, 0, 0, 0, 0, 0, 0, 0, 0, 0, 0, 0, 0, 0, 0, 0, 0
Screen-Shot-2023-07-15-at-10-59-00-PM_png_jpg.rf.3b21bd7377a3206c6384d40137f765bc.jpg, 0, 0, 1, 0, 0, 0, 0, 0, 0, 0, 0, 0, 0, 0, 0, 0, 0, 0, 0, 0, 0, 0, 0, 0, 0, 0, 0, 0, 0, 0
Screen-Shot-2023-07-17-at-12-09-06-AM_png_jpg.rf.3a74eec9282be534a16cf23258f9aba1.jpg, 0, 0, 0, 0, 0, 0, 0, 0, 0, 0, 0, 0, 0, 0, 0, 0, 0, 1, 0, 0, 0, 0, 0, 0, 0, 0, 0, 0, 0, 0
Screen-Shot-2023-07-17-at-12-09-20-AM_png.rf.3b1f6e2b48b9ee4bd574eb36dc02ddb6.jpg, 0, 0, 0, 0, 0, 0, 0, 0, 0, 0, 0, 0, 0, 0, 0, 0, 0, 1, 0, 0, 0, 0, 0, 0, 0, 0, 0, 0, 0, 0
j1-JPG0dim_jpg.rf.3ade4586adb44cc065998688544ddc0f.jpg, 0, 0, 0, 0, 0, 0, 0, 0, 0, 0, 0, 1, 0, 0, 0, 0, 0, 0, 0, 0, 0, 0, 0, 0, 0, 0, 0, 0, 0, 0
r1-JPG7whs_jpg.rf.3b1351bf4ec8c006feebd6d8361cfa8a.jpg, 0, 0, 0, 0, 0, 0, 0, 0, 0, 0, 0, 0, 0, 0, 0, 0, 0, 0, 0, 0, 0, 1, 0, 0, 0, 0, 0, 0, 0, 0
Screen-Shot-2023-07-16-at-12-15-31-PM_png_jpg.rf.3b4cae4afaee6b90721ad3cfb59b18f3.jpg, 0, 0, 0, 0, 0, 0, 0, 0, 0, 0, 0, 0, 0, 0, 0, 0, 0, 0, 1, 0, 0, 0, 0, 0, 0, 0, 0, 0, 0, 0
r1-JPG6rot_jpg.rf.3b5a100f1950c0e3e5f11777c856cc43.jpg, 0, 0, 0, 0, 0, 0, 0, 0, 0, 0, 0, 0, 0, 0, 0, 0, 0, 0, 0, 0, 0, 1, 0, 0, 0, 0, 0, 0, 0, 0
j1-JPG10whs_jpg.rf.3b7d721337bd32815256e4489d575542.jpg, 0, 0, 0, 0, 0, 0, 0, 0, 0, 0, 0, 1, 0, 0, 0, 0, 0, 0, 0, 0, 0, 0, 0, 0, 0, 0, 0, 0, 0, 0
Screen-Shot-2023-07-16-at-12-17-05-PM_png_jpg.rf.3b846abbe4c70ee7a0e57707314cdfd3.jpg, 0, 0, 0, 0, 0, 0, 0, 0, 0, 0, 0, 0, 0, 0, 0, 0, 0, 0, 1, 0, 0, 0, 0, 0, 0, 0, 0, 0, 0, 0
Screen-Shot-2023-07-15-at-11-22-35-PM_png.rf.3bffd1a53e196532bce7e96485423c57.jpg, 0, 0, 0, 0, 0, 0, 0, 0, 0, 0, 0, 0, 0, 0, 1, 0, 0, 0, 0, 0, 0, 0, 0, 0, 0, 0, 0, 0, 0, 0
Screen-Shot-2023-07-15-at-11-30-37-PM_png_jpg.rf.3c4d3fa946c69420342699f34d074238.jpg, 0, 0, 0, 0, 0, 0, 0, 0, 0, 0, 0, 0, 0, 0, 0, 0, 1, 0, 0, 0, 0, 0, 0, 0, 0, 0, 0, 0, 0, 0
Screen-Shot-2023-07-16-at-12-10-37-AM_png.rf.3cf25371b7f3d4304053d6b1b1319df2.jpg, 0, 0, 0, 0, 0, 0, 0, 0, 0, 0, 0, 0, 0, 0, 0, 0, 0, 0, 0, 0, 1, 0, 0, 0, 0, 0, 0, 0, 0, 0
Screen-Shot-2023-07-15-at-11-59-05-PM_png_jpg.rf.3c315b0c6fc6f4534cc1986cf0a13b9c.jpg, 0, 0, 0, 0, 0, 0, 0, 0, 0, 0, 0, 0, 0, 0, 0, 0, 0, 0, 0, 0, 0, 0, 0, 0, 0, 0, 0, 1, 0, 0
Screen-Shot-2023-07-15-at-11-36-13-PM_png_jpg.rf.3b96a64746a5b0d6977f1f4bff423d7f.jpg, 0, 0, 0, 0, 0, 0, 0, 0, 0, 0, 0, 0, 0, 0, 0, 0, 0, 0, 0, 1, 0, 0, 0, 0, 0, 0, 0, 0, 0, 0
l1-JPG19rot_jpg.rf.3c4bff771a462a18721bfa2a57ee55de.jpg, 0, 0, 0, 0, 0, 0, 0, 0, 0, 0, 0, 0, 0, 1, 0, 0, 0, 0, 0, 0, 0, 0, 0, 0, 0, 0, 0, 0, 0, 0
x1-JPG17rot_jpg.rf.3bf3d526aaba52c414f77fa20176a2cb.jpg, 0, 0, 0, 0, 0, 0, 0, 0, 0, 0, 0, 0, 0, 0, 0, 0, 0, 0, 0, 0, 0, 0, 0, 0, 0, 0, 0, 1, 0, 0
Screen-Shot-2023-07-17-at-12-18-38-AM_png_jpg.rf.3cc21eda163e1e7028072418d612f83b.jpg, 0, 0, 0, 0, 0, 0, 0, 0, 0, 0, 0, 0, 0, 0, 0, 0, 0, 0, 0, 0, 0, 0, 0, 0, 0, 0, 0, 0, 0, 1
Screen-Shot-2023-07-17-at-12-08-22-AM_png_jpg.rf.3c5f9abd0972acd9fbaafeb6a2312d95.jpg, 0, 0, 0, 0, 0, 0, 0, 0, 0, 0, 0, 0, 0, 0, 0, 0, 1, 0, 0, 0, 0, 0, 0, 0, 0, 0, 0, 0, 0, 0
Screen-Shot-2023-07-17-at-12-20-55-AM_png_jpg.rf.3c8f1f8baa97400e845c093c9a015f47.jpg, 0, 0, 0, 0, 0, 0, 0, 0, 0, 0, 0, 0, 0, 0, 0, 0, 0, 0, 1, 0, 0, 0, 0, 0, 0, 0, 0, 0, 0, 0
v1-JPG16whs_jpg.rf.3c676cf00967aa51daaf8f51160e8bdd.jpg, 0, 0, 0, 0, 0, 0, 0, 0, 0, 0, 0, 0, 0, 0, 0, 0, 0, 0, 0, 0, 0, 0, 0, 0, 0, 1, 0, 0, 0, 0
Screen-Shot-2023-07-15-at-11-36-13-PM_png_jpg.rf.3bd0a252073cbf5862366fc11e09f416.jpg, 0, 0, 0, 0, 0, 0, 0, 0, 0, 0, 0, 0, 0, 0, 0, 0, 0, 0, 0, 1, 0, 0, 0, 0, 0, 0, 0, 0, 0, 0
s1-JPG8rot_jpg.rf.3cbe0ea56ae1ee767703f55790e0642c.jpg, 1, 0, 0, 0, 0, 0, 0, 0, 0, 0, 0, 0, 0, 0, 0, 0, 0, 0, 0, 0, 0, 0, 0, 0, 0, 0, 0, 0, 0, 0
Screen-Shot-2023-07-17-at-12-02-38-AM_png_jpg.rf.3cf5ac88c91c9dfed7d046524363485a.jpg, 0, 0, 0, 0, 0, 0, 0, 0, 0, 0, 0, 0, 1, 0, 0, 0, 0, 0, 0, 0, 0, 0, 0, 0, 0, 0, 0, 0, 0, 0
h1-JPG19whs_jpg.rf.3c025e6ea19b10ed24632b9aef4e5070.jpg, 0, 0, 0, 0, 0, 0, 0, 0, 0, 1, 0, 0, 0, 0, 0, 0, 0, 0, 0, 0, 0, 0, 0, 0, 0, 0, 0, 0, 0, 0
f1-JPG5whs_jpg.rf.3d4efca8e728e4715596bb30a9ea4f03.jpg, 0, 0, 0, 0, 0, 0, 0, 1, 0, 0, 0, 0, 0, 0, 0, 0, 0, 0, 0, 0, 0, 0, 0, 0, 0, 0, 0, 0, 0, 0
Screen-Shot-2023-07-17-at-12-12-59-AM_png_jpg.rf.3ba76d739c6388ae0b87ac52d30b4127.jpg, 0, 0, 0, 0, 0, 0, 0, 0, 0, 0, 0, 0, 0, 0, 0, 0, 0, 0, 0, 0, 0, 0, 0, 1, 0, 0, 0, 0, 0, 0
Screen-Shot-2023-07-17-at-12-22-53-AM_png_jpg.rf.3bbef6b1bf782fc3372484a5c9e015cd.jpg, 0, 0, 0, 0, 0, 0, 0, 0, 0, 0, 0, 0, 0, 0, 0, 0, 0, 0, 0, 0, 1, 0, 0, 0, 0, 0, 0, 0, 0, 0
Screen-Shot-2023-07-15-at-11-16-05-PM-copy_png_jpg.rf.3d44e618e5acbef74c245fb435506c61.jpg, 0, 0, 0, 0, 0, 0, 0, 0, 0, 0, 0, 1, 0, 0, 0, 0, 0, 0, 0, 0, 0, 0, 0, 0, 0, 0, 0, 0, 0, 0
Screen-Shot-2023-07-16-at-11-57-52-PM_png_jpg.rf.3d12564b4c6507b38284355322d28391.jpg, 0, 0, 0, 0, 0, 0, 0, 1, 0, 0, 0, 0, 0, 0, 0, 0, 0, 0, 0, 0, 0, 0, 0, 0, 0, 0, 0, 0, 0, 0
Screen-Shot-2023-07-16-at-11-42-33-PM_png_jpg.rf.3cf638afdb41b06e884505e6c954c6ee.jpg, 0, 1, 0, 0, 0, 0, 0, 0, 0, 0, 0, 0, 0, 0, 0, 0, 0, 0, 0, 0, 0, 0, 0, 0, 0, 0, 0, 0, 0, 0
Screen-Shot-2023-07-15-at-11-08-08-PM_png_jpg.rf.3c2959965104efe8084e1c2bb77f9ae4.jpg, 0, 0, 0, 0, 0, 0, 0, 0, 1, 0, 0, 0, 0, 0, 0, 0, 0, 0, 0, 0, 0, 0, 0, 0, 0, 0, 0, 0, 0, 0
Screen-Shot-2023-07-15-at-11-03-10-PM_png.rf.3d0088788990b705b760d5d0f75a15e6.jpg, 0, 0, 0, 0, 0, 1, 0, 0, 0, 0, 0, 0, 0, 0, 0, 0, 0, 0, 0, 0, 0, 0, 0, 0, 0, 0, 0, 0, 0, 0
Screen-Shot-2023-07-15-at-11-41-33-PM_png_jpg.rf.3d70b4c4cbfce711af0c3a69203d50a4.jpg, 0, 0, 0, 0, 0, 0, 0, 0, 0, 0, 0, 0, 0, 0, 0, 0, 0, 0, 0, 0, 0, 1, 0, 0, 0, 0, 0, 0, 0, 0
b1-JPG17whs_jpg.rf.3d74891d1f946e81e9fdba277b41439c.jpg, 1, 0, 0, 0, 0, 0, 0, 0, 0, 0, 0, 0, 0, 0, 0, 0, 0, 0, 0, 0, 0, 0, 0, 0, 0, 0, 0, 0, 0, 0
j1-JPG14whs_jpg.rf.3badb2d899669265e900a73dddfd1f72.jpg, 0, 0, 0, 0, 0, 0, 0, 0, 0, 0, 0, 1, 0, 0, 0, 0, 0, 0, 0, 0, 0, 0, 0, 0, 0, 0, 0, 0, 0, 0
g1-JPG14dim_jpg.rf.3c7c56421cb1b9f162f26ea12cd05bf9.jpg, 0, 0, 0, 0, 0, 0, 0, 0, 1, 0, 0, 0, 0, 0, 0, 0, 0, 0, 0, 0, 0, 0, 0, 0, 0, 0, 0, 0, 0, 0
Screen-Shot-2023-07-16-at-12-03-54-AM_png_jpg.rf.3d77630f0034398234840cdf202ac5ed.jpg, 0, 0, 0, 0, 0, 0, 0, 0, 0, 0, 0, 0, 0, 0, 0, 0, 0, 0, 0, 0, 0, 0, 0, 0, 0, 0, 0, 0, 0, 1
Screen-Shot-2023-07-15-at-10-59-00-PM_png_jpg.rf.3dafdb1dc88fc12d251223b54a1eab3f.jpg, 0, 0, 1, 0, 0, 0, 0, 0, 0, 0, 0, 0, 0, 0, 0, 0, 0, 0, 0, 0, 0, 0, 0, 0, 0, 0, 0, 0, 0, 0
v1-JPG6rot_jpg.rf.3d888b8840a1b3e94f07faedd6f671bc.jpg, 0, 0, 0, 0, 0, 0, 0, 0, 0, 0, 0, 0, 0, 0, 0, 0, 0, 0, 0, 0, 0, 0, 0, 0, 0, 1, 0, 0, 0, 0
Screen-Shot-2023-07-17-at-12-10-37-AM_png_jpg.rf.3d7c7b8d93433f25806c6af65c85ed1d.jpg, 0, 0, 0, 0, 0, 0, 0, 0, 0, 0, 0, 0, 0, 0, 0, 0, 0, 0, 0, 1, 0, 0, 0, 0, 0, 0, 0, 0, 0, 0
Screen-Shot-2023-07-16-at-12-03-54-AM_png_jpg.rf.3dd15f74efa885d68fe9a4e48ac9bb0e.jpg, 0, 0, 0, 0, 0, 0, 0, 0, 0, 0, 0, 0, 0, 0, 0, 0, 0, 0, 0, 0, 0, 0, 0, 0, 0, 0, 0, 0, 0, 1
Screen-Shot-2023-07-15-at-11-30-28-PM_png_jpg.rf.3e7bf622b4cf7db85d505a7808dfa320.jpg, 0, 0, 0, 0, 0, 0, 0, 0, 0, 0, 0, 0, 0, 0, 0, 0, 1, 0, 0, 0, 0, 0, 0, 0, 0, 0, 0, 0, 0, 0
Screen-Shot-2023-07-17-at-12-13-22-AM_png_jpg.rf.3df8f4c1b9cc88b942de1d6d058198a6.jpg, 0, 0, 0, 0, 0, 0, 0, 0, 0, 0, 0, 0, 0, 0, 0, 0, 0, 0, 0, 0, 0, 0, 0, 0, 1, 0, 0, 0, 0, 0
Screen-Shot-2023-07-15-at-11-24-06-PM_png_jpg.rf.3e361cc013827acf609bf5ce0af5f1c1.jpg, 0, 0, 0, 0, 0, 0, 0, 0, 0, 0, 0, 0, 0, 0, 1, 0, 0, 0, 0, 0, 0, 0, 0, 0, 0, 0, 0, 0, 0, 0
e1-JPG0rot_jpg.rf.3d4a48a9d4d38aa935b26eca499e3952.jpg, 0, 0, 0, 0, 0, 0, 1, 0, 0, 0, 0, 0, 0, 0, 0, 0, 0, 0, 0, 0, 0, 0, 0, 0, 0, 0, 0, 0, 0, 0
Screen-Shot-2023-07-16-at-11-50-15-PM_png_jpg.rf.3d89ea81438945b0f828f7e8070c8e18.jpg, 0, 0, 0, 1, 0, 0, 0, 0, 0, 0, 0, 0, 0, 0, 0, 0, 0, 0, 0, 0, 0, 0, 0, 0, 0, 0, 0, 0, 0, 0
Screen-Shot-2023-07-17-at-12-17-27-AM_png.rf.3e83301f2edb10f3b26681871bbe4567.jpg, 0, 0, 0, 0, 0, 0, 0, 0, 0, 0, 0, 0, 0, 0, 0, 0, 0, 0, 0, 0, 0, 0, 0, 0, 0, 0, 0, 0, 1, 0
Screen-Shot-2023-07-17-at-12-12-59-AM_png_jpg.rf.3e854e7c775a44240fb264858594d30c.jpg, 0, 0, 0, 0, 0, 0, 0, 0, 0, 0, 0, 0, 0, 0, 0, 0, 0, 0, 0, 0, 0, 0, 0, 1, 0, 0, 0, 0, 0, 0
Screen-Shot-2023-07-11-at-12-30-24-PM_png_jpg.rf.3cd1a897b6e9b814917e03cf0731b213.jpg, 0, 0, 0, 0, 0, 0, 0, 0, 0, 0, 0, 0, 0, 0, 0, 0, 0, 0, 0, 0, 1, 0, 0, 0, 0, 0, 0, 0, 0, 0
Screen-Shot-2023-07-16-at-11-59-02-PM_png_jpg.rf.3e8c5cdce63efe97fd598f21bfcf9bc8.jpg, 0, 0, 0, 0, 0, 0, 0, 0, 0, 1, 0, 0, 0, 0, 0, 0, 0, 0, 0, 0, 0, 0, 0, 0, 0, 0, 0, 0, 0, 0
Screen-Shot-2023-07-15-at-11-42-36-PM_png.rf.3e96b41bfaac38abe2f9e479e25cb372.jpg, 0, 0, 0, 0, 0, 0, 0, 0, 0, 0, 0, 0, 0, 0, 0, 0, 0, 0, 0, 0, 0, 0, 1, 0, 0, 0, 0, 0, 0, 0
r1-JPG7dim_jpg.rf.3edfb0e26a9ae7cf28b274375b55eb86.jpg, 0, 0, 0, 0, 0, 0, 0, 0, 0, 0, 0, 0, 0, 0, 0, 0, 0, 0, 0, 0, 0, 1, 0, 0, 0, 0, 0, 0, 0, 0
Screen-Shot-2023-07-15-at-11-32-58-PM_png_jpg.rf.3e8d66ffe3b0aa250b044d5a40dfb546.jpg, 0, 0, 0, 0, 0, 0, 0, 0, 0, 0, 0, 0, 0, 0, 0, 0, 0, 1, 0, 0, 0, 0, 0, 0, 0, 0, 0, 0, 0, 0
c1-JPG12rot_jpg.rf.3e9f878a904ff581b5e3306c02ec3384.jpg, 0, 0, 0, 1, 0, 0, 0, 0, 0, 0, 0, 0, 0, 0, 0, 0, 0, 0, 0, 0, 0, 0, 0, 0, 0, 0, 0, 0, 0, 0
Screen-Shot-2023-07-17-at-12-18-28-AM_png_jpg.rf.3ec2c388d150fc19ba6865976aa6b82a.jpg, 0, 0, 0, 0, 0, 0, 0, 0, 0, 0, 0, 0, 0, 0, 0, 0, 0, 0, 0, 0, 0, 0, 0, 0, 0, 0, 0, 0, 0, 1
Screen-Shot-2023-07-15-at-11-17-05-PM_png_jpg.rf.3d018559d112840776c0382b715248a4.jpg, 0, 0, 0, 0, 0, 0, 0, 0, 0, 0, 0, 0, 1, 0, 0, 0, 0, 0, 0, 0, 0, 0, 0, 0, 0, 0, 0, 0, 0, 0
Screen-Shot-2023-07-16-at-11-56-16-PM_png_jpg.rf.3ee170dc2815967fade6c5117a7f9cbe.jpg, 0, 0, 0, 0, 0, 0, 0, 1, 0, 0, 0, 0, 0, 0, 0, 0, 0, 0, 0, 0, 0, 0, 0, 0, 0, 0, 0, 0, 0, 0
c1-JPG10whs_jpg.rf.3ebcae49a0d43f5949f6351aa960ad3a.jpg, 0, 0, 0, 1, 0, 0, 0, 0, 0, 0, 0, 0, 0, 0, 0, 0, 0, 0, 0, 0, 0, 0, 0, 0, 0, 0, 0, 0, 0, 0
r1-JPG18dim_jpg.rf.3e98c88411f6cb49b70d39654711bb42.jpg, 0, 0, 0, 0, 0, 0, 0, 0, 0, 0, 0, 0, 0, 0, 0, 0, 0, 0, 0, 0, 0, 1, 0, 0, 0, 0, 0, 0, 0, 0
Screen-Shot-2023-07-17-at-12-08-27-AM_png_jpg.rf.3ea1aad56551096ed289f6f7b2b6e15b.jpg, 0, 0, 0, 0, 0, 0, 0, 0, 0, 0, 0, 0, 0, 0, 0, 0, 1, 0, 0, 0, 0, 0, 0, 0, 0, 0, 0, 0, 0, 0
Screen-Shot-2023-07-11-at-12-28-23-PM_png_jpg.rf.3f77295ea60fac31fa2c1f5109d4a29e.jpg, 0, 0, 0, 0, 0, 0, 0, 0, 0, 0, 0, 0, 0, 0, 0, 0, 0, 0, 1, 0, 0, 0, 0, 0, 0, 0, 0, 0, 0, 0
Screen-Shot-2023-07-15-at-11-18-42-PM_png_jpg.rf.3f2a9bc8b2c47e492b907a7f3605922e.jpg, 0, 0, 0, 0, 0, 0, 0, 0, 0, 0, 0, 0, 1, 0, 0, 0, 0, 0, 0, 0, 0, 0, 0, 0, 0, 0, 0, 0, 0, 0
Screen-Shot-2023-07-15-at-11-03-10-PM_png_jpg.rf.3eea69a59f19cac1740ed2432c301b4e.jpg, 0, 0, 0, 0, 0, 1, 0, 0, 0, 0, 0, 0, 0, 0, 0, 0, 0, 0, 0, 0, 0, 0, 0, 0, 0, 0, 0, 0, 0, 0
Screen-Shot-2023-07-15-at-11-10-19-PM_png_jpg.rf.3f9621de5d93ec3378a7f9b815c7edd7.jpg, 0, 0, 0, 0, 0, 0, 0, 0, 0, 1, 0, 0, 0, 0, 0, 0, 0, 0, 0, 0, 0, 0, 0, 0, 0, 0, 0, 0, 0, 0
Screen-Shot-2023-07-17-at-12-12-43-AM_png_jpg.rf.3ee61a53af039907b4eacd11c1a6fb5a.jpg, 0, 0, 0, 0, 0, 0, 0, 0, 0, 0, 0, 0, 0, 0, 0, 0, 0, 0, 0, 0, 0, 0, 0, 1, 0, 0, 0, 0, 0, 0
Screen-Shot-2023-07-16-at-12-02-54-AM_png_jpg.rf.3ff5b921da2748d68efbf7c5e8ddc454.jpg, 0, 0, 0, 0, 0, 0, 0, 0, 0, 0, 0, 0, 0, 0, 0, 0, 0, 0, 0, 0, 0, 0, 0, 0, 0, 0, 0, 0, 0, 1
s1-JPG3whs_jpg.rf.3f496a74e907e7cfd843b23fdbc4f8ba.jpg, 0, 0, 0, 0, 0, 0, 0, 0, 0, 0, 0, 0, 0, 0, 0, 0, 0, 0, 0, 0, 0, 0, 1, 0, 0, 0, 0, 0, 0, 0
Screen-Shot-2023-07-16-at-11-47-52-PM_png_jpg.rf.3f4fdf2020044306a8225f6108d4bd26.jpg, 0, 0, 1, 0, 0, 0, 0, 0, 0, 0, 0, 0, 0, 0, 0, 0, 0, 0, 0, 0, 0, 0, 0, 0, 0, 0, 0, 0, 0, 0
Screen-Shot-2023-07-15-at-11-00-27-PM_png.rf.3fb56625f356a63a28d1054d9831cf15.jpg, 0, 0, 0, 1, 0, 0, 0, 0, 0, 0, 0, 0, 0, 0, 0, 0, 0, 0, 0, 0, 0, 0, 0, 0, 0, 0, 0, 0, 0, 0
Screen-Shot-2023-07-16-at-12-01-23-AM_png_jpg.rf.3fec1b6a0ee87232c323ae49815f84a5.jpg, 0, 0, 0, 0, 0, 0, 0, 0, 0, 0, 0, 0, 0, 0, 0, 0, 0, 0, 0, 0, 0, 0, 0, 0, 0, 0, 0, 0, 1, 0
Screen-Shot-2023-07-17-at-12-18-20-AM_png.rf.3fae5e5da7c12a4721f682c6518a3163.jpg, 0, 0, 0, 0, 0, 0, 0, 0, 0, 0, 0, 0, 0, 0, 0, 0, 0, 0, 0, 0, 0, 0, 0, 0, 0, 0, 0, 0, 0, 1
f1-JPG3whs_jpg.rf.3fed485ecaa19c6efbc26fb6b309bd57.jpg, 0, 0, 0, 0, 0, 0, 0, 1, 0, 0, 0, 0, 0, 0, 0, 0, 0, 0, 0, 0, 0, 0, 0, 0, 0, 0, 0, 0, 0, 0
b1-JPG9rot_jpg.rf.40244b808979dd6dccb35e73175a3b3a.jpg, 1, 0, 0, 0, 0, 0, 0, 0, 0, 0, 0, 0, 0, 0, 0, 0, 0, 0, 0, 0, 0, 0, 0, 0, 0, 0, 0, 0, 0, 0
h1-JPG18whs_jpg.rf.4042aa35abb7e691c2e6a4bf05de3cf8.jpg, 0, 0, 0, 0, 0, 0, 0, 0, 0, 1, 0, 0, 0, 0, 0, 0, 0, 0, 0, 0, 0, 0, 0, 0, 0, 0, 0, 0, 0, 0
o1-JPG15rot_jpg.rf.3f74a0a85f3117a7b02d9ba05351f2ad.jpg, 0, 0, 0, 0, 0, 0, 0, 0, 0, 0, 0, 0, 0, 0, 0, 0, 1, 0, 0, 0, 0, 0, 0, 0, 0, 0, 0, 0, 0, 0
Screen-Shot-2023-07-15-at-11-55-44-PM_png_jpg.rf.409734bfb3dd1f9dd8812ec393897d2b.jpg, 0, 0, 0, 0, 0, 0, 0, 0, 0, 0, 0, 0, 0, 0, 0, 0, 0, 0, 0, 0, 0, 0, 0, 0, 0, 1, 0, 0, 0, 0
Screen-Shot-2023-07-17-at-12-18-50-AM_png_jpg.rf.402b67caf3fc5f2a2b89063397b74d96.jpg, 0, 0, 0, 0, 0, 0, 0, 0, 0, 0, 0, 0, 0, 0, 0, 0, 0, 0, 0, 0, 0, 0, 0, 0, 0, 0, 0, 0, 0, 1
Screen-Shot-2023-07-15-at-11-56-54-PM_png_jpg.rf.402c0ca7683e7bea00390609bfcf7e44.jpg, 0, 0, 0, 0, 0, 0, 0, 0, 0, 0, 0, 0, 0, 0, 0, 0, 0, 0, 0, 0, 0, 0, 0, 0, 0, 0, 1, 0, 0, 0
Screen-Shot-2023-07-15-at-11-41-08-PM-copy-2_png_jpg.rf.403a4ced9fd87537d88e44fd9b618ca0.jpg, 0, 0, 0, 0, 0, 0, 0, 0, 0, 0, 0, 0, 0, 0, 0, 0, 0, 0, 0, 0, 0, 1, 0, 0, 0, 0, 0, 0, 0, 0
d1-JPG1rot_jpg.rf.4084ba801442778c247ad9200ef8c64f.jpg, 1, 0, 0, 0, 0, 0, 0, 0, 0, 0, 0, 0, 0, 0, 0, 0, 0, 0, 0, 0, 0, 0, 0, 0, 0, 0, 0, 0, 0, 0
Screen-Shot-2023-07-16-at-11-42-48-PM_png_jpg.rf.40c194e90c44d3f046c0f77443862969.jpg, 0, 1, 0, 0, 0, 0, 0, 0, 0, 0, 0, 0, 0, 0, 0, 0, 0, 0, 0, 0, 0, 0, 0, 0, 0, 0, 0, 0, 0, 0
Screen-Shot-2023-07-16-at-12-05-20-AM_png_jpg.rf.407cba9ec737cdf3a19a6857e754e91f.jpg, 0, 0, 0, 0, 1, 0, 0, 0, 0, 0, 0, 0, 0, 0, 0, 0, 0, 0, 0, 0, 0, 0, 0, 0, 0, 0, 0, 0, 0, 0
Screen-Shot-2023-07-11-at-12-28-38-PM_png_jpg.rf.407e783fbd5c9010750d87d395b72d97.jpg, 0, 0, 0, 0, 1, 0, 0, 0, 0, 0, 0, 0, 0, 0, 0, 0, 0, 0, 0, 0, 0, 0, 0, 0, 0, 0, 0, 0, 0, 0
d1-JPG14rot_jpg.rf.40960be254d0065b97c57e1598040d7a.jpg, 0, 0, 0, 0, 0, 1, 0, 0, 0, 0, 0, 0, 0, 0, 0, 0, 0, 0, 0, 0, 0, 0, 0, 0, 0, 0, 0, 0, 0, 0
Screen-Shot-2023-07-15-at-11-19-57-PM_png.rf.4108f7d7145479082deb42d8309914cf.jpg, 0, 0, 0, 0, 0, 0, 0, 0, 0, 0, 0, 0, 0, 1, 0, 0, 0, 0, 0, 0, 0, 0, 0, 0, 0, 0, 0, 0, 0, 0
Screen-Shot-2023-07-17-at-12-20-55-AM_png_jpg.rf.40f67af4551b77156bac9f5076a3d031.jpg, 0, 0, 0, 0, 0, 0, 0, 0, 0, 0, 0, 0, 0, 0, 0, 0, 0, 0, 1, 0, 0, 0, 0, 0, 0, 0, 0, 0, 0, 0
Screen-Shot-2023-07-15-at-10-48-38-PM-copy-2_png_jpg.rf.3fdbdc88cb91e5d62218d15ba42730d2.jpg, 0, 0, 0, 0, 0, 0, 1, 0, 0, 0, 0, 0, 0, 0, 0, 0, 0, 0, 0, 0, 0, 0, 0, 0, 0, 0, 0, 0, 0, 0
Screen-Shot-2023-07-17-at-12-22-44-AM_png_jpg.rf.40d1a269124b5e7c635cd6cdb31c59d9.jpg, 0, 0, 0, 0, 0, 0, 0, 0, 0, 0, 0, 0, 0, 0, 0, 0, 0, 0, 0, 0, 1, 0, 0, 0, 0, 0, 0, 0, 0, 0
Screen-Shot-2023-07-16-at-12-16-08-PM_png_jpg.rf.40b9862c5aeb922420a1ad4396c0092f.jpg, 0, 0, 0, 0, 0, 0, 0, 0, 0, 0, 0, 0, 0, 0, 0, 0, 0, 0, 1, 0, 0, 0, 0, 0, 0, 0, 0, 0, 0, 0
Screen-Shot-2023-07-16-at-12-02-54-AM_png_jpg.rf.40e9b3c82f03fc35b5d3f07629b3969f.jpg, 0, 0, 0, 0, 0, 0, 0, 0, 0, 0, 0, 0, 0, 0, 0, 0, 0, 0, 0, 0, 0, 0, 0, 0, 0, 0, 0, 0, 0, 1
Screen-Shot-2023-07-17-at-12-19-19-AM_png.rf.412daa801ff13cf04240637158cdd9bc.jpg, 0, 0, 0, 0, 1, 0, 0, 0, 0, 0, 0, 0, 0, 0, 0, 0, 0, 0, 0, 0, 0, 0, 0, 0, 0, 0, 0, 0, 0, 0
Screen-Shot-2023-07-17-at-12-15-33-AM_png_jpg.rf.4190466772f37414e3c8470a89e2f8d1.jpg, 0, 0, 0, 0, 0, 0, 0, 0, 0, 0, 0, 0, 0, 0, 0, 0, 0, 0, 0, 0, 0, 0, 0, 0, 0, 0, 1, 0, 0, 0
n1-JPG3dim_jpg.rf.415ccff15b0370740b32625266e7a462.jpg, 0, 0, 0, 0, 0, 0, 0, 0, 0, 0, 0, 0, 0, 0, 0, 1, 0, 0, 0, 0, 0, 0, 0, 0, 0, 0, 0, 0, 0, 0
t1-JPG15whs_jpg.rf.407d24e904ee31f66eb9eba7d9a1bffd.jpg, 0, 0, 0, 0, 0, 0, 0, 0, 0, 0, 0, 0, 0, 0, 0, 0, 0, 0, 0, 0, 0, 0, 0, 1, 0, 0, 0, 0, 0, 0
b1-JPG18whs_jpg.rf.420671ea0ae96170adab96ce142322da.jpg, 0, 0, 1, 0, 0, 0, 0, 0, 0, 0, 0, 0, 0, 0, 0, 0, 0, 0, 0, 0, 0, 0, 0, 0, 0, 0, 0, 0, 0, 0
Screen-Shot-2023-07-15-at-11-40-08-PM_png_jpg.rf.4180cc25a167b91ac03c63d7f9717c81.jpg, 0, 0, 0, 0, 0, 0, 0, 0, 0, 0, 0, 0, 0, 0, 0, 0, 0, 0, 0, 0, 0, 1, 0, 0, 0, 0, 0, 0, 0, 0
Screen-Shot-2023-07-15-at-11-40-08-PM_png_jpg.rf.40cb24b16b622ba69d8b0b48680dde9a.jpg, 0, 0, 0, 0, 0, 0, 0, 0, 0, 0, 0, 0, 0, 0, 0, 0, 0, 0, 0, 0, 0, 1, 0, 0, 0, 0, 0, 0, 0, 0
Screen-Shot-2023-07-15-at-11-46-20-PM_png_jpg.rf.41dd90a785b974ba1a54ab75974eff11.jpg, 0, 0, 0, 0, 0, 0, 0, 0, 0, 0, 0, 0, 0, 0, 0, 0, 0, 0, 0, 0, 0, 0, 0, 1, 0, 0, 0, 0, 0, 0
Screen-Shot-2023-07-17-at-12-17-57-AM_png_jpg.rf.415af63252c456a01b055541e499cf1c.jpg, 0, 0, 0, 0, 0, 0, 0, 0, 0, 0, 0, 0, 0, 0, 0, 0, 0, 0, 0, 0, 0, 0, 0, 0, 0, 0, 0, 0, 1, 0
Screen-Shot-2023-07-15-at-11-47-30-PM_png_jpg.rf.411a22f4208d0f0e013d1f0c7d76a1cf.jpg, 0, 0, 0, 0, 0, 0, 0, 0, 0, 0, 0, 0, 0, 0, 0, 0, 0, 0, 0, 0, 0, 0, 0, 1, 0, 0, 0, 0, 0, 0
Screen-Shot-2023-07-15-at-10-54-32-PM_png_jpg.rf.41dedbe2f6f12faea0f6e4c2378a360b.jpg, 0, 1, 0, 0, 0, 0, 0, 0, 0, 0, 0, 0, 0, 0, 0, 0, 0, 0, 0, 0, 0, 0, 0, 0, 0, 0, 0, 0, 0, 0
Screen-Shot-2023-07-16-at-11-52-45-PM_png.rf.41cafd6f7906b8c9faf37a993b739eaa.jpg, 0, 0, 0, 0, 0, 1, 0, 0, 0, 0, 0, 0, 0, 0, 0, 0, 0, 0, 0, 0, 0, 0, 0, 0, 0, 0, 0, 0, 0, 0
Screen-Shot-2023-07-15-at-10-54-05-PM_png_jpg.rf.4225c4e868e0b754f2d3261c66c37cf4.jpg, 0, 0, 0, 0, 0, 0, 0, 1, 0, 0, 0, 0, 0, 0, 0, 0, 0, 0, 0, 0, 0, 0, 0, 0, 0, 0, 0, 0, 0, 0
Screen-Shot-2023-07-15-at-11-05-20-PM_png_jpg.rf.4271fc0959fe4d9b6a49346903ca60a9.jpg, 0, 0, 0, 0, 0, 0, 1, 0, 0, 0, 0, 0, 0, 0, 0, 0, 0, 0, 0, 0, 0, 0, 0, 0, 0, 0, 0, 0, 0, 0
Screen-Shot-2023-07-15-at-11-59-35-PM_png_jpg.rf.4228a22712fa1f1bc644c6640fb4f8cc.jpg, 0, 0, 0, 0, 0, 0, 0, 0, 0, 0, 0, 0, 0, 0, 0, 0, 0, 0, 0, 0, 0, 0, 0, 0, 0, 0, 0, 1, 0, 0
v1-JPG9rot_jpg.rf.410c5a5aee8cc3eb30b034bdfdf0c8f0.jpg, 0, 0, 0, 0, 0, 0, 0, 0, 0, 0, 0, 0, 0, 0, 0, 0, 0, 0, 0, 0, 0, 0, 0, 0, 0, 1, 0, 0, 0, 0
Screen-Shot-2023-07-15-at-11-27-07-PM_png_jpg.rf.424070e0b285c3de0eab3e10782560d2.jpg, 0, 0, 0, 0, 0, 0, 0, 0, 0, 0, 0, 0, 0, 0, 0, 1, 0, 0, 0, 0, 0, 0, 0, 0, 0, 0, 0, 0, 0, 0
s1-JPG10rot_jpg.rf.42dce6809e095dc060193a8de55d2a25.jpg, 0, 0, 0, 0, 0, 0, 0, 0, 0, 0, 0, 0, 0, 0, 0, 0, 0, 0, 0, 0, 0, 1, 1, 0, 0, 0, 0, 0, 0, 0
z1-JPG10rot_jpg.rf.425d4172b8713c8341018086399fe532.jpg, 0, 0, 0, 0, 0, 0, 0, 0, 0, 0, 0, 0, 0, 0, 0, 0, 0, 0, 0, 0, 0, 0, 0, 0, 0, 0, 0, 0, 0, 1
q1-JPG4whs_jpg.rf.42d050cf64038683eb63a9acd29f38c6.jpg, 0, 0, 0, 0, 0, 0, 0, 0, 0, 0, 0, 0, 0, 0, 0, 0, 0, 0, 0, 1, 0, 0, 0, 0, 0, 0, 0, 0, 0, 0
k1-JPG11dim_jpg.rf.42aab1ca6f37215af5b470f27d9845d5.jpg, 0, 0, 0, 0, 0, 0, 0, 0, 0, 0, 0, 0, 1, 0, 0, 0, 0, 0, 0, 0, 0, 0, 0, 0, 0, 0, 0, 0, 0, 0
Screen-Shot-2023-07-17-at-12-03-57-AM_png_jpg.rf.428819198d07cb326c804eb2809df81f.jpg, 0, 0, 0, 0, 0, 0, 0, 0, 0, 0, 0, 0, 0, 1, 0, 0, 0, 0, 0, 0, 0, 0, 0, 0, 0, 0, 0, 0, 0, 0
Screen-Shot-2023-07-17-at-12-11-01-AM_png.rf.42f1f6f8a9810a312059301dbdfab632.jpg, 0, 0, 0, 0, 0, 0, 0, 0, 0, 0, 0, 0, 0, 0, 0, 0, 0, 0, 0, 0, 0, 1, 0, 0, 0, 0, 0, 0, 0, 0
Screen-Shot-2023-07-15-at-11-17-59-PM_png_jpg.rf.4300ab1c9c5c63bd30ad71d3cbb836bc.jpg, 0, 0, 0, 0, 0, 0, 0, 0, 0, 0, 0, 0, 1, 0, 0, 0, 0, 0, 0, 0, 0, 0, 0, 0, 0, 0, 0, 0, 0, 0
u1-JPG12whs_jpg.rf.41955c8b1923ce2d26d19c3c6ee4f17e.jpg, 0, 0, 0, 0, 0, 0, 0, 0, 0, 0, 0, 0, 0, 0, 0, 0, 0, 0, 0, 0, 0, 0, 0, 0, 1, 0, 0, 0, 0, 0
Screen-Shot-2023-07-17-at-12-08-33-AM_png_jpg.rf.43f2c30533b919334d7e2f6cb8584ab8.jpg, 0, 0, 0, 0, 0, 0, 0, 0, 0, 0, 0, 0, 0, 0, 0, 0, 1, 0, 0, 0, 0, 0, 0, 0, 0, 0, 0, 0, 0, 0
Screen-Shot-2023-07-15-at-11-42-20-PM_png_jpg.rf.42fb518b64796b58aa4ef1746e8030e5.jpg, 0, 0, 0, 0, 0, 0, 0, 0, 0, 0, 0, 0, 0, 0, 0, 0, 0, 0, 0, 0, 0, 0, 1, 0, 0, 0, 0, 0, 0, 0
Screen-Shot-2023-07-15-at-11-56-47-PM_png_jpg.rf.4368ad9e9c214d32bf32fa8b25154ee6.jpg, 0, 0, 0, 0, 0, 0, 0, 0, 0, 0, 0, 0, 0, 0, 0, 0, 0, 0, 0, 0, 0, 0, 0, 0, 0, 0, 1, 0, 0, 0
Screen-Shot-2023-07-15-at-11-47-19-PM_png_jpg.rf.41eb98504331c7689cc2ac7732d7bf06.jpg, 0, 0, 0, 0, 0, 0, 0, 0, 0, 0, 0, 0, 0, 0, 0, 0, 0, 0, 0, 0, 0, 0, 0, 1, 0, 0, 0, 0, 0, 0
Screen-Shot-2023-07-17-at-12-17-27-AM_png_jpg.rf.441c2d656de69cfccb900f9c1c70d2f4.jpg, 0, 0, 0, 0, 0, 0, 0, 0, 0, 0, 0, 0, 0, 0, 0, 0, 0, 0, 0, 0, 0, 0, 0, 0, 0, 0, 0, 0, 1, 0
Screen-Shot-2023-07-17-at-12-03-48-AM_png_jpg.rf.4444afbaae4cc216511b27b2edb9fbe1.jpg, 0, 0, 0, 0, 0, 0, 0, 0, 0, 0, 0, 0, 0, 1, 0, 0, 0, 0, 0, 0, 0, 0, 0, 0, 0, 0, 0, 0, 0, 0
Screen-Shot-2023-07-15-at-11-14-31-PM_png_jpg.rf.449bcc888aeb9c9b9081b95895a587d0.jpg, 0, 0, 0, 0, 0, 0, 0, 0, 0, 0, 0, 1, 0, 0, 0, 0, 0, 0, 0, 0, 0, 0, 0, 0, 0, 0, 0, 0, 0, 0
Screen-Shot-2023-07-17-at-12-22-02-AM_png.rf.435bff9c152bb8e6aaadbf330a94679d.jpg, 0, 0, 0, 0, 0, 0, 0, 0, 0, 0, 0, 0, 0, 0, 0, 0, 0, 0, 1, 0, 0, 0, 0, 0, 0, 0, 0, 0, 0, 0
Screen-Shot-2023-07-17-at-12-20-40-AM_png_jpg.rf.44f111015f01c0b0793481c3642e068b.jpg, 0, 0, 0, 0, 1, 0, 0, 0, 0, 0, 0, 0, 0, 0, 0, 0, 0, 0, 0, 0, 0, 0, 0, 0, 0, 0, 0, 0, 0, 0
o1-JPG14rot_jpg.rf.44047361a3dec1e37a188dbb61ce169d.jpg, 0, 0, 0, 0, 0, 0, 0, 0, 0, 0, 0, 0, 0, 0, 0, 0, 1, 0, 0, 0, 0, 0, 0, 0, 0, 0, 0, 0, 0, 0
Screen-Shot-2023-07-15-at-10-54-32-PM_png_jpg.rf.44e38d2be5275110d22377e3cea41687.jpg, 0, 1, 0, 0, 0, 0, 0, 0, 0, 0, 0, 0, 0, 0, 0, 0, 0, 0, 0, 0, 0, 0, 0, 0, 0, 0, 0, 0, 0, 0
e1-JPG16whs_jpg.rf.42a87eef966a4de3b48339c094d5fdd7.jpg, 0, 0, 0, 0, 0, 0, 1, 0, 0, 0, 0, 0, 0, 0, 0, 0, 0, 0, 0, 0, 0, 0, 0, 0, 0, 0, 0, 0, 0, 0
Screen-Shot-2023-07-15-at-11-07-47-PM_png.rf.452c8830166a3a0c224ce1ac51d16a67.jpg, 0, 0, 0, 0, 0, 0, 0, 0, 1, 0, 0, 0, 0, 0, 0, 0, 0, 0, 0, 0, 0, 0, 0, 0, 0, 0, 0, 0, 0, 0
q1-JPG6dim_jpg.rf.43eae8f6a00ed00f075be89bb4a76a50.jpg, 0, 0, 0, 0, 0, 0, 0, 0, 0, 0, 0, 0, 0, 0, 0, 0, 0, 0, 0, 1, 0, 0, 0, 0, 0, 0, 0, 0, 0, 0
Screen-Shot-2023-07-11-at-12-30-24-PM_png_jpg.rf.4377df6a952e117b2419361dc438bb2e.jpg, 0, 0, 0, 0, 0, 0, 0, 0, 0, 0, 0, 0, 0, 0, 0, 0, 0, 0, 0, 0, 1, 0, 0, 0, 0, 0, 0, 0, 0, 0
Screen-Shot-2023-07-15-at-11-16-37-PM_png_jpg.rf.45026d369be944935019ae10af7c50d0.jpg, 0, 0, 0, 0, 0, 0, 0, 0, 0, 0, 0, 1, 0, 0, 0, 0, 0, 0, 0, 0, 0, 0, 0, 0, 0, 0, 0, 0, 0, 0
Screen-Shot-2023-07-15-at-11-27-15-PM_png_jpg.rf.4489f0203bb307767955347d2e09c42e.jpg, 0, 0, 0, 0, 0, 0, 0, 0, 0, 0, 0, 0, 0, 0, 0, 1, 0, 0, 0, 0, 0, 0, 0, 0, 0, 0, 0, 0, 0, 0
Screen-Shot-2023-07-11-at-12-28-38-PM_png_jpg.rf.42cda34313c3031e1219129b049e925d.jpg, 0, 0, 0, 0, 1, 0, 0, 0, 0, 0, 0, 0, 0, 0, 0, 0, 0, 0, 0, 0, 0, 0, 0, 0, 0, 0, 0, 0, 0, 0
Screen-Shot-2023-07-16-at-12-09-08-AM_png_jpg.rf.4391a5191125fbcac38e152eb197d998.jpg, 0, 0, 0, 0, 0, 0, 0, 0, 0, 0, 0, 0, 0, 0, 0, 0, 0, 0, 0, 0, 1, 0, 0, 0, 0, 0, 0, 0, 0, 0
Screen-Shot-2023-07-15-at-10-59-56-PM_png_jpg.rf.45cb7b86e29aa5d4f70f0fccea8f7ab2.jpg, 0, 0, 1, 0, 0, 0, 0, 0, 0, 0, 0, 0, 0, 0, 0, 0, 0, 0, 0, 0, 0, 0, 0, 0, 0, 0, 0, 0, 0, 0
Screen-Shot-2023-07-16-at-12-01-49-AM_png_jpg.rf.4572e54b794ca5fffcdbe452f61f8d7d.jpg, 0, 0, 0, 0, 0, 0, 0, 0, 0, 0, 0, 0, 0, 0, 0, 0, 0, 0, 0, 0, 0, 0, 0, 0, 0, 0, 0, 0, 1, 0
Screen-Shot-2023-07-17-at-12-00-26-AM_png_jpg.rf.4571c344194f42dccd86125663d346d2.jpg, 0, 0, 0, 0, 0, 0, 0, 0, 0, 0, 1, 0, 0, 0, 0, 0, 0, 0, 0, 0, 0, 0, 0, 0, 0, 0, 0, 0, 0, 0
z1-JPG14dim_jpg.rf.464691d3a0cdfe1a007d4c65636b8fd5.jpg, 0, 0, 0, 0, 0, 0, 0, 0, 0, 0, 0, 0, 0, 0, 0, 0, 0, 0, 0, 0, 0, 0, 0, 0, 0, 0, 0, 0, 0, 1
Screen-Shot-2023-07-17-at-12-16-13-AM_png_jpg.rf.45e03c98cf8ee76ce4d4bcb98aa24452.jpg, 0, 0, 0, 0, 0, 0, 0, 0, 0, 0, 0, 0, 0, 0, 0, 0, 0, 0, 0, 0, 0, 0, 0, 0, 0, 0, 0, 1, 0, 0
Screen-Shot-2023-07-17-at-12-02-24-AM_png_jpg.rf.45fcc60b2e239be2c934bc7ee1ebf322.jpg, 0, 0, 0, 0, 0, 0, 0, 0, 0, 0, 0, 0, 1, 0, 0, 0, 0, 0, 0, 0, 0, 0, 0, 0, 0, 0, 0, 0, 0, 0
Screen-Shot-2023-07-17-at-12-22-39-AM_png_jpg.rf.4504d3227ded78da88080b449ab289cd.jpg, 0, 0, 0, 0, 0, 0, 0, 0, 0, 0, 0, 0, 0, 0, 0, 0, 0, 0, 0, 0, 1, 0, 0, 0, 0, 0, 0, 0, 0, 0
Screen-Shot-2023-07-15-at-11-32-26-PM_png_jpg.rf.4575dfdc62199467ad6cd6e32a502034.jpg, 0, 0, 0, 0, 0, 0, 0, 0, 0, 0, 0, 0, 0, 0, 0, 0, 1, 0, 0, 0, 0, 0, 0, 0, 0, 0, 0, 0, 0, 0
Screen-Shot-2023-07-17-at-12-18-50-AM_png_jpg.rf.466719eba687581f7fdabdeeaa508fb5.jpg, 0, 0, 0, 0, 0, 0, 0, 0, 0, 0, 0, 0, 0, 0, 0, 0, 0, 0, 0, 0, 0, 0, 0, 0, 0, 0, 0, 0, 0, 1
Screen-Shot-2023-07-17-at-12-11-01-AM_png_jpg.rf.45edc79441e63dae94495fbf333fba07.jpg, 0, 0, 0, 0, 0, 0, 0, 0, 0, 0, 0, 0, 0, 0, 0, 0, 0, 0, 0, 0, 0, 1, 0, 0, 0, 0, 0, 0, 0, 0
Screen-Shot-2023-07-15-at-11-23-10-PM-copy_png_jpg.rf.443bbf45fe2679d371d5f78a1b327b45.jpg, 0, 0, 0, 0, 0, 0, 0, 0, 0, 0, 0, 0, 0, 0, 1, 0, 0, 0, 0, 0, 0, 0, 0, 0, 0, 0, 0, 0, 0, 0
u1-JPG19whs_jpg.rf.46c88076365bac393948624f92e1b739.jpg, 0, 0, 0, 0, 0, 0, 0, 0, 0, 0, 0, 0, 0, 0, 0, 0, 0, 0, 0, 0, 0, 0, 0, 0, 1, 0, 0, 0, 0, 0
Screen-Shot-2023-07-15-at-11-57-57-PM_png_jpg.rf.46eb293f71ff1b091b18e0dcb01fd643.jpg, 0, 0, 0, 0, 0, 0, 0, 0, 0, 0, 0, 0, 0, 0, 0, 0, 0, 0, 0, 0, 0, 0, 0, 0, 0, 0, 1, 0, 0, 0
j1-JPG11rot_jpg.rf.460df23b3868290790bb7a7a54cd263a.jpg, 0, 0, 0, 0, 0, 0, 0, 0, 0, 0, 0, 1, 0, 0, 0, 0, 0, 0, 0, 0, 0, 0, 0, 0, 0, 0, 0, 0, 0, 0
Screen-Shot-2023-07-16-at-12-15-42-PM_png.rf.4752c472624d49bdcd0c916a36d4429c.jpg, 0, 0, 0, 0, 0, 0, 0, 0, 0, 0, 0, 0, 0, 0, 0, 0, 0, 0, 1, 0, 0, 0, 0, 0, 0, 0, 0, 0, 0, 0
Screen-Shot-2023-07-16-at-12-08-18-AM_png_jpg.rf.470c99cf13b311b08f3569c478794ce6.jpg, 0, 0, 0, 0, 0, 0, 0, 0, 0, 0, 0, 0, 0, 0, 0, 0, 0, 0, 0, 0, 1, 0, 0, 0, 0, 0, 0, 0, 0, 0
Screen-Shot-2023-07-15-at-11-01-18-PM_png_jpg.rf.46e9a29663d67c4225ccdb5dbcbc42b1.jpg, 0, 0, 0, 1, 0, 0, 0, 0, 0, 0, 0, 0, 0, 0, 0, 0, 0, 0, 0, 0, 0, 0, 0, 0, 0, 0, 0, 0, 0, 0
Screen-Shot-2023-07-11-at-12-28-38-PM_png_jpg.rf.44233133c33a14cde3048c54bacddf1c.jpg, 0, 0, 0, 0, 1, 0, 0, 0, 0, 0, 0, 0, 0, 0, 0, 0, 0, 0, 0, 0, 0, 0, 0, 0, 0, 0, 0, 0, 0, 0
Screen-Shot-2023-07-16-at-11-55-31-PM-copy_png_jpg.rf.46aa5d19d770596257442270f4983ecd.jpg, 0, 0, 0, 0, 0, 0, 0, 1, 0, 0, 0, 0, 0, 0, 0, 0, 0, 0, 0, 0, 0, 0, 0, 0, 0, 0, 0, 0, 0, 0
Screen-Shot-2023-07-11-at-12-30-24-PM_png_jpg.rf.470616547d586dbe2a74cf3b0be54611.jpg, 0, 0, 0, 0, 0, 0, 0, 0, 0, 0, 0, 0, 0, 0, 0, 0, 0, 0, 0, 0, 1, 0, 0, 0, 0, 0, 0, 0, 0, 0
a1-JPG14dim_jpg.rf.468554b2ca8aae50899a367ec45348ba.jpg, 0, 1, 0, 0, 0, 0, 0, 0, 0, 0, 0, 0, 0, 0, 0, 0, 0, 0, 0, 0, 0, 0, 0, 0, 0, 0, 0, 0, 0, 0
Screen-Shot-2023-07-17-at-12-18-20-AM_png_jpg.rf.45515710e98f492c35e3edcc6b5ae04d.jpg, 0, 0, 0, 0, 0, 0, 0, 0, 0, 0, 0, 0, 0, 0, 0, 0, 0, 0, 0, 0, 0, 0, 0, 0, 0, 0, 0, 0, 0, 1
Screen-Shot-2023-07-11-at-12-28-23-PM_png_jpg.rf.471768cf861ad17a27feb220f99d25cc.jpg, 0, 0, 0, 0, 0, 0, 0, 0, 0, 0, 0, 0, 0, 0, 0, 0, 0, 0, 1, 0, 0, 0, 0, 0, 0, 0, 0, 0, 0, 0
Screen-Shot-2023-07-15-at-11-12-22-PM_png_jpg.rf.476a3f0a9497bbf8b07907251c122342.jpg, 0, 0, 0, 0, 0, 0, 0, 0, 0, 0, 1, 0, 0, 0, 0, 0, 0, 0, 0, 0, 0, 0, 0, 0, 0, 0, 0, 0, 0, 0
Screen-Shot-2023-07-16-at-12-00-48-AM_png_jpg.rf.47ac324dc27b1a346c149c2139bb9f0e.jpg, 0, 0, 0, 0, 0, 0, 0, 0, 0, 0, 0, 0, 0, 0, 0, 0, 0, 0, 0, 0, 0, 0, 0, 0, 0, 0, 0, 0, 1, 0
Screen-Shot-2023-07-17-at-12-18-54-AM_png_jpg.rf.47c9398a48d451dde0ff4ecc8d478027.jpg, 0, 0, 0, 0, 0, 0, 0, 0, 0, 0, 0, 0, 0, 0, 0, 0, 0, 0, 0, 0, 0, 0, 0, 0, 0, 0, 0, 0, 0, 1
Screen-Shot-2023-07-17-at-12-10-51-AM_png_jpg.rf.47b81bed12d06c17881df6f656e708d1.jpg, 0, 0, 0, 0, 0, 0, 0, 0, 0, 0, 0, 0, 0, 0, 0, 0, 0, 0, 0, 0, 0, 1, 0, 0, 0, 0, 0, 0, 0, 0
Screen-Shot-2023-07-17-at-12-07-43-AM_png.rf.4804cb3c3a502a895a3f874d9bd8757f.jpg, 0, 0, 0, 0, 0, 0, 0, 0, 0, 0, 0, 0, 0, 0, 0, 1, 0, 0, 0, 0, 0, 0, 0, 0, 0, 0, 0, 0, 0, 0
Screen-Shot-2023-07-16-at-11-50-15-PM_png_jpg.rf.4804832835c21570c15bb1382f0ff658.jpg, 0, 0, 0, 1, 0, 0, 0, 0, 0, 0, 0, 0, 0, 0, 0, 0, 0, 0, 0, 0, 0, 0, 0, 0, 0, 0, 0, 0, 0, 0
Screen-Shot-2023-07-17-at-12-02-24-AM_png_jpg.rf.47eb002271830d681db69af1f1c47cd6.jpg, 0, 0, 0, 0, 0, 0, 0, 0, 0, 0, 0, 0, 1, 0, 0, 0, 0, 0, 0, 0, 0, 0, 0, 0, 0, 0, 0, 0, 0, 0
Screen-Shot-2023-07-17-at-12-11-51-AM_png.rf.47b0bd1dbbacaee17b21bd6c05804cc8.jpg, 0, 0, 0, 0, 0, 0, 0, 0, 0, 0, 0, 0, 0, 0, 0, 0, 0, 0, 0, 0, 0, 0, 1, 0, 0, 0, 0, 0, 0, 0
Screen-Shot-2023-07-15-at-11-29-05-PM_png_jpg.rf.489edca49f818fb581ec1bb500b21e47.jpg, 0, 0, 0, 0, 0, 0, 0, 0, 0, 0, 0, 0, 0, 0, 0, 0, 1, 0, 0, 0, 0, 0, 0, 0, 0, 0, 0, 0, 0, 0
Screen-Shot-2023-07-16-at-12-00-58-AM_png.rf.4885eedb30823ea615a6d41608cee959.jpg, 0, 0, 0, 0, 0, 0, 0, 0, 0, 0, 0, 0, 0, 0, 0, 0, 0, 0, 0, 0, 0, 0, 0, 0, 0, 0, 0, 0, 1, 0
Screen-Shot-2023-07-15-at-11-12-22-PM_png_jpg.rf.4553c71355e4df7349451b4045e415cc.jpg, 0, 0, 0, 0, 0, 0, 0, 0, 0, 0, 1, 0, 0, 0, 0, 0, 0, 0, 0, 0, 0, 0, 0, 0, 0, 0, 0, 0, 0, 0
y1-JPG6whs_jpg.rf.485d1a30c1a54d89cf9eafeb271a3925.jpg, 0, 0, 0, 0, 0, 0, 0, 0, 0, 0, 0, 0, 0, 0, 0, 0, 0, 0, 0, 0, 0, 0, 0, 0, 0, 0, 0, 0, 1, 0
Screen-Shot-2023-07-16-at-12-01-49-AM_png_jpg.rf.48a0d1550b7f3a3facbdf0fb270c91f9.jpg, 0, 0, 0, 0, 0, 0, 0, 0, 0, 0, 0, 0, 0, 0, 0, 0, 0, 0, 0, 0, 0, 0, 0, 0, 0, 0, 0, 0, 1, 0
Screen-Shot-2023-07-17-at-12-01-12-AM_png_jpg.rf.4893358488ff1e3c4bc851fca82f8f14.jpg, 0, 0, 0, 0, 0, 0, 0, 0, 0, 0, 0, 1, 0, 0, 0, 0, 0, 0, 0, 0, 0, 0, 0, 0, 0, 0, 0, 0, 0, 0
Screen-Shot-2023-07-17-at-12-08-48-AM_png_jpg.rf.48bbec20c680b9c6404c05617848717f.jpg, 0, 0, 0, 0, 0, 0, 0, 0, 0, 0, 0, 0, 0, 0, 0, 0, 0, 1, 0, 0, 0, 0, 0, 0, 0, 0, 0, 0, 0, 0
Screen-Shot-2023-07-17-at-12-18-38-AM_png_jpg.rf.49315ded7a63d66b8b90ee9ee2b5413b.jpg, 0, 0, 0, 0, 0, 0, 0, 0, 0, 0, 0, 0, 0, 0, 0, 0, 0, 0, 0, 0, 0, 0, 0, 0, 0, 0, 0, 0, 0, 1
Screen-Shot-2023-07-17-at-12-05-50-AM_png_jpg.rf.468e17667e0c594b4639a82d94e6d260.jpg, 0, 0, 0, 0, 0, 0, 0, 0, 0, 0, 0, 0, 0, 0, 1, 0, 0, 0, 0, 0, 0, 0, 0, 0, 0, 0, 0, 0, 0, 0
Screen-Shot-2023-07-15-at-10-58-39-PM_png_jpg.rf.496515cacea4ac1012dfc80fbab81a5a.jpg, 0, 0, 1, 0, 0, 0, 0, 0, 0, 0, 0, 0, 0, 0, 0, 0, 0, 0, 0, 0, 0, 0, 0, 0, 0, 0, 0, 0, 0, 0
a1-JPG1rot_jpg.rf.48dc4499201af6425a471c56711154e8.jpg, 0, 1, 0, 0, 0, 0, 0, 0, 0, 0, 0, 0, 0, 0, 0, 0, 0, 0, 0, 0, 0, 0, 0, 0, 0, 0, 0, 0, 0, 0
g1-JPG4whs_jpg.rf.48fc79de8974b51c9a24fb993d7a5c64.jpg, 1, 0, 0, 0, 0, 0, 0, 0, 0, 0, 0, 0, 0, 0, 0, 0, 0, 0, 0, 0, 0, 0, 0, 0, 0, 0, 0, 0, 0, 0
d1-JPG7rot_jpg.rf.49754d1e4e2e8780238e968513a0f8dc.jpg, 0, 0, 0, 0, 0, 1, 0, 0, 0, 0, 0, 0, 0, 0, 0, 0, 0, 0, 0, 0, 0, 0, 0, 0, 0, 0, 0, 0, 0, 0
Screen-Shot-2023-07-16-at-12-12-31-AM_png_jpg.rf.48e26b7ec38561a2e308186e61e04de7.jpg, 0, 0, 0, 0, 0, 0, 0, 0, 0, 0, 0, 0, 0, 0, 0, 0, 0, 0, 0, 0, 1, 0, 0, 0, 0, 0, 0, 0, 0, 0
Screen-Shot-2023-07-16-at-11-54-52-PM_png_jpg.rf.48e0504de0b518dc7c40a22e0f4fbf8d.jpg, 0, 0, 0, 0, 0, 0, 1, 0, 0, 0, 0, 0, 0, 0, 0, 0, 0, 0, 0, 0, 0, 0, 0, 0, 0, 0, 0, 0, 0, 0
k1-JPG2rot_jpg.rf.49819271b71c61a33b271db504e424e0.jpg, 0, 0, 0, 0, 0, 0, 0, 0, 0, 0, 0, 0, 1, 0, 0, 0, 0, 0, 0, 0, 0, 0, 0, 0, 0, 0, 0, 0, 0, 0
Screen-Shot-2023-07-15-at-11-55-50-PM_png_jpg.rf.4933449c8bc1956a821c733e50145ba1.jpg, 0, 0, 0, 0, 0, 0, 0, 0, 0, 0, 0, 0, 0, 0, 0, 0, 0, 0, 0, 0, 0, 0, 0, 0, 0, 1, 0, 0, 0, 0
Screen-Shot-2023-07-17-at-12-11-01-AM_png_jpg.rf.46622cd5c8c5df07d04530fbab9d535c.jpg, 0, 0, 0, 0, 0, 0, 0, 0, 0, 0, 0, 0, 0, 0, 0, 0, 0, 0, 0, 0, 0, 1, 0, 0, 0, 0, 0, 0, 0, 0
e1-JPG13whs_jpg.rf.49ae16232596d4df74cb631598722013.jpg, 0, 0, 0, 0, 0, 0, 1, 0, 0, 0, 0, 0, 0, 0, 0, 0, 0, 0, 0, 0, 0, 0, 0, 0, 0, 0, 0, 0, 0, 0
Screen-Shot-2023-07-16-at-12-09-52-AM_png_jpg.rf.498ffe7e42f0630aced8b51f6ae46175.jpg, 0, 0, 0, 0, 0, 0, 0, 0, 0, 0, 0, 0, 0, 0, 0, 0, 0, 0, 0, 0, 1, 0, 0, 0, 0, 0, 0, 0, 0, 0
Screen-Shot-2023-07-17-at-12-17-35-AM_png_jpg.rf.49a01d576bf1e0d75e3103a4c61c6483.jpg, 0, 0, 0, 0, 0, 0, 0, 0, 0, 0, 0, 0, 0, 0, 0, 0, 0, 0, 0, 0, 0, 0, 0, 0, 0, 0, 0, 0, 1, 0
Screen-Shot-2023-07-17-at-12-22-53-AM_png_jpg.rf.4990ebab778734f3c27937022d498324.jpg, 0, 0, 0, 0, 0, 0, 0, 0, 0, 0, 0, 0, 0, 0, 0, 0, 0, 0, 0, 0, 1, 0, 0, 0, 0, 0, 0, 0, 0, 0
Screen-Shot-2023-07-15-at-10-50-51-PM_png_jpg.rf.49bba65ea48b89ca9ff95615bd5e00ba.jpg, 0, 0, 0, 0, 0, 0, 0, 1, 0, 0, 0, 0, 0, 0, 0, 0, 0, 0, 0, 0, 0, 0, 0, 0, 0, 0, 0, 0, 0, 0
Screen-Shot-2023-07-15-at-11-10-00-PM_png_jpg.rf.49a37aa6d202a4352f86585917f4ca55.jpg, 0, 0, 0, 0, 0, 0, 0, 0, 0, 1, 0, 0, 0, 0, 0, 0, 0, 0, 0, 0, 0, 0, 0, 0, 0, 0, 0, 0, 0, 0
q1-JPG4dim_jpg.rf.49724484228bd9015fd5dc3764aade5b.jpg, 0, 0, 0, 0, 0, 0, 0, 0, 0, 0, 0, 0, 0, 0, 0, 0, 0, 0, 0, 1, 0, 0, 0, 0, 0, 0, 0, 0, 0, 0
Screen-Shot-2023-07-15-at-10-54-32-PM_png_jpg.rf.49f06580d7b34371f44ffb3ae2695de1.jpg, 0, 1, 0, 0, 0, 0, 0, 0, 0, 0, 0, 0, 0, 0, 0, 0, 0, 0, 0, 0, 0, 0, 0, 0, 0, 0, 0, 0, 0, 0
Screen-Shot-2023-07-15-at-11-20-36-PM_png_jpg.rf.48105e01c02336af0e7bf1bb01777bca.jpg, 0, 0, 0, 0, 0, 0, 0, 0, 0, 0, 0, 0, 0, 1, 0, 0, 0, 0, 0, 0, 0, 0, 0, 0, 0, 0, 0, 0, 0, 0
Screen-Shot-2023-07-15-at-11-35-07-PM_png_jpg.rf.474c0607e9ff98173b13131649a9b55a.jpg, 0, 0, 0, 0, 0, 0, 0, 0, 0, 0, 0, 0, 0, 0, 0, 0, 0, 0, 0, 1, 0, 0, 0, 0, 0, 0, 0, 0, 0, 0
a1-JPG7whs_jpg.rf.4a55eddf5692ed6c1f35211fa6b64e10.jpg, 0, 1, 0, 0, 0, 0, 0, 0, 0, 0, 0, 0, 0, 0, 0, 0, 0, 0, 0, 0, 0, 0, 0, 0, 0, 0, 0, 0, 0, 0
n1-JPG4rot_jpg.rf.4a118a14215164dc9d75b299ba4d5b5e.jpg, 0, 0, 0, 0, 0, 0, 0, 0, 0, 0, 0, 0, 0, 0, 0, 1, 0, 0, 0, 0, 0, 0, 0, 0, 0, 0, 0, 0, 0, 0
Screen-Shot-2023-07-16-at-11-52-18-PM_png_jpg.rf.4a00bc1ea8fc7ae0e8d0f6f6643105b8.jpg, 0, 0, 0, 0, 0, 1, 0, 0, 0, 0, 0, 0, 0, 0, 0, 0, 0, 0, 0, 0, 0, 0, 0, 0, 0, 0, 0, 0, 0, 0
Screen-Shot-2023-07-15-at-11-56-54-PM_png_jpg.rf.49fc8d0cd9d51425f6e9646ecc29a20e.jpg, 0, 0, 0, 0, 0, 0, 0, 0, 0, 0, 0, 0, 0, 0, 0, 0, 0, 0, 0, 0, 0, 0, 0, 0, 0, 0, 1, 0, 0, 0
Screen-Shot-2023-07-17-at-12-07-53-AM_png_jpg.rf.48f8f604d27b7fbbbb0d1815cc688981.jpg, 0, 0, 0, 0, 0, 0, 0, 0, 0, 0, 0, 0, 0, 0, 0, 0, 1, 0, 0, 0, 0, 0, 0, 0, 0, 0, 0, 0, 0, 0
Screen-Shot-2023-07-16-at-12-12-25-AM_png_jpg.rf.4b27810ae0e21076570f075963971289.jpg, 0, 0, 0, 0, 0, 0, 0, 0, 0, 0, 0, 0, 0, 0, 0, 0, 0, 0, 0, 0, 1, 0, 0, 0, 0, 0, 0, 0, 0, 0
a1-JPG2rot_jpg.rf.4ab615392400602c481803169599a546.jpg, 1, 0, 0, 0, 0, 0, 0, 0, 0, 0, 0, 0, 0, 0, 0, 0, 0, 0, 0, 0, 0, 0, 0, 0, 0, 0, 0, 0, 0, 0
y1-JPG15rot_jpg.rf.4afd222ff4a675eb94b35d1767b02cf5.jpg, 0, 0, 0, 0, 0, 0, 0, 0, 0, 0, 0, 0, 0, 0, 0, 0, 0, 0, 0, 0, 0, 0, 0, 0, 0, 0, 0, 0, 1, 0
r1-JPG15whs_jpg.rf.4a352a446b8157065652f837e5d1ef21.jpg, 0, 0, 0, 0, 0, 0, 0, 0, 0, 0, 0, 0, 0, 0, 0, 0, 0, 0, 0, 0, 0, 1, 0, 0, 0, 0, 0, 0, 0, 0
k1-JPG16rot_jpg.rf.49cbdbceb2de8483839086e80bf6e8fc.jpg, 0, 0, 0, 0, 0, 0, 0, 0, 0, 0, 0, 0, 1, 0, 0, 0, 0, 0, 0, 0, 0, 0, 0, 0, 0, 0, 0, 0, 0, 0
Screen-Shot-2023-07-17-at-12-01-12-AM_png_jpg.rf.4abdbec73cada91760d5489875267238.jpg, 0, 0, 0, 0, 0, 0, 0, 0, 0, 0, 0, 1, 0, 0, 0, 0, 0, 0, 0, 0, 0, 0, 0, 0, 0, 0, 0, 0, 0, 0
Screen-Shot-2023-07-15-at-11-43-01-PM_png_jpg.rf.4a59e2105f39347eddf32949540e20c4.jpg, 0, 0, 0, 0, 0, 0, 0, 0, 0, 0, 0, 0, 0, 0, 0, 0, 0, 0, 0, 0, 0, 0, 1, 0, 0, 0, 0, 0, 0, 0
Screen-Shot-2023-07-16-at-12-01-49-AM_png_jpg.rf.4a7e6d8d65a93a6f79be0b065f681653.jpg, 0, 0, 0, 0, 0, 0, 0, 0, 0, 0, 0, 0, 0, 0, 0, 0, 0, 0, 0, 0, 0, 0, 0, 0, 0, 0, 0, 0, 1, 0
Screen-Shot-2023-07-15-at-11-59-15-PM_png_jpg.rf.4ad15301ae39f4d005d1b013632c2b0f.jpg, 0, 0, 0, 0, 0, 0, 0, 0, 0, 0, 0, 0, 0, 0, 0, 0, 0, 0, 0, 0, 0, 0, 0, 0, 0, 0, 0, 1, 0, 0
Screen-Shot-2023-07-16-at-11-46-19-PM_png_jpg.rf.4b6720df13f8bc5f630e763cc746af46.jpg, 0, 1, 0, 0, 0, 0, 0, 0, 0, 0, 0, 0, 0, 0, 0, 0, 0, 0, 0, 0, 0, 0, 0, 0, 0, 0, 0, 0, 0, 0
Screen-Shot-2023-07-15-at-11-57-57-PM_png_jpg.rf.499a8a09899e462fa02e4607fc3a6573.jpg, 0, 0, 0, 0, 0, 0, 0, 0, 0, 0, 0, 0, 0, 0, 0, 0, 0, 0, 0, 0, 0, 0, 0, 0, 0, 0, 1, 0, 0, 0
Screen-Shot-2023-07-16-at-11-46-11-PM_png.rf.4b6acabb3b65ad11c0ca63f194a0cedf.jpg, 0, 1, 0, 0, 0, 0, 0, 0, 0, 0, 0, 0, 0, 0, 0, 0, 0, 0, 0, 0, 0, 0, 0, 0, 0, 0, 0, 0, 0, 0
j1-JPG4whs_jpg.rf.4b85a5d8edbcf58625e8819720624661.jpg, 0, 0, 0, 0, 0, 0, 0, 0, 0, 0, 0, 1, 0, 0, 0, 0, 0, 0, 0, 0, 0, 0, 0, 0, 0, 0, 0, 0, 0, 0
o1-JPG10whs_jpg.rf.4bcac9d2810ed6c957836d2cd54bb986.jpg, 0, 0, 0, 0, 0, 0, 0, 0, 0, 0, 0, 0, 0, 0, 0, 0, 1, 0, 0, 0, 0, 0, 0, 0, 0, 0, 0, 0, 0, 0
Screen-Shot-2023-07-15-at-11-00-36-PM_png_jpg.rf.4b2b0007deb59feb2d11cfb513b4f031.jpg, 0, 0, 0, 1, 0, 0, 0, 0, 0, 0, 0, 0, 0, 0, 0, 0, 0, 0, 0, 0, 0, 0, 0, 0, 0, 0, 0, 0, 0, 0
Screen-Shot-2023-07-15-at-11-33-08-PM_png_jpg.rf.4c04f2e37a42b25a5e79ffbbf3daa0cd.jpg, 0, 0, 0, 0, 0, 0, 0, 0, 0, 0, 0, 0, 0, 0, 0, 0, 0, 1, 0, 0, 0, 0, 0, 0, 0, 0, 0, 0, 0, 0
a1-JPG5rot_jpg.rf.4bbd7aae56f562d9b38946e3a09b0919.jpg, 1, 0, 0, 0, 0, 0, 0, 0, 0, 0, 0, 0, 0, 0, 0, 0, 0, 0, 0, 0, 0, 0, 0, 0, 0, 0, 0, 0, 0, 0
Screen-Shot-2023-07-17-at-12-17-23-AM_png_jpg.rf.49f2a494682642fdce1ef0583a58f87a.jpg, 0, 0, 0, 0, 0, 0, 0, 0, 0, 0, 0, 0, 0, 0, 0, 0, 0, 0, 0, 0, 0, 0, 0, 0, 0, 0, 0, 0, 1, 0
Screen-Shot-2023-07-17-at-12-12-39-AM_png_jpg.rf.4bd93676e3fa07f885a138eca58ead1b.jpg, 0, 0, 0, 0, 0, 0, 0, 0, 0, 0, 0, 0, 0, 0, 0, 0, 0, 0, 0, 0, 0, 0, 0, 1, 0, 0, 0, 0, 0, 0
Screen-Shot-2023-07-16-at-11-46-11-PM_png_jpg.rf.4b5439456bbcea8cd13cd8242dd28238.jpg, 0, 1, 0, 0, 0, 0, 0, 0, 0, 0, 0, 0, 0, 0, 0, 0, 0, 0, 0, 0, 0, 0, 0, 0, 0, 0, 0, 0, 0, 0
Screen-Shot-2023-07-15-at-11-26-33-PM_png_jpg.rf.4bfd1b1441c29443ed295d0600c1e294.jpg, 0, 0, 0, 0, 0, 0, 0, 0, 0, 0, 0, 0, 0, 0, 0, 1, 0, 0, 0, 0, 0, 0, 0, 0, 0, 0, 0, 0, 0, 0
y1-JPG9dim_jpg.rf.4c0a248d70a59c9d013b1fb7603ec4e5.jpg, 0, 0, 0, 0, 0, 0, 0, 0, 0, 0, 0, 0, 0, 0, 0, 0, 0, 0, 0, 0, 0, 0, 0, 0, 0, 0, 0, 0, 1, 0
Screen-Shot-2023-07-15-at-11-08-25-PM_png_jpg.rf.4c11a892ddd582bb7c3c2781fcc8d8d6.jpg, 0, 0, 0, 0, 0, 0, 0, 0, 1, 0, 0, 0, 0, 0, 0, 0, 0, 0, 0, 0, 0, 0, 0, 0, 0, 0, 0, 0, 0, 0
i1-JPG9dim_jpg.rf.4c11b5b168d7eded5aac8a4174c120c3.jpg, 0, 0, 0, 0, 0, 0, 0, 0, 0, 0, 1, 0, 0, 0, 0, 0, 0, 0, 0, 0, 0, 0, 0, 0, 0, 0, 0, 0, 0, 0
Screen-Shot-2023-07-16-at-11-59-02-PM_png_jpg.rf.4c4c3da9c9d024bb57cc30ab57a4a552.jpg, 0, 0, 0, 0, 0, 0, 0, 0, 0, 1, 0, 0, 0, 0, 0, 0, 0, 0, 0, 0, 0, 0, 0, 0, 0, 0, 0, 0, 0, 0
Screen-Shot-2023-07-16-at-12-00-48-AM_png_jpg.rf.4c1421b4113b436df8bd991c390c88d4.jpg, 0, 0, 0, 0, 0, 0, 0, 0, 0, 0, 0, 0, 0, 0, 0, 0, 0, 0, 0, 0, 0, 0, 0, 0, 0, 0, 0, 0, 1, 0
Screen-Shot-2023-07-17-at-12-21-58-AM_png.rf.4c7d75a75a7c074c84aa5fbbfb3c27e9.jpg, 0, 0, 0, 0, 0, 0, 0, 0, 0, 0, 0, 0, 0, 0, 0, 0, 0, 0, 1, 0, 0, 0, 0, 0, 0, 0, 0, 0, 0, 0
Screen-Shot-2023-07-15-at-11-03-30-PM_png_jpg.rf.4e291b9bef679f17e5d520255485ed25.jpg, 0, 0, 0, 0, 0, 1, 0, 0, 0, 0, 0, 0, 0, 0, 0, 0, 0, 0, 0, 0, 0, 0, 0, 0, 0, 0, 0, 0, 0, 0
Screen-Shot-2023-07-16-at-11-57-52-PM_png.rf.4cad0cfab490fb4f90b027d8a987ce97.jpg, 0, 0, 0, 0, 0, 0, 0, 1, 0, 0, 0, 0, 0, 0, 0, 0, 0, 0, 0, 0, 0, 0, 0, 0, 0, 0, 0, 0, 0, 0
Screen-Shot-2023-07-15-at-10-50-02-PM_png_jpg.rf.4d0b73c65fa78a10d36728a56dcda470.jpg, 0, 0, 0, 0, 0, 0, 0, 1, 0, 0, 0, 0, 0, 0, 0, 0, 0, 0, 0, 0, 0, 0, 0, 0, 0, 0, 0, 0, 0, 0
Screen-Shot-2023-07-17-at-12-18-58-AM_png_jpg.rf.4c98cc5d6c1e78b33b84d2b2db34e842.jpg, 0, 0, 0, 0, 0, 0, 0, 0, 0, 0, 0, 0, 0, 0, 0, 0, 0, 0, 0, 0, 0, 0, 0, 0, 0, 0, 0, 0, 0, 1
a1-JPG17dim_jpg.rf.4dc18b5cdf8417af60587e51eedd7357.jpg, 0, 1, 0, 0, 0, 0, 0, 0, 0, 0, 0, 0, 0, 0, 0, 0, 0, 0, 0, 0, 0, 0, 0, 0, 0, 0, 0, 0, 0, 0
Screen-Shot-2023-07-16-at-11-48-41-PM_png_jpg.rf.4a908adfb830b2b030500a03714f4bb9.jpg, 0, 0, 0, 1, 0, 0, 0, 0, 0, 0, 0, 0, 0, 0, 0, 0, 0, 0, 0, 0, 0, 0, 0, 0, 0, 0, 0, 0, 0, 0
Screen-Shot-2023-07-16-at-12-06-01-AM_png_jpg.rf.4ce8f805a32b5c7252fc18e28703fff0.jpg, 0, 0, 0, 0, 1, 0, 0, 0, 0, 0, 0, 0, 0, 0, 0, 0, 0, 0, 0, 0, 0, 0, 0, 0, 0, 0, 0, 0, 0, 0
Screen-Shot-2023-07-16-at-12-07-08-AM_png_jpg.rf.4dba5c9b8c190d9a98d1ecc470e8b9db.jpg, 0, 0, 0, 0, 1, 0, 0, 0, 0, 0, 0, 0, 0, 0, 0, 0, 0, 0, 0, 0, 0, 0, 0, 0, 0, 0, 0, 0, 0, 0
Screen-Shot-2023-07-15-at-11-19-35-PM_png_jpg.rf.4e159256279ed5278c522a3f3494d59e.jpg, 0, 0, 0, 0, 0, 0, 0, 0, 0, 0, 0, 0, 0, 1, 0, 0, 0, 0, 0, 0, 0, 0, 0, 0, 0, 0, 0, 0, 0, 0
n1-JPG11dim_jpg.rf.4d4199159a1865a81ec1b229ebdc2859.jpg, 0, 0, 0, 0, 0, 0, 0, 0, 0, 0, 0, 0, 0, 0, 0, 1, 0, 0, 0, 0, 0, 0, 0, 0, 0, 0, 0, 0, 0, 0
Screen-Shot-2023-07-16-at-12-07-08-AM_png_jpg.rf.4e9c071e21c6c53611278810d56a0cca.jpg, 0, 0, 0, 0, 1, 0, 0, 0, 0, 0, 0, 0, 0, 0, 0, 0, 0, 0, 0, 0, 0, 0, 0, 0, 0, 0, 0, 0, 0, 0
Screen-Shot-2023-07-16-at-11-52-45-PM_png_jpg.rf.4dc910834ef9f1f18f8bf225e19cebf4.jpg, 0, 0, 0, 0, 0, 1, 0, 0, 0, 0, 0, 0, 0, 0, 0, 0, 0, 0, 0, 0, 0, 0, 0, 0, 0, 0, 0, 0, 0, 0
Screen-Shot-2023-07-16-at-12-03-29-AM_png_jpg.rf.4d3b4ecd0a0e48ecca91a40bab9ed12c.jpg, 0, 0, 0, 0, 0, 0, 0, 0, 0, 0, 0, 0, 0, 0, 0, 0, 0, 0, 0, 0, 0, 0, 0, 0, 0, 0, 0, 0, 0, 1
Screen-Shot-2023-07-15-at-10-53-22-PM_png_jpg.rf.4c977185ded189e57f45ac2efade80af.jpg, 0, 0, 0, 0, 0, 0, 0, 1, 0, 0, 0, 0, 0, 0, 0, 0, 0, 0, 0, 0, 0, 0, 0, 0, 0, 0, 0, 0, 0, 0
n1-JPG12rot_jpg.rf.4eab238cf950b042740a65d0c550e1af.jpg, 0, 0, 0, 0, 0, 0, 0, 0, 0, 0, 0, 0, 0, 0, 0, 1, 0, 0, 0, 0, 0, 0, 0, 0, 0, 0, 0, 0, 0, 0
a1-JPG11rot_jpg.rf.4d0525b35bb2f3f913b1718de0f0cdd8.jpg, 0, 1, 0, 0, 0, 0, 0, 0, 0, 0, 0, 0, 0, 0, 0, 0, 0, 0, 0, 0, 0, 0, 0, 0, 0, 0, 0, 0, 0, 0
Screen-Shot-2023-07-16-at-12-06-40-AM_png.rf.4eaaec49319f0e8286e26ebb1458337e.jpg, 0, 0, 0, 0, 1, 0, 0, 0, 0, 0, 0, 0, 0, 0, 0, 0, 0, 0, 0, 0, 0, 0, 0, 0, 0, 0, 0, 0, 0, 0
Screen-Shot-2023-07-16-at-11-58-18-PM_png_jpg.rf.4eb81d44d0f91da2111fe906666b9748.jpg, 0, 0, 0, 0, 0, 0, 0, 0, 1, 0, 0, 0, 0, 0, 0, 0, 0, 0, 0, 0, 0, 0, 0, 0, 0, 0, 0, 0, 0, 0
e1-JPG4whs_jpg.rf.4ebc07d607d2eb9a059318f5bc10bb05.jpg, 0, 0, 0, 0, 0, 0, 1, 0, 0, 0, 0, 0, 0, 0, 0, 0, 0, 0, 0, 0, 0, 0, 0, 0, 0, 0, 0, 0, 0, 0
t1-JPG19rot_jpg.rf.4f00b78d424f9927c0f252f3fa49e2f8.jpg, 0, 0, 0, 0, 0, 0, 0, 0, 0, 0, 0, 0, 0, 0, 0, 0, 0, 0, 0, 0, 0, 0, 0, 1, 0, 0, 0, 0, 0, 0
Screen-Shot-2023-07-15-at-11-20-04-PM_png_jpg.rf.4ee72914ba6a38f84a5cf94c66d59d35.jpg, 0, 0, 0, 0, 0, 0, 0, 0, 0, 0, 0, 0, 0, 1, 0, 0, 0, 0, 0, 0, 0, 0, 0, 0, 0, 0, 0, 0, 0, 0
b1-JPG0whs_jpg.rf.4b7f857d4ea60fb1f33aea080627cfa1.jpg, 0, 0, 1, 0, 0, 0, 0, 0, 0, 0, 0, 0, 0, 0, 0, 0, 0, 0, 0, 0, 0, 0, 0, 0, 0, 0, 0, 0, 0, 0
z1-JPG6dim_jpg.rf.4ef84e9544bc4147c59fd0672ea7243c.jpg, 0, 0, 0, 0, 0, 0, 0, 0, 0, 0, 0, 0, 0, 0, 0, 0, 0, 0, 0, 0, 0, 0, 0, 0, 0, 0, 0, 0, 0, 1
Screen-Shot-2023-07-15-at-11-32-41-PM_png_jpg.rf.4eda5f023723a535081812d4a166fd59.jpg, 0, 0, 0, 0, 0, 0, 0, 0, 0, 0, 0, 0, 0, 0, 0, 0, 0, 1, 0, 0, 0, 0, 0, 0, 0, 0, 0, 0, 0, 0
Screen-Shot-2023-07-16-at-12-10-27-AM_png_jpg.rf.4f5e31ac28172ceef137642e999cf938.jpg, 0, 0, 0, 0, 0, 0, 0, 0, 0, 0, 0, 0, 0, 0, 0, 0, 0, 0, 0, 0, 1, 0, 0, 0, 0, 0, 0, 0, 0, 0
Screen-Shot-2023-07-17-at-12-18-38-AM_png_jpg.rf.4d7003785a422f98f27da9780c578590.jpg, 0, 0, 0, 0, 0, 0, 0, 0, 0, 0, 0, 0, 0, 0, 0, 0, 0, 0, 0, 0, 0, 0, 0, 0, 0, 0, 0, 0, 0, 1
Screen-Shot-2023-07-15-at-11-48-24-PM_png_jpg.rf.4e2f7a655375d9c1611131ba0c07f43c.jpg, 0, 0, 0, 0, 0, 0, 0, 0, 0, 0, 0, 0, 0, 0, 0, 0, 0, 0, 0, 0, 0, 0, 0, 0, 1, 0, 0, 0, 0, 0
Screen-Shot-2023-07-15-at-11-30-14-PM_png_jpg.rf.4bb6100833559c185b24ce3bd135b063.jpg, 0, 0, 0, 0, 0, 0, 0, 0, 0, 0, 0, 0, 0, 0, 0, 0, 1, 0, 0, 0, 0, 0, 0, 0, 0, 0, 0, 0, 0, 0
Screen-Shot-2023-07-17-at-12-14-51-AM_png_jpg.rf.4f069cb9925f769c1dd42983c50a4400.jpg, 0, 0, 0, 0, 0, 0, 0, 0, 0, 0, 0, 0, 0, 0, 0, 0, 0, 0, 0, 0, 0, 0, 0, 0, 0, 1, 0, 0, 0, 0
Screen-Shot-2023-07-17-at-12-10-51-AM_png_jpg.rf.4f38eebb9584423f97a6293af2382f92.jpg, 0, 0, 0, 0, 0, 0, 0, 0, 0, 0, 0, 0, 0, 0, 0, 0, 0, 0, 0, 0, 0, 1, 0, 0, 0, 0, 0, 0, 0, 0
Screen-Shot-2023-07-16-at-11-59-32-PM_png_jpg.rf.4f35c2540983151ad726582d84b446b4.jpg, 0, 0, 0, 0, 0, 0, 0, 0, 0, 1, 0, 0, 0, 0, 0, 0, 0, 0, 0, 0, 0, 0, 0, 0, 0, 0, 0, 0, 0, 0
p1-JPG17dim_jpg.rf.4cd5321928d52a206b7a3225f376bf02.jpg, 0, 0, 0, 0, 0, 0, 0, 0, 0, 0, 0, 0, 0, 0, 0, 0, 0, 1, 0, 0, 0, 0, 0, 0, 0, 0, 0, 0, 0, 0
Screen-Shot-2023-07-16-at-11-42-41-PM_png_jpg.rf.4f1379a00f0835f3e2221a6f7edfe4d9.jpg, 0, 1, 0, 0, 0, 0, 0, 0, 0, 0, 0, 0, 0, 0, 0, 0, 0, 0, 0, 0, 0, 0, 0, 0, 0, 0, 0, 0, 0, 0
w1-JPG4dim_jpg.rf.4fa9d1c37213b95284743dcfae5c4b53.jpg, 0, 0, 0, 0, 0, 0, 0, 0, 0, 0, 0, 0, 0, 0, 0, 0, 0, 0, 0, 0, 0, 0, 0, 0, 0, 0, 1, 0, 0, 0
Screen-Shot-2023-07-17-at-12-06-35-AM_png.rf.4f828e18ebc61aa992803d44d72747fd.jpg, 0, 0, 0, 0, 0, 0, 0, 0, 0, 0, 0, 0, 0, 0, 1, 0, 0, 0, 0, 0, 0, 0, 0, 0, 0, 0, 0, 0, 0, 0
Screen-Shot-2023-07-15-at-11-26-48-PM_png_jpg.rf.4f9100f5c7c00a91ba97d0d130dde449.jpg, 0, 0, 0, 0, 0, 0, 0, 0, 0, 0, 0, 0, 0, 0, 0, 1, 0, 0, 0, 0, 0, 0, 0, 0, 0, 0, 0, 0, 0, 0
Screen-Shot-2023-07-16-at-11-59-08-PM_png.rf.4fd49a878f33b90398645c59d0d13181.jpg, 0, 0, 0, 0, 0, 0, 0, 0, 0, 1, 0, 0, 0, 0, 0, 0, 0, 0, 0, 0, 0, 0, 0, 0, 0, 0, 0, 0, 0, 0
Screen-Shot-2023-07-15-at-11-10-00-PM_png_jpg.rf.4f62219213084b6773892f9a3e24a9c7.jpg, 0, 0, 0, 0, 0, 0, 0, 0, 0, 1, 0, 0, 0, 0, 0, 0, 0, 0, 0, 0, 0, 0, 0, 0, 0, 0, 0, 0, 0, 0
Screen-Shot-2023-07-15-at-11-05-01-PM_png_jpg.rf.501dd06587f3f032616c31b723c9cd02.jpg, 0, 0, 0, 0, 0, 0, 1, 0, 0, 0, 0, 0, 0, 0, 0, 0, 0, 0, 0, 0, 0, 0, 0, 0, 0, 0, 0, 0, 0, 0
Screen-Shot-2023-07-17-at-12-18-28-AM_png_jpg.rf.4f487a9334c230359255965146c1e320.jpg, 0, 0, 0, 0, 0, 0, 0, 0, 0, 0, 0, 0, 0, 0, 0, 0, 0, 0, 0, 0, 0, 0, 0, 0, 0, 0, 0, 0, 0, 1
Screen-Shot-2023-07-15-at-11-56-47-PM_png_jpg.rf.505b77dfd8f5ac686ede32bdad6dc553.jpg, 0, 0, 0, 0, 0, 0, 0, 0, 0, 0, 0, 0, 0, 0, 0, 0, 0, 0, 0, 0, 0, 0, 0, 0, 0, 0, 1, 0, 0, 0
Screen-Shot-2023-07-15-at-11-13-29-PM_png_jpg.rf.4fed9b11a8445bc1bd77d3465642daf0.jpg, 0, 0, 0, 0, 0, 0, 0, 0, 0, 0, 1, 0, 0, 0, 0, 0, 0, 0, 0, 0, 0, 0, 0, 0, 0, 0, 0, 0, 0, 0
Screen-Shot-2023-07-15-at-10-51-36-PM_png_jpg.rf.4f51bec3e02a711ad49f806968f5a0e2.jpg, 0, 0, 0, 0, 0, 0, 0, 1, 0, 0, 0, 0, 0, 0, 0, 0, 0, 0, 0, 0, 0, 0, 0, 0, 0, 0, 0, 0, 0, 0
Screen-Shot-2023-07-17-at-12-16-02-AM_png_jpg.rf.5027e3bbfa88c5b6902512deae201743.jpg, 0, 0, 0, 0, 0, 0, 0, 0, 0, 0, 0, 0, 0, 0, 0, 0, 0, 0, 0, 0, 0, 0, 0, 0, 0, 0, 1, 0, 0, 0
Screen-Shot-2023-07-15-at-10-59-30-PM_png_jpg.rf.5109ccb75987a12e3388ea8347f778fd.jpg, 0, 0, 1, 0, 0, 0, 0, 0, 0, 0, 0, 0, 0, 0, 0, 0, 0, 0, 0, 0, 0, 0, 0, 0, 0, 0, 0, 0, 0, 0
Screen-Shot-2023-07-15-at-11-14-31-PM_png_jpg.rf.5073b8ddbeb42b131e4b0c8a595357b7.jpg, 0, 0, 0, 0, 0, 0, 0, 0, 0, 0, 0, 1, 0, 0, 0, 0, 0, 0, 0, 0, 0, 0, 0, 0, 0, 0, 0, 0, 0, 0
Screen-Shot-2023-07-15-at-11-10-29-PM_png_jpg.rf.5095c70207df64378cf49a2e850a76b3.jpg, 0, 0, 0, 0, 0, 0, 0, 0, 0, 1, 0, 0, 0, 0, 0, 0, 0, 0, 0, 0, 0, 0, 0, 0, 0, 0, 0, 0, 0, 0
Screen-Shot-2023-07-17-at-12-13-27-AM_png_jpg.rf.50b585ad100b2a89703a191be3a73a03.jpg, 0, 0, 0, 0, 0, 0, 0, 0, 0, 0, 0, 0, 0, 0, 0, 0, 0, 0, 0, 0, 0, 0, 0, 0, 1, 0, 0, 0, 0, 0
k1-JPG6dim_jpg.rf.50d92fcb60486e943a1d755be7c3cf68.jpg, 0, 0, 0, 0, 0, 0, 0, 0, 0, 0, 0, 0, 1, 0, 0, 0, 0, 0, 0, 0, 0, 0, 0, 0, 0, 0, 0, 0, 0, 0
Screen-Shot-2023-07-17-at-12-11-59-AM_png_jpg.rf.50cab832285c2334aa20fcbff3fac77c.jpg, 0, 0, 0, 0, 0, 0, 0, 0, 0, 0, 0, 0, 0, 0, 0, 0, 0, 0, 0, 0, 0, 0, 1, 0, 0, 0, 0, 0, 0, 0
Screen-Shot-2023-07-16-at-12-01-39-AM_png_jpg.rf.50403baca234594c13cbeaf5a2cc7348.jpg, 0, 0, 0, 0, 0, 0, 0, 0, 0, 0, 0, 0, 0, 0, 0, 0, 0, 0, 0, 0, 0, 0, 0, 0, 0, 0, 0, 0, 1, 0
Screen-Shot-2023-07-15-at-11-05-39-PM_png_jpg.rf.50b6f2de2b8e05867cd15bb77a3d0cdd.jpg, 0, 0, 0, 0, 0, 0, 1, 0, 0, 0, 0, 0, 0, 0, 0, 0, 0, 0, 0, 0, 0, 0, 0, 0, 0, 0, 0, 0, 0, 0
Screen-Shot-2023-07-16-at-12-06-27-AM_png_jpg.rf.5179da8eae06d3ac3559d303f4d6359d.jpg, 0, 0, 0, 0, 1, 0, 0, 0, 0, 0, 0, 0, 0, 0, 0, 0, 0, 0, 0, 0, 0, 0, 0, 0, 0, 0, 0, 0, 0, 0
Screen-Shot-2023-07-16-at-11-55-17-PM_png_jpg.rf.508f2060d9c2ab7f9b55be3050d5e702.jpg, 0, 0, 0, 0, 0, 0, 1, 0, 0, 0, 0, 0, 0, 0, 0, 0, 0, 0, 0, 0, 0, 0, 0, 0, 0, 0, 0, 0, 0, 0
c1-JPG19dim_jpg.rf.510a3af38b729333f9b2b827a1b5ff86.jpg, 0, 0, 0, 1, 0, 0, 0, 0, 0, 0, 0, 0, 0, 0, 0, 0, 0, 0, 0, 0, 0, 0, 0, 0, 0, 0, 0, 0, 0, 0
Screen-Shot-2023-07-17-at-12-00-03-AM_png_jpg.rf.51161741402e3825c9bf7cb8ad868965.jpg, 0, 0, 0, 0, 0, 0, 0, 0, 0, 1, 0, 0, 0, 0, 0, 0, 0, 0, 0, 0, 0, 0, 0, 0, 0, 0, 0, 0, 0, 0
Screen-Shot-2023-07-17-at-12-12-46-AM_png_jpg.rf.5185ca42aacb0b2fce06f414e3f19248.jpg, 0, 0, 0, 0, 0, 0, 0, 0, 0, 0, 0, 0, 0, 0, 0, 0, 0, 0, 0, 0, 0, 0, 0, 1, 0, 0, 0, 0, 0, 0
Screen-Shot-2023-07-15-at-11-54-48-PM_png_jpg.rf.51864ed6d52f41ec851381d70e6a1ac2.jpg, 0, 0, 0, 0, 0, 0, 0, 0, 0, 0, 0, 0, 0, 0, 0, 0, 0, 0, 0, 0, 0, 0, 0, 0, 0, 1, 0, 0, 0, 0
n1-JPG2dim_jpg.rf.5150efdabca7e6546507039a385518c3.jpg, 1, 0, 0, 0, 0, 0, 0, 0, 0, 0, 0, 0, 0, 0, 0, 0, 0, 0, 0, 0, 0, 0, 0, 0, 0, 0, 0, 0, 0, 0
g1-JPG19whs_jpg.rf.5102b6d4b2aa914c2d002e7db13a9df7.jpg, 0, 0, 0, 0, 0, 0, 0, 0, 1, 0, 0, 0, 0, 0, 0, 0, 0, 0, 0, 0, 0, 0, 0, 0, 0, 0, 0, 0, 0, 0
Screen-Shot-2023-07-17-at-12-07-58-AM_png_jpg.rf.518eeff4923ae47c644d70773e128ffe.jpg, 0, 0, 0, 0, 0, 0, 0, 0, 0, 0, 0, 0, 0, 0, 0, 0, 1, 0, 0, 0, 0, 0, 0, 0, 0, 0, 0, 0, 0, 0
Screen-Shot-2023-07-17-at-12-13-49-AM_png_jpg.rf.502ccec31c76f3f61b75f791466be1a0.jpg, 0, 0, 0, 0, 0, 0, 0, 0, 0, 0, 0, 0, 0, 0, 0, 0, 0, 0, 0, 0, 0, 0, 0, 0, 1, 0, 0, 0, 0, 0
n1-JPG19whs_jpg.rf.51b32f8e5cc1c378a44d4fc8c679d138.jpg, 0, 0, 0, 0, 0, 0, 0, 0, 0, 0, 0, 0, 0, 0, 0, 1, 0, 0, 0, 0, 0, 0, 0, 0, 0, 0, 0, 0, 0, 0
Screen-Shot-2023-07-17-at-12-08-22-AM_png_jpg.rf.50bfb0dd23549fe2fca4c9af84dc1326.jpg, 0, 0, 0, 0, 0, 0, 0, 0, 0, 0, 0, 0, 0, 0, 0, 0, 1, 0, 0, 0, 0, 0, 0, 0, 0, 0, 0, 0, 0, 0
z1-JPG6whs_jpg.rf.518239c70227857f1008f954210ad638.jpg, 0, 0, 0, 0, 0, 0, 0, 0, 0, 0, 0, 0, 0, 0, 0, 0, 0, 0, 0, 0, 0, 0, 0, 0, 0, 0, 0, 0, 0, 1
Screen-Shot-2023-07-17-at-12-10-33-AM_png.rf.511a5896c5ed9634cce83678bfd5d9c3.jpg, 0, 0, 0, 0, 0, 0, 0, 0, 0, 0, 0, 0, 0, 0, 0, 0, 0, 0, 0, 1, 0, 0, 0, 0, 0, 0, 0, 0, 0, 0
Screen-Shot-2023-07-15-at-11-14-31-PM_png_jpg.rf.51b7279fde7cddcc6a9e75af58385dc2.jpg, 0, 0, 0, 0, 0, 0, 0, 0, 0, 0, 0, 1, 0, 0, 0, 0, 0, 0, 0, 0, 0, 0, 0, 0, 0, 0, 0, 0, 0, 0
p1-JPG4rot_jpg.rf.5213596f07d8b0ba161db50d47a9b689.jpg, 0, 0, 0, 0, 0, 0, 0, 0, 0, 0, 0, 0, 0, 0, 0, 0, 0, 1, 0, 0, 0, 0, 0, 0, 0, 0, 0, 0, 0, 0
Screen-Shot-2023-07-16-at-11-59-02-PM_png.rf.52258ad5a18474d5bdd7685af73e097f.jpg, 0, 0, 0, 0, 0, 0, 0, 0, 0, 1, 0, 0, 0, 0, 0, 0, 0, 0, 0, 0, 0, 0, 0, 0, 0, 0, 0, 0, 0, 0
e1-JPG4dim_jpg.rf.52733594dd6bdc606024153a3a154364.jpg, 1, 0, 0, 0, 0, 0, 0, 0, 0, 0, 0, 0, 0, 0, 0, 0, 0, 0, 0, 0, 0, 0, 0, 0, 0, 0, 0, 0, 0, 0
Screen-Shot-2023-07-11-at-12-28-38-PM_png_jpg.rf.51fd6e2b4e5bf5f909f1873ae7c84681.jpg, 0, 0, 0, 0, 1, 0, 0, 0, 0, 0, 0, 0, 0, 0, 0, 0, 0, 0, 0, 0, 0, 0, 0, 0, 0, 0, 0, 0, 0, 0
Screen-Shot-2023-07-15-at-11-33-23-PM_png_jpg.rf.5284a3f47c01e24bfbd97b054a745c22.jpg, 0, 0, 0, 0, 0, 0, 0, 0, 0, 0, 0, 0, 0, 0, 0, 0, 0, 1, 0, 0, 0, 0, 0, 0, 0, 0, 0, 0, 0, 0
l1-JPG9rot_jpg.rf.52ecbb8d84c2cd8509d6135b2c629fbd.jpg, 0, 0, 0, 0, 0, 0, 0, 0, 0, 0, 0, 0, 0, 1, 0, 0, 0, 0, 0, 0, 0, 0, 0, 0, 0, 0, 0, 0, 0, 0
f1-JPG19dim_jpg.rf.52bf217224417c4b36dc4d77d2736040.jpg, 0, 0, 0, 0, 0, 0, 0, 1, 0, 0, 0, 0, 0, 0, 0, 0, 0, 0, 0, 0, 0, 0, 0, 0, 0, 0, 0, 0, 0, 0
Screen-Shot-2023-07-16-at-12-01-32-AM_png_jpg.rf.52864e688a46074014112040a8114fb3.jpg, 0, 0, 0, 0, 0, 0, 0, 0, 0, 0, 0, 0, 0, 0, 0, 0, 0, 0, 0, 0, 0, 0, 0, 0, 0, 0, 0, 0, 1, 0
Screen-Shot-2023-07-16-at-12-02-13-AM_png.rf.52e323c528444506c67fad6c7d4231fa.jpg, 0, 0, 0, 0, 0, 0, 0, 0, 0, 0, 0, 0, 0, 0, 0, 0, 0, 0, 0, 0, 0, 0, 0, 0, 0, 0, 0, 0, 1, 0
Screen-Shot-2023-07-17-at-12-05-35-AM_png_jpg.rf.538f3a9166c8a8bbd68fc535d7f3a6a9.jpg, 0, 0, 0, 0, 0, 0, 0, 0, 0, 0, 0, 0, 0, 1, 0, 0, 0, 0, 0, 0, 0, 0, 0, 0, 0, 0, 0, 0, 0, 0
Screen-Shot-2023-07-15-at-11-12-22-PM_png_jpg.rf.51dcedbf91bd2536f526e5eb028c7872.jpg, 0, 0, 0, 0, 0, 0, 0, 0, 0, 0, 1, 0, 0, 0, 0, 0, 0, 0, 0, 0, 0, 0, 0, 0, 0, 0, 0, 0, 0, 0
Screen-Shot-2023-07-15-at-10-57-11-PM_png_jpg.rf.53ffd4748b778b9c475f46c7a506ed62.jpg, 0, 1, 0, 0, 0, 0, 0, 0, 0, 0, 0, 0, 0, 0, 0, 0, 0, 0, 0, 0, 0, 0, 0, 0, 0, 0, 0, 0, 0, 0
g1-JPG17whs_jpg.rf.535522b54b03435819bb2902cf35dd87.jpg, 0, 0, 0, 0, 0, 0, 0, 0, 1, 0, 0, 0, 0, 0, 0, 0, 0, 0, 0, 0, 0, 0, 0, 0, 0, 0, 0, 0, 0, 0
Screen-Shot-2023-07-11-at-12-28-38-PM_png_jpg.rf.5304ec6690fa3aac3290aded9e302280.jpg, 0, 0, 0, 0, 1, 0, 0, 0, 0, 0, 0, 0, 0, 0, 0, 0, 0, 0, 0, 0, 0, 0, 0, 0, 0, 0, 0, 0, 0, 0
Screen-Shot-2023-07-15-at-11-19-35-PM_png_jpg.rf.53a20d4b759eb612c34888944486d5dc.jpg, 0, 0, 0, 0, 0, 0, 0, 0, 0, 0, 0, 0, 0, 1, 0, 0, 0, 0, 0, 0, 0, 0, 0, 0, 0, 0, 0, 0, 0, 0
Screen-Shot-2023-07-16-at-11-55-17-PM_png_jpg.rf.53a0850fb7df81c6e250b29f8965c31a.jpg, 0, 0, 0, 0, 0, 0, 1, 0, 0, 0, 0, 0, 0, 0, 0, 0, 0, 0, 0, 0, 0, 0, 0, 0, 0, 0, 0, 0, 0, 0
Screen-Shot-2023-07-16-at-11-59-02-PM_png_jpg.rf.5282db7a2103a22e5c7cfa82b34ecda3.jpg, 0, 0, 0, 0, 0, 0, 0, 0, 0, 1, 0, 0, 0, 0, 0, 0, 0, 0, 0, 0, 0, 0, 0, 0, 0, 0, 0, 0, 0, 0
Screen-Shot-2023-07-15-at-11-17-36-PM_png_jpg.rf.547e7e8509733079a1228bb4bd8387e2.jpg, 0, 0, 0, 0, 0, 0, 0, 0, 0, 0, 0, 0, 1, 0, 0, 0, 0, 0, 0, 0, 0, 0, 0, 0, 0, 0, 0, 0, 0, 0
Screen-Shot-2023-07-15-at-11-47-57-PM_png_jpg.rf.53c064098076319924570b949f9c720b.jpg, 0, 0, 0, 0, 0, 0, 0, 0, 0, 0, 0, 0, 0, 0, 0, 0, 0, 0, 0, 0, 0, 0, 0, 0, 1, 0, 0, 0, 0, 0
a1-JPG6rot_jpg.rf.5487b9abf4ec3f71c19f120c009c9153.jpg, 1, 0, 0, 0, 0, 0, 0, 0, 0, 0, 0, 0, 0, 0, 0, 0, 0, 0, 0, 0, 0, 0, 0, 0, 0, 0, 0, 0, 0, 0
c1-JPG0dim_jpg.rf.52fce162c75c282407ae5cee67e2436d.jpg, 0, 0, 0, 1, 0, 0, 0, 0, 0, 0, 0, 0, 0, 0, 0, 0, 0, 0, 0, 0, 0, 0, 0, 0, 0, 0, 0, 0, 0, 0
Screen-Shot-2023-07-17-at-12-07-02-AM_png_jpg.rf.54db98b3537109907a12d1ad91096235.jpg, 0, 0, 0, 0, 0, 0, 0, 0, 0, 0, 0, 0, 0, 0, 0, 1, 0, 0, 0, 0, 0, 0, 0, 0, 0, 0, 0, 0, 0, 0
l1-JPG2rot_jpg.rf.5287cb60d2550637c124f854e2e1f5b6.jpg, 0, 0, 0, 0, 0, 0, 0, 0, 0, 0, 0, 0, 0, 1, 0, 0, 0, 0, 0, 0, 0, 0, 0, 0, 0, 0, 0, 0, 0, 0
Screen-Shot-2023-07-17-at-12-08-40-AM_png_jpg.rf.54070310006e4ab8ac850ee9d62c852a.jpg, 0, 0, 0, 0, 0, 0, 0, 0, 0, 0, 0, 0, 0, 0, 0, 0, 0, 1, 0, 0, 0, 0, 0, 0, 0, 0, 0, 0, 0, 0
Screen-Shot-2023-07-17-at-12-03-03-AM_png_jpg.rf.54e5c4b16188ec25412a2e56ce65757a.jpg, 0, 0, 0, 0, 0, 0, 0, 0, 0, 0, 0, 0, 1, 0, 0, 0, 0, 0, 0, 0, 0, 0, 0, 0, 0, 0, 0, 0, 0, 0
Screen-Shot-2023-07-15-at-11-07-47-PM_png_jpg.rf.55799f25d0c2543f4d90a011bb32c32d.jpg, 0, 0, 0, 0, 0, 0, 0, 0, 1, 0, 0, 0, 0, 0, 0, 0, 0, 0, 0, 0, 0, 0, 0, 0, 0, 0, 0, 0, 0, 0
Screen-Shot-2023-07-17-at-12-11-33-AM_png_jpg.rf.54ecf321d4337f7563ceb658d754d1d7.jpg, 0, 0, 0, 0, 0, 0, 0, 0, 0, 0, 0, 0, 0, 0, 0, 0, 0, 0, 0, 0, 0, 1, 0, 0, 0, 0, 0, 0, 0, 0
e1-JPG6dim_jpg.rf.544c50b4b6e83d95f26cc584c0befa90.jpg, 0, 0, 0, 0, 0, 0, 1, 0, 0, 0, 0, 0, 0, 0, 0, 0, 0, 0, 0, 0, 0, 0, 0, 0, 0, 0, 0, 0, 0, 0
Screen-Shot-2023-07-15-at-11-56-39-PM_png_jpg.rf.551309ec841e071454688f3637a2929f.jpg, 0, 0, 0, 0, 0, 0, 0, 0, 0, 0, 0, 0, 0, 0, 0, 0, 0, 0, 0, 0, 0, 0, 0, 0, 0, 0, 1, 0, 0, 0
Screen-Shot-2023-07-16-at-12-07-43-AM_png_jpg.rf.5514fe1e29f10e16b4e6dada0ef93d88.jpg, 0, 0, 0, 0, 1, 0, 0, 0, 0, 0, 0, 0, 0, 0, 0, 0, 0, 0, 0, 0, 0, 0, 0, 0, 0, 0, 0, 0, 0, 0
Screen-Shot-2023-07-16-at-11-59-14-PM_png_jpg.rf.54fb6aee7a514a0a46fa17a81f723bd1.jpg, 0, 0, 0, 0, 0, 0, 0, 0, 0, 1, 0, 0, 0, 0, 0, 0, 0, 0, 0, 0, 0, 0, 0, 0, 0, 0, 0, 0, 0, 0
s1-JPG16whs_jpg.rf.55e18be96242ab532ba7279f31a519a1.jpg, 0, 0, 0, 0, 0, 0, 0, 0, 0, 0, 0, 0, 0, 0, 0, 0, 0, 0, 0, 0, 0, 0, 1, 0, 0, 0, 0, 0, 0, 0
Screen-Shot-2023-07-16-at-11-59-14-PM_png_jpg.rf.54f72639ea8adee10ddf7f0d0eecff2d.jpg, 0, 0, 0, 0, 0, 0, 0, 0, 0, 1, 0, 0, 0, 0, 0, 0, 0, 0, 0, 0, 0, 0, 0, 0, 0, 0, 0, 0, 0, 0
a1-JPG14rot_jpg.rf.55114e23fb93ce9ee8c7be5cb26cd1d6.jpg, 0, 1, 0, 0, 0, 0, 0, 0, 0, 0, 0, 0, 0, 0, 0, 0, 0, 0, 0, 0, 0, 0, 0, 0, 0, 0, 0, 0, 0, 0
Screen-Shot-2023-07-17-at-12-09-20-AM_png_jpg.rf.55cf4f03b464bf77a7c908172062ff1c.jpg, 0, 0, 0, 0, 0, 0, 0, 0, 0, 0, 0, 0, 0, 0, 0, 0, 0, 1, 0, 0, 0, 0, 0, 0, 0, 0, 0, 0, 0, 0
Screen-Shot-2023-07-15-at-11-37-01-PM_png_jpg.rf.553d14c16426df8c15a4395539c34394.jpg, 0, 0, 0, 0, 0, 0, 0, 0, 0, 0, 0, 0, 0, 0, 0, 0, 0, 0, 0, 1, 0, 0, 0, 0, 0, 0, 0, 0, 0, 0
t1-JPG3dim_jpg.rf.56438e9b6cdd6887551e77bde8c98423.jpg, 1, 0, 0, 0, 0, 0, 0, 0, 0, 0, 0, 0, 0, 0, 0, 0, 0, 0, 0, 0, 0, 0, 0, 0, 0, 0, 0, 0, 0, 0
x1-JPG17whs_jpg.rf.53f2c926b06659817adf5b79e3bee6b5.jpg, 0, 0, 0, 0, 0, 0, 0, 0, 0, 0, 0, 0, 0, 0, 0, 0, 0, 0, 0, 0, 0, 0, 0, 0, 0, 0, 0, 1, 0, 0
Screen-Shot-2023-07-15-at-11-46-20-PM_png_jpg.rf.55d7d1c705c9466c434e336455fb7c2e.jpg, 0, 0, 0, 0, 0, 0, 0, 0, 0, 0, 0, 0, 0, 0, 0, 0, 0, 0, 0, 0, 0, 0, 0, 1, 0, 0, 0, 0, 0, 0
Screen-Shot-2023-07-16-at-12-01-11-AM_png_jpg.rf.5547b141a5aec12e3faa00e8c2fa7af3.jpg, 0, 0, 0, 0, 0, 0, 0, 0, 0, 0, 0, 0, 0, 0, 0, 0, 0, 0, 0, 0, 0, 0, 0, 0, 0, 0, 0, 0, 1, 0
Screen-Shot-2023-07-17-at-12-07-43-AM_png_jpg.rf.5562070cd6467f9a6c46d236c0935604.jpg, 0, 0, 0, 0, 0, 0, 0, 0, 0, 0, 0, 0, 0, 0, 0, 1, 0, 0, 0, 0, 0, 0, 0, 0, 0, 0, 0, 0, 0, 0
Screen-Shot-2023-07-15-at-11-08-25-PM_png_jpg.rf.531c696742de48f7426d756763aa496e.jpg, 0, 0, 0, 0, 0, 0, 0, 0, 1, 0, 0, 0, 0, 0, 0, 0, 0, 0, 0, 0, 0, 0, 0, 0, 0, 0, 0, 0, 0, 0
Screen-Shot-2023-07-17-at-12-12-11-AM_png_jpg.rf.55970af2f884f53569e6cf15b6f6cdd8.jpg, 0, 0, 0, 0, 0, 0, 0, 0, 0, 0, 0, 0, 0, 0, 0, 0, 0, 0, 0, 0, 0, 0, 1, 0, 0, 0, 0, 0, 0, 0
w1-JPG6dim_jpg.rf.567b1507f36631258d192ee599a902c7.jpg, 0, 0, 0, 0, 0, 0, 0, 0, 0, 0, 0, 0, 0, 0, 0, 0, 0, 0, 0, 0, 0, 0, 0, 0, 0, 0, 1, 0, 0, 0
Screen-Shot-2023-07-16-at-12-08-18-AM_png_jpg.rf.563df9d3dea895b0bcd90fef874dae84.jpg, 0, 0, 0, 0, 0, 0, 0, 0, 0, 0, 0, 0, 0, 0, 0, 0, 0, 0, 0, 0, 1, 0, 0, 0, 0, 0, 0, 0, 0, 0
b1-JPG5rot_jpg.rf.53334ec26e8039aca0c20f16b66d266e.jpg, 1, 0, 0, 0, 0, 0, 0, 0, 0, 0, 0, 0, 0, 0, 0, 0, 0, 0, 0, 0, 0, 0, 0, 0, 0, 0, 0, 0, 0, 0
Screen-Shot-2023-07-15-at-11-35-01-PM_png_jpg.rf.545534100da91daa2646e0a52583ed5c.jpg, 0, 0, 0, 0, 0, 0, 0, 0, 0, 0, 0, 0, 0, 0, 0, 0, 0, 0, 0, 1, 0, 0, 0, 0, 0, 0, 0, 0, 0, 0
Screen-Shot-2023-07-16-at-12-09-57-AM_png_jpg.rf.56ad5bbc6c35551a98410bd1c89aedf8.jpg, 0, 0, 0, 0, 0, 0, 0, 0, 0, 0, 0, 0, 0, 0, 0, 0, 0, 0, 0, 0, 1, 0, 0, 0, 0, 0, 0, 0, 0, 0
Screen-Shot-2023-07-15-at-11-47-01-PM_png_jpg.rf.573b75ece57b26984a638ef8d7ef94be.jpg, 0, 0, 0, 0, 0, 0, 0, 0, 0, 0, 0, 0, 0, 0, 0, 0, 0, 0, 0, 0, 0, 0, 0, 1, 0, 0, 0, 0, 0, 0
w1-JPG10whs_jpg.rf.55ef515d9c57d05a4567df258cf6d010.jpg, 0, 0, 0, 0, 0, 0, 0, 0, 0, 0, 0, 0, 0, 0, 0, 0, 0, 0, 0, 0, 0, 0, 0, 0, 0, 0, 1, 0, 0, 0
Screen-Shot-2023-07-17-at-12-12-11-AM_png_jpg.rf.5683dedbfb369962a3cf496b58111aad.jpg, 0, 0, 0, 0, 0, 0, 0, 0, 0, 0, 0, 0, 0, 0, 0, 0, 0, 0, 0, 0, 0, 0, 1, 0, 0, 0, 0, 0, 0, 0
Screen-Shot-2023-07-15-at-11-09-53-PM_png_jpg.rf.56ce948caf0ac89ffafa04ab99f665d4.jpg, 0, 0, 0, 0, 0, 0, 0, 0, 0, 1, 0, 0, 0, 0, 0, 0, 0, 0, 0, 0, 0, 0, 0, 0, 0, 0, 0, 0, 0, 0
p1-JPG6rot_jpg.rf.57698e629214db7e1bb50bf167951e0f.jpg, 1, 0, 0, 0, 0, 0, 0, 0, 0, 0, 0, 0, 0, 0, 0, 0, 0, 0, 0, 0, 0, 0, 0, 0, 0, 0, 0, 0, 0, 0
Screen-Shot-2023-07-15-at-11-44-05-PM_png_jpg.rf.56ca5c12b53d37b40fd7dcd6c8baeab5.jpg, 0, 0, 0, 0, 0, 0, 0, 0, 0, 0, 0, 0, 0, 0, 0, 0, 0, 0, 0, 0, 0, 0, 1, 0, 0, 0, 0, 0, 0, 0
Screen-Shot-2023-07-16-at-11-52-36-PM_png_jpg.rf.5671f94db74f1683ae112fad4cf373a2.jpg, 0, 0, 0, 0, 0, 1, 0, 0, 0, 0, 0, 0, 0, 0, 0, 0, 0, 0, 0, 0, 0, 0, 0, 0, 0, 0, 0, 0, 0, 0
e1-JPG16rot_jpg.rf.56fc9cfddbe901109e2074ad311b6d49.jpg, 0, 0, 0, 0, 0, 0, 1, 0, 0, 0, 0, 0, 0, 0, 0, 0, 0, 0, 0, 0, 0, 0, 0, 0, 0, 0, 0, 0, 0, 0
Screen-Shot-2023-07-15-at-11-33-29-PM_png_jpg.rf.57c574f460e2aa89f4a1351d77df1e27.jpg, 0, 0, 0, 0, 0, 0, 0, 0, 0, 0, 0, 0, 0, 0, 0, 0, 0, 1, 0, 0, 0, 0, 0, 0, 0, 0, 0, 0, 0, 0
Screen-Shot-2023-07-17-at-12-19-31-AM_png_jpg.rf.576af6b1d9f534695510b38a9636fbf7.jpg, 0, 0, 0, 0, 1, 0, 0, 0, 0, 0, 0, 0, 0, 0, 0, 0, 0, 0, 0, 0, 0, 0, 0, 0, 0, 0, 0, 0, 0, 0
Screen-Shot-2023-07-16-at-11-54-23-PM_png_jpg.rf.56fb71a8633d9f308d70b8450c251c60.jpg, 0, 0, 0, 0, 0, 0, 1, 0, 0, 0, 0, 0, 0, 0, 0, 0, 0, 0, 0, 0, 0, 0, 0, 0, 0, 0, 0, 0, 0, 0
Screen-Shot-2023-07-15-at-10-54-55-PM_png_jpg.rf.568c559b242876e018146a27ff68f886.jpg, 0, 1, 0, 0, 0, 0, 0, 0, 0, 0, 0, 0, 0, 0, 0, 0, 0, 0, 0, 0, 0, 0, 0, 0, 0, 0, 0, 0, 0, 0
Screen-Shot-2023-07-15-at-11-59-05-PM_png_jpg.rf.577d81e74af5a6dea1053b1c8680b9e1.jpg, 0, 0, 0, 0, 0, 0, 0, 0, 0, 0, 0, 0, 0, 0, 0, 0, 0, 0, 0, 0, 0, 0, 0, 0, 0, 0, 0, 1, 0, 0
e1-JPG19rot_jpg.rf.57aa57ea6e4cd58eac1bc86039438f0a.jpg, 0, 0, 0, 0, 0, 0, 1, 0, 0, 0, 0, 0, 0, 0, 0, 0, 0, 0, 0, 0, 0, 0, 0, 0, 0, 0, 0, 0, 0, 0
Screen-Shot-2023-07-17-at-12-09-26-AM_png_jpg.rf.575d9e92b8215e7ebd9e12a1c589a5c4.jpg, 0, 0, 0, 0, 0, 0, 0, 0, 0, 0, 0, 0, 0, 0, 0, 0, 0, 1, 0, 0, 0, 0, 0, 0, 0, 0, 0, 0, 0, 0
Screen-Shot-2023-07-15-at-11-26-33-PM_png_jpg.rf.56a65f320afdcef1cce3c6059c50eb7b.jpg, 0, 0, 0, 0, 0, 0, 0, 0, 0, 0, 0, 0, 0, 0, 0, 1, 0, 0, 0, 0, 0, 0, 0, 0, 0, 0, 0, 0, 0, 0
Screen-Shot-2023-07-16-at-12-12-25-AM_png_jpg.rf.576b7434b2aa00884bb41328a993b3dd.jpg, 0, 0, 0, 0, 0, 0, 0, 0, 0, 0, 0, 0, 0, 0, 0, 0, 0, 0, 0, 0, 1, 0, 0, 0, 0, 0, 0, 0, 0, 0
s1-JPG6rot_jpg.rf.5777dba846268c1d1d6c01ec36f5dc70.jpg, 1, 0, 0, 0, 0, 0, 0, 0, 0, 0, 0, 0, 0, 0, 0, 0, 0, 0, 0, 0, 0, 0, 0, 0, 0, 0, 0, 0, 0, 0
Screen-Shot-2023-07-15-at-11-22-57-PM_png_jpg.rf.57d88fa4a369e269d5ba449bf7095bb0.jpg, 0, 0, 0, 0, 0, 0, 0, 0, 0, 0, 0, 0, 0, 0, 1, 0, 0, 0, 0, 0, 0, 0, 0, 0, 0, 0, 0, 0, 0, 0
Screen-Shot-2023-07-15-at-11-10-45-PM_png_jpg.rf.568337bfb7cb7f97b223209646f074ff.jpg, 0, 0, 0, 0, 0, 0, 0, 0, 0, 1, 0, 0, 0, 0, 0, 0, 0, 0, 0, 0, 0, 0, 0, 0, 0, 0, 0, 0, 0, 0
Screen-Shot-2023-07-15-at-11-14-17-PM_png_jpg.rf.5798a0ebebaf585de89a2fad24eea2ac.jpg, 0, 0, 0, 0, 0, 0, 0, 0, 0, 0, 0, 1, 0, 0, 0, 0, 0, 0, 0, 0, 0, 0, 0, 0, 0, 0, 0, 0, 0, 0
Screen-Shot-2023-07-17-at-12-16-02-AM_png.rf.57c8120decd76699c95ce251a05705a8.jpg, 0, 0, 0, 0, 0, 0, 0, 0, 0, 0, 0, 0, 0, 0, 0, 0, 0, 0, 0, 0, 0, 0, 0, 0, 0, 0, 1, 0, 0, 0
Screen-Shot-2023-07-17-at-12-20-40-AM_png.rf.57d9309bb705dc0c0f5e7dee76ad166a.jpg, 0, 0, 0, 0, 1, 0, 0, 0, 0, 0, 0, 0, 0, 0, 0, 0, 0, 0, 0, 0, 0, 0, 0, 0, 0, 0, 0, 0, 0, 0
Screen-Shot-2023-07-17-at-12-20-50-AM_png_jpg.rf.57f5d203633b677b9e3136cbb784db9a.jpg, 0, 0, 0, 0, 0, 0, 0, 0, 0, 0, 0, 0, 0, 0, 0, 0, 0, 0, 1, 0, 0, 0, 0, 0, 0, 0, 0, 0, 0, 0
Screen-Shot-2023-07-15-at-11-27-23-PM_png_jpg.rf.568a1d134a6a6b6d896de1a4856ea138.jpg, 0, 0, 0, 0, 0, 0, 0, 0, 0, 0, 0, 0, 0, 0, 0, 1, 0, 0, 0, 0, 0, 0, 0, 0, 0, 0, 0, 0, 0, 0
Screen-Shot-2023-07-17-at-12-15-28-AM_png.rf.57e7f55b3d07ccd439ab2dd37e390614.jpg, 0, 0, 0, 0, 0, 0, 0, 0, 0, 0, 0, 0, 0, 0, 0, 0, 0, 0, 0, 0, 0, 0, 0, 0, 0, 0, 1, 0, 0, 0
Screen-Shot-2023-07-17-at-12-00-19-AM_png_jpg.rf.57ddff90471b059b6518672fc2c10111.jpg, 0, 0, 0, 0, 0, 0, 0, 0, 0, 0, 1, 0, 0, 0, 0, 0, 0, 0, 0, 0, 0, 0, 0, 0, 0, 0, 0, 0, 0, 0
Screen-Shot-2023-07-15-at-11-46-29-PM_png_jpg.rf.57f1fac116194b0ad411ede3a57fdc12.jpg, 0, 0, 0, 0, 0, 0, 0, 0, 0, 0, 0, 0, 0, 0, 0, 0, 0, 0, 0, 0, 0, 0, 0, 1, 0, 0, 0, 0, 0, 0
Screen-Shot-2023-07-15-at-11-10-37-PM_png_jpg.rf.583c2297f9c9c9e0963a76ad4d15f472.jpg, 0, 0, 0, 0, 0, 0, 0, 0, 0, 1, 0, 0, 0, 0, 0, 0, 0, 0, 0, 0, 0, 0, 0, 0, 0, 0, 0, 0, 0, 0
Screen-Shot-2023-07-11-at-12-28-23-PM_png_jpg.rf.57e438c036c1591f9677cdd27ce2cbd8.jpg, 0, 0, 0, 0, 0, 0, 0, 0, 0, 0, 0, 0, 0, 0, 0, 0, 0, 0, 1, 0, 0, 0, 0, 0, 0, 0, 0, 0, 0, 0
Screen-Shot-2023-07-17-at-12-03-41-AM_png_jpg.rf.582f97a42e226ab57096cf23c03bea99.jpg, 0, 0, 0, 0, 0, 0, 0, 0, 0, 0, 0, 0, 0, 1, 0, 0, 0, 0, 0, 0, 0, 0, 0, 0, 0, 0, 0, 0, 0, 0
Screen-Shot-2023-07-15-at-11-42-28-PM_png_jpg.rf.5819385dd6e01399effe46ee74137a53.jpg, 0, 0, 0, 0, 0, 0, 0, 0, 0, 0, 0, 0, 0, 0, 0, 0, 0, 0, 0, 0, 0, 0, 1, 0, 0, 0, 0, 0, 0, 0
Screen-Shot-2023-07-16-at-11-56-22-PM_png_jpg.rf.58563ca2ab95a5d518a6edafc3380f23.jpg, 0, 0, 0, 0, 0, 0, 0, 1, 0, 0, 0, 0, 0, 0, 0, 0, 0, 0, 0, 0, 0, 0, 0, 0, 0, 0, 0, 0, 0, 0
Screen-Shot-2023-07-15-at-10-59-21-PM_png_jpg.rf.58ba35a268cfbedb4e72b7f4bdfeb4cf.jpg, 0, 0, 1, 0, 0, 0, 0, 0, 0, 0, 0, 0, 0, 0, 0, 0, 0, 0, 0, 0, 0, 0, 0, 0, 0, 0, 0, 0, 0, 0
Screen-Shot-2023-07-15-at-11-59-35-PM_png_jpg.rf.58a016a472bd8a1e99f7acd77fd0fe89.jpg, 0, 0, 0, 0, 0, 0, 0, 0, 0, 0, 0, 0, 0, 0, 0, 0, 0, 0, 0, 0, 0, 0, 0, 0, 0, 0, 0, 1, 0, 0
r1-JPG18rot_jpg.rf.58855b6e808cc8f6dcb30eda36751a02.jpg, 0, 0, 0, 0, 0, 0, 0, 0, 0, 0, 0, 0, 0, 0, 0, 0, 0, 0, 0, 0, 0, 1, 0, 0, 0, 0, 0, 0, 0, 0
Screen-Shot-2023-07-17-at-12-11-29-AM_png_jpg.rf.58b70b09469c120d4c0bb179579aa3b5.jpg, 0, 0, 0, 0, 0, 0, 0, 0, 0, 0, 0, 0, 0, 0, 0, 0, 0, 0, 0, 0, 0, 1, 0, 0, 0, 0, 0, 0, 0, 0
Screen-Shot-2023-07-16-at-11-46-48-PM_png.rf.57106a5431c689d54ee5ed45e147ad5c.jpg, 0, 0, 1, 0, 0, 0, 0, 0, 0, 0, 0, 0, 0, 0, 0, 0, 0, 0, 0, 0, 0, 0, 0, 0, 0, 0, 0, 0, 0, 0
Screen-Shot-2023-07-15-at-11-08-25-PM_png_jpg.rf.58c66195a162f10da9772fdede622d71.jpg, 0, 0, 0, 0, 0, 0, 0, 0, 1, 0, 0, 0, 0, 0, 0, 0, 0, 0, 0, 0, 0, 0, 0, 0, 0, 0, 0, 0, 0, 0
Screen-Shot-2023-07-15-at-11-41-13-PM_png.rf.58cce3355d3e0fe0d8da54900d5f6681.jpg, 0, 0, 0, 0, 0, 0, 0, 0, 0, 0, 0, 0, 0, 0, 0, 0, 0, 0, 0, 0, 0, 1, 0, 0, 0, 0, 0, 0, 0, 0
t1-JPG10whs_jpg.rf.596512784358540e55659d887b71f930.jpg, 1, 0, 0, 0, 0, 0, 0, 0, 0, 0, 0, 0, 0, 0, 0, 0, 0, 0, 0, 0, 0, 0, 0, 0, 0, 0, 0, 0, 0, 0
Screen-Shot-2023-07-15-at-11-19-57-PM_png_jpg.rf.58213e2f82f68356f1c4c9e717fb0f98.jpg, 0, 0, 0, 0, 0, 0, 0, 0, 0, 0, 0, 0, 0, 1, 0, 0, 0, 0, 0, 0, 0, 0, 0, 0, 0, 0, 0, 0, 0, 0
Screen-Shot-2023-07-15-at-10-58-29-PM_png_jpg.rf.593b0eb663cb6b08f21227e43c47ac21.jpg, 0, 0, 1, 0, 0, 0, 0, 0, 0, 0, 0, 0, 0, 0, 0, 0, 0, 0, 0, 0, 0, 0, 0, 0, 0, 0, 0, 0, 0, 0
j1-JPG14dim_jpg.rf.5967edf4b7471a40f4f5b0cc5aacd040.jpg, 0, 0, 0, 0, 0, 0, 0, 0, 0, 0, 0, 1, 0, 0, 0, 0, 0, 0, 0, 0, 0, 0, 0, 0, 0, 0, 0, 0, 0, 0
Screen-Shot-2023-07-17-at-12-20-40-AM_png_jpg.rf.59c1b3055465844af139b47905e9ae18.jpg, 0, 0, 0, 0, 1, 0, 0, 0, 0, 0, 0, 0, 0, 0, 0, 0, 0, 0, 0, 0, 0, 0, 0, 0, 0, 0, 0, 0, 0, 0
Screen-Shot-2023-07-16-at-11-58-25-PM_png_jpg.rf.583b938c1e153212d0cdbd98cde2b9be.jpg, 0, 0, 0, 0, 0, 0, 0, 0, 1, 0, 0, 0, 0, 0, 0, 0, 0, 0, 0, 0, 0, 0, 0, 0, 0, 0, 0, 0, 0, 0
Screen-Shot-2023-07-15-at-11-07-06-PM_png_jpg.rf.58deb46d8a721c48e4b6f246101aaae4.jpg, 0, 0, 0, 0, 0, 0, 1, 0, 0, 0, 0, 0, 0, 0, 0, 0, 0, 0, 0, 0, 0, 0, 0, 0, 0, 0, 0, 0, 0, 0
Screen-Shot-2023-07-17-at-12-02-43-AM_png_jpg.rf.58ae6f8255fd01d7e76f49779a6d0873.jpg, 0, 0, 0, 0, 0, 0, 0, 0, 0, 0, 0, 0, 1, 0, 0, 0, 0, 0, 0, 0, 0, 0, 0, 0, 0, 0, 0, 0, 0, 0
Screen-Shot-2023-07-17-at-12-22-30-AM_png_jpg.rf.58402658b2c93771bfa2ddbeb43329ec.jpg, 0, 0, 0, 0, 0, 0, 0, 0, 0, 0, 0, 0, 0, 0, 0, 0, 0, 0, 0, 0, 1, 0, 0, 0, 0, 0, 0, 0, 0, 0
Screen-Shot-2023-07-15-at-10-55-37-PM_png_jpg.rf.598874d22c539a0071cb6c4555f57bb0.jpg, 0, 1, 0, 0, 0, 0, 0, 0, 0, 0, 0, 0, 0, 0, 0, 0, 0, 0, 0, 0, 0, 0, 0, 0, 0, 0, 0, 0, 0, 0
Screen-Shot-2023-07-15-at-11-56-39-PM_png_jpg.rf.595dc40182ff85a446c36b1baa44a00b.jpg, 0, 0, 0, 0, 0, 0, 0, 0, 0, 0, 0, 0, 0, 0, 0, 0, 0, 0, 0, 0, 0, 0, 0, 0, 0, 0, 1, 0, 0, 0
Screen-Shot-2023-07-15-at-11-21-34-PM_png_jpg.rf.5a17c53bcf26366ca44914f799e63e61.jpg, 0, 0, 0, 0, 0, 0, 0, 0, 0, 0, 0, 0, 0, 1, 0, 0, 0, 0, 0, 0, 0, 0, 0, 0, 0, 0, 0, 0, 0, 0
Screen-Shot-2023-07-15-at-11-46-47-PM_png_jpg.rf.59d14fb1f72e339781ca0e9917df473b.jpg, 0, 0, 0, 0, 0, 0, 0, 0, 0, 0, 0, 0, 0, 0, 0, 0, 0, 0, 0, 0, 0, 0, 0, 1, 0, 0, 0, 0, 0, 0
b1-JPG8dim_jpg.rf.59c2d711a0fda4e2dd294ce189fc246c.jpg, 1, 0, 0, 0, 0, 0, 0, 0, 0, 0, 0, 0, 0, 0, 0, 0, 0, 0, 0, 0, 0, 0, 0, 0, 0, 0, 0, 0, 0, 0
Screen-Shot-2023-07-15-at-11-13-03-PM_png_jpg.rf.5a008a284b091e99bbcf8dc4259fc65e.jpg, 0, 0, 0, 0, 0, 0, 0, 0, 0, 0, 1, 0, 0, 0, 0, 0, 0, 0, 0, 0, 0, 0, 0, 0, 0, 0, 0, 0, 0, 0
Screen-Shot-2023-07-15-at-11-19-40-PM_png_jpg.rf.586bc08643013816fd18e661cff49356.jpg, 0, 0, 0, 0, 0, 0, 0, 0, 0, 0, 0, 0, 0, 1, 0, 0, 0, 0, 0, 0, 0, 0, 0, 0, 0, 0, 0, 0, 0, 0
Screen-Shot-2023-07-15-at-11-10-45-PM_png_jpg.rf.5b3f2ff1c8a87844c6b130bfe8cfb962.jpg, 0, 0, 0, 0, 0, 0, 0, 0, 0, 1, 0, 0, 0, 0, 0, 0, 0, 0, 0, 0, 0, 0, 0, 0, 0, 0, 0, 0, 0, 0
a1-JPG13dim_jpg.rf.5ab95cc1b41ab03a75b760dc9048a5e5.jpg, 1, 0, 0, 0, 0, 0, 0, 0, 0, 0, 0, 0, 0, 0, 0, 0, 0, 0, 0, 0, 0, 0, 0, 0, 0, 0, 0, 0, 0, 0
Screen-Shot-2023-07-15-at-11-02-36-PM_png_jpg.rf.5a27a2e4634be0137d99671407a38ace.jpg, 0, 0, 0, 0, 0, 1, 0, 0, 0, 0, 0, 0, 0, 0, 0, 0, 0, 0, 0, 0, 0, 0, 0, 0, 0, 0, 0, 0, 0, 0
Screen-Shot-2023-07-15-at-11-45-02-PM_png_jpg.rf.59e614854c25f7941815b48b5428baa1.jpg, 0, 0, 0, 0, 0, 0, 0, 0, 0, 0, 0, 0, 0, 0, 0, 0, 0, 0, 0, 0, 0, 0, 0, 1, 0, 0, 0, 0, 0, 0
Screen-Shot-2023-07-15-at-11-28-20-PM_png_jpg.rf.5a26487f84f4f40adf8702e29495053b.jpg, 0, 0, 0, 0, 0, 0, 0, 0, 0, 0, 0, 0, 0, 0, 0, 0, 1, 0, 0, 0, 0, 0, 0, 0, 0, 0, 0, 0, 0, 0
Screen-Shot-2023-07-15-at-11-12-05-PM_png_jpg.rf.595407f0d62c5e022c056d38cc8dfb52.jpg, 0, 0, 0, 0, 0, 0, 0, 0, 0, 0, 1, 0, 0, 0, 0, 0, 0, 0, 0, 0, 0, 0, 0, 0, 0, 0, 0, 0, 0, 0
Screen-Shot-2023-07-15-at-11-54-55-PM_png_jpg.rf.5932fec5aca722f87fe2cdf4acf89073.jpg, 0, 0, 0, 0, 0, 0, 0, 0, 0, 0, 0, 0, 0, 0, 0, 0, 0, 0, 0, 0, 0, 0, 0, 0, 0, 1, 0, 0, 0, 0
Screen-Shot-2023-07-16-at-12-01-23-AM_png_jpg.rf.5aabdc5f1634c870ab1e1dbfd77c122f.jpg, 0, 0, 0, 0, 0, 0, 0, 0, 0, 0, 0, 0, 0, 0, 0, 0, 0, 0, 0, 0, 0, 0, 0, 0, 0, 0, 0, 0, 1, 0
a1-JPG8rot_jpg.rf.5b38be51e1542c61e6d70a7aeae513af.jpg, 1, 0, 0, 0, 0, 0, 0, 0, 0, 0, 0, 0, 0, 0, 0, 0, 0, 0, 0, 0, 0, 0, 0, 0, 0, 0, 0, 0, 0, 0
h1-JPG1rot_jpg.rf.5b3b602cb7360749b47322e5d526bafc.jpg, 0, 0, 0, 0, 0, 0, 0, 0, 0, 1, 0, 0, 0, 0, 0, 0, 0, 0, 0, 0, 0, 0, 0, 0, 0, 0, 0, 0, 0, 0
r1-JPG8dim_jpg.rf.5a5a69fe0df131e32e63baffb6533a93.jpg, 0, 0, 0, 0, 0, 0, 0, 0, 0, 0, 0, 0, 0, 0, 0, 0, 0, 0, 0, 0, 0, 1, 0, 0, 0, 0, 0, 0, 0, 0
Screen-Shot-2023-07-17-at-12-15-33-AM_png_jpg.rf.5887f888cd26e79a9d72a5f12e7c0a07.jpg, 0, 0, 0, 0, 0, 0, 0, 0, 0, 0, 0, 0, 0, 0, 0, 0, 0, 0, 0, 0, 0, 0, 0, 0, 0, 0, 1, 0, 0, 0
Screen-Shot-2023-07-15-at-11-59-45-PM_png_jpg.rf.5940239ee1694e1a59cbac6ffb34f446.jpg, 0, 0, 0, 0, 0, 0, 0, 0, 0, 0, 0, 0, 0, 0, 0, 0, 0, 0, 0, 0, 0, 0, 0, 0, 0, 0, 0, 1, 0, 0
Screen-Shot-2023-07-15-at-11-13-49-PM_png_jpg.rf.5ad843767f1c5376b3fb6d14e8a9cdd6.jpg, 0, 0, 0, 0, 0, 0, 0, 0, 0, 0, 1, 0, 0, 0, 0, 0, 0, 0, 0, 0, 0, 0, 0, 0, 0, 0, 0, 0, 0, 0
Screen-Shot-2023-07-17-at-12-02-38-AM_png_jpg.rf.5aabf5092b485e80d55e3741fc606f45.jpg, 0, 0, 0, 0, 0, 0, 0, 0, 0, 0, 0, 0, 1, 0, 0, 0, 0, 0, 0, 0, 0, 0, 0, 0, 0, 0, 0, 0, 0, 0
Screen-Shot-2023-07-15-at-11-13-03-PM_png_jpg.rf.5aa2ebd082182d9bf8731c42319b853f.jpg, 0, 0, 0, 0, 0, 0, 0, 0, 0, 0, 1, 0, 0, 0, 0, 0, 0, 0, 0, 0, 0, 0, 0, 0, 0, 0, 0, 0, 0, 0
Screen-Shot-2023-07-17-at-12-18-33-AM_png_jpg.rf.5bd9177e54f84d1f7f1d735e7abb82f7.jpg, 0, 0, 0, 0, 0, 0, 0, 0, 0, 0, 0, 0, 0, 0, 0, 0, 0, 0, 0, 0, 0, 0, 0, 0, 0, 0, 0, 0, 0, 1
Screen-Shot-2023-07-16-at-11-55-22-PM_png_jpg.rf.5bf7eff2f2861e8dc0297b70b757eb88.jpg, 0, 0, 0, 0, 0, 0, 1, 0, 0, 0, 0, 0, 0, 0, 0, 0, 0, 0, 0, 0, 0, 0, 0, 0, 0, 0, 0, 0, 0, 0
Screen-Shot-2023-07-17-at-12-00-03-AM_png_jpg.rf.5b46589036f44aba9948e974aeaaeef3.jpg, 0, 0, 0, 0, 0, 0, 0, 0, 0, 1, 0, 0, 0, 0, 0, 0, 0, 0, 0, 0, 0, 0, 0, 0, 0, 0, 0, 0, 0, 0
u1-JPG11rot_jpg.rf.5b43de21ad5e0d118557c78c86d934b2.jpg, 0, 0, 0, 0, 0, 0, 0, 0, 0, 0, 0, 0, 0, 0, 0, 0, 0, 0, 0, 0, 0, 0, 0, 0, 1, 0, 0, 0, 0, 0
Screen-Shot-2023-07-16-at-11-42-41-PM_png.rf.5975adf20b86020a78d29abe656e1327.jpg, 0, 1, 0, 0, 0, 0, 0, 0, 0, 0, 0, 0, 0, 0, 0, 0, 0, 0, 0, 0, 0, 0, 0, 0, 0, 0, 0, 0, 0, 0
Screen-Shot-2023-07-17-at-12-22-30-AM_png_jpg.rf.5c1f713662be798e8b1bbf5793de4d04.jpg, 0, 0, 0, 0, 0, 0, 0, 0, 0, 0, 0, 0, 0, 0, 0, 0, 0, 0, 0, 0, 1, 0, 0, 0, 0, 0, 0, 0, 0, 0
Screen-Shot-2023-07-15-at-11-22-49-PM_png_jpg.rf.5bfb982fff7db46f7f19ffcc1f166a79.jpg, 0, 0, 0, 0, 0, 0, 0, 0, 0, 0, 0, 0, 0, 0, 1, 0, 0, 0, 0, 0, 0, 0, 0, 0, 0, 0, 0, 0, 0, 0
Screen-Shot-2023-07-17-at-12-21-11-AM_png_jpg.rf.5c0f5257d78b061ea520a51aa6e219a8.jpg, 0, 0, 0, 0, 0, 0, 0, 0, 0, 0, 0, 0, 0, 0, 0, 0, 0, 0, 1, 0, 0, 0, 0, 0, 0, 0, 0, 0, 0, 0
c1-JPG2dim_jpg.rf.5c646f93f233eb6a22dd23f63d23674b.jpg, 0, 0, 0, 1, 0, 0, 0, 0, 0, 0, 0, 0, 0, 0, 0, 0, 0, 0, 0, 0, 0, 0, 0, 0, 0, 0, 0, 0, 0, 0
Screen-Shot-2023-07-11-at-12-28-38-PM_png_jpg.rf.5d27a91429636976a80aaca0b78a063b.jpg, 0, 0, 0, 0, 1, 0, 0, 0, 0, 0, 0, 0, 0, 0, 0, 0, 0, 0, 0, 0, 0, 0, 0, 0, 0, 0, 0, 0, 0, 0
Screen-Shot-2023-07-15-at-11-40-12-PM_png_jpg.rf.5d76351255cb772f4ac8da2ac612af7f.jpg, 0, 0, 0, 0, 0, 0, 0, 0, 0, 0, 0, 0, 0, 0, 0, 0, 0, 0, 0, 0, 0, 1, 0, 0, 0, 0, 0, 0, 0, 0
Screen-Shot-2023-07-17-at-12-07-53-AM_png_jpg.rf.5b0fa38d8e6993984394e5b5015a5ffe.jpg, 0, 0, 0, 0, 0, 0, 0, 0, 0, 0, 0, 0, 0, 0, 0, 0, 1, 0, 0, 0, 0, 0, 0, 0, 0, 0, 0, 0, 0, 0
Screen-Shot-2023-07-17-at-12-10-55-AM_png_jpg.rf.5cc92b09ff53c8a4113280730d560d6e.jpg, 0, 0, 0, 0, 0, 0, 0, 0, 0, 0, 0, 0, 0, 0, 0, 0, 0, 0, 0, 0, 0, 1, 0, 0, 0, 0, 0, 0, 0, 0
Screen-Shot-2023-07-16-at-11-58-54-PM_png_jpg.rf.5d61d3d0ce5915e64033eeea9a8423fd.jpg, 0, 0, 0, 0, 0, 0, 0, 0, 1, 0, 0, 0, 0, 0, 0, 0, 0, 0, 0, 0, 0, 0, 0, 0, 0, 0, 0, 0, 0, 0
p1-JPG11whs_jpg.rf.5cd57c18e73de96ad300ffdabc94e7bf.jpg, 0, 0, 0, 0, 0, 0, 0, 0, 0, 0, 0, 0, 0, 0, 0, 0, 0, 1, 0, 0, 0, 0, 0, 0, 0, 0, 0, 0, 0, 0
Screen-Shot-2023-07-16-at-12-03-35-AM_png.rf.59c691c0acca4b0fcb53e219d342c4ed.jpg, 0, 0, 0, 0, 0, 0, 0, 0, 0, 0, 0, 0, 0, 0, 0, 0, 0, 0, 0, 0, 0, 0, 0, 0, 0, 0, 0, 0, 0, 1
Screen-Shot-2023-07-16-at-12-01-49-AM_png_jpg.rf.5cef101a67a0b370d389cb10d4492a37.jpg, 0, 0, 0, 0, 0, 0, 0, 0, 0, 0, 0, 0, 0, 0, 0, 0, 0, 0, 0, 0, 0, 0, 0, 0, 0, 0, 0, 0, 1, 0
t1-JPG3rot_jpg.rf.5de2dcfebd0f797131522206c9794fb1.jpg, 0, 0, 0, 0, 0, 0, 0, 0, 0, 0, 0, 0, 0, 0, 0, 0, 0, 0, 0, 0, 0, 0, 0, 1, 0, 0, 0, 0, 0, 0
Screen-Shot-2023-07-15-at-11-12-14-PM_png_jpg.rf.5cfaf4cd43c7fd9c845fde2768f4b0e6.jpg, 0, 0, 0, 0, 0, 0, 0, 0, 0, 0, 1, 0, 0, 0, 0, 0, 0, 0, 0, 0, 0, 0, 0, 0, 0, 0, 0, 0, 0, 0
Screen-Shot-2023-07-16-at-12-03-54-AM_png_jpg.rf.5cb4f6a92f7536e7f2227bd274efbaad.jpg, 0, 0, 0, 0, 0, 0, 0, 0, 0, 0, 0, 0, 0, 0, 0, 0, 0, 0, 0, 0, 0, 0, 0, 0, 0, 0, 0, 0, 0, 1
Screen-Shot-2023-07-15-at-10-47-56-PM_png_jpg.rf.5d4d5641ebfc270bf1ca0d960d229a4a.jpg, 0, 0, 0, 1, 0, 0, 0, 0, 0, 0, 0, 0, 0, 0, 0, 0, 0, 0, 0, 0, 0, 0, 0, 0, 0, 0, 0, 0, 0, 0
d1-JPG17rot_jpg.rf.5c0e9100dd2cc80cde8ebe4cb8eac68f.jpg, 0, 0, 0, 0, 0, 1, 0, 0, 0, 0, 0, 0, 0, 0, 0, 0, 0, 0, 0, 0, 0, 0, 0, 0, 0, 0, 0, 0, 0, 0
Screen-Shot-2023-07-15-at-11-54-36-PM_png.rf.5e039a69df499bc4c474eae473adf289.jpg, 0, 0, 0, 0, 0, 0, 0, 0, 0, 0, 0, 0, 0, 0, 0, 0, 0, 0, 0, 0, 0, 0, 0, 0, 0, 1, 0, 0, 0, 0
Screen-Shot-2023-07-11-at-12-28-38-PM_png_jpg.rf.5e00b71383b835c988b954d772f1c533.jpg, 0, 0, 0, 0, 1, 0, 0, 0, 0, 0, 0, 0, 0, 0, 0, 0, 0, 0, 0, 0, 0, 0, 0, 0, 0, 0, 0, 0, 0, 0
Screen-Shot-2023-07-15-at-11-10-19-PM_png_jpg.rf.5bfe4496d662e271efaf9c1d00e26e21.jpg, 0, 0, 0, 0, 0, 0, 0, 0, 0, 1, 0, 0, 0, 0, 0, 0, 0, 0, 0, 0, 0, 0, 0, 0, 0, 0, 0, 0, 0, 0
Screen-Shot-2023-07-15-at-11-57-13-PM_png_jpg.rf.5c1c01b5ca777e47371e11d9b8f79add.jpg, 0, 0, 0, 0, 0, 0, 0, 0, 0, 0, 0, 0, 0, 0, 0, 0, 0, 0, 0, 0, 0, 0, 0, 0, 0, 0, 1, 0, 0, 0
Screen-Shot-2023-07-16-at-12-06-40-AM_png_jpg.rf.5b4b17920b861fb6fdc0a8a83e24e08a.jpg, 0, 0, 0, 0, 1, 0, 0, 0, 0, 0, 0, 0, 0, 0, 0, 0, 0, 0, 0, 0, 0, 0, 0, 0, 0, 0, 0, 0, 0, 0
x1-JPG9rot_jpg.rf.5dfe207ccd45bc9cc2ffa1b362362a0a.jpg, 0, 0, 0, 0, 0, 0, 0, 0, 0, 0, 0, 0, 0, 0, 0, 0, 0, 0, 0, 0, 0, 0, 0, 0, 0, 0, 0, 1, 0, 0
Screen-Shot-2023-07-17-at-12-00-03-AM_png_jpg.rf.5d8fc1363edb0ebdd75d666344c0f71a.jpg, 0, 0, 0, 0, 0, 0, 0, 0, 0, 1, 0, 0, 0, 0, 0, 0, 0, 0, 0, 0, 0, 0, 0, 0, 0, 0, 0, 0, 0, 0
Screen-Shot-2023-07-15-at-11-56-39-PM_png.rf.5e27ffbcfaf8070bb624b2dd0a95d707.jpg, 0, 0, 0, 0, 0, 0, 0, 0, 0, 0, 0, 0, 0, 0, 0, 0, 0, 0, 0, 0, 0, 0, 0, 0, 0, 0, 1, 0, 0, 0
Screen-Shot-2023-07-15-at-10-48-38-PM-copy-2_png.rf.5e973736c8936ae10795b9369b5a10be.jpg, 0, 0, 0, 0, 0, 0, 1, 0, 0, 0, 0, 0, 0, 0, 0, 0, 0, 0, 0, 0, 0, 0, 0, 0, 0, 0, 0, 0, 0, 0
u1-JPG17whs_jpg.rf.5e6a8b71f57dab5c97e68a19e7d5e531.jpg, 0, 0, 0, 0, 0, 0, 0, 0, 0, 0, 0, 0, 0, 0, 0, 0, 0, 0, 0, 0, 0, 0, 0, 0, 1, 0, 0, 0, 0, 0
Screen-Shot-2023-07-15-at-11-20-16-PM_png_jpg.rf.5e064bb69b027a3850d5784bbece1325.jpg, 0, 0, 0, 0, 0, 0, 0, 0, 0, 0, 0, 0, 0, 1, 0, 0, 0, 0, 0, 0, 0, 0, 0, 0, 0, 0, 0, 0, 0, 0
o1-JPG12rot_jpg.rf.5e70dd0117fa5daf00092ca8e692916e.jpg, 0, 0, 0, 0, 0, 0, 0, 0, 0, 0, 0, 0, 0, 0, 0, 0, 1, 0, 0, 0, 0, 0, 0, 0, 0, 0, 0, 0, 0, 0
v1-JPG18dim_jpg.rf.5e6db46e6875316d17058908825c66b9.jpg, 1, 0, 0, 0, 0, 0, 0, 0, 0, 0, 0, 0, 0, 0, 0, 0, 0, 0, 0, 0, 0, 0, 0, 0, 0, 0, 0, 0, 0, 0
Screen-Shot-2023-07-16-at-11-55-22-PM_png_jpg.rf.5ea08891d3fd3e60ce9b61636546f4c4.jpg, 0, 0, 0, 0, 0, 0, 1, 0, 0, 0, 0, 0, 0, 0, 0, 0, 0, 0, 0, 0, 0, 0, 0, 0, 0, 0, 0, 0, 0, 0
a1-JPG0rot_jpg.rf.5e58bce2cdb4dea16018fff7ecb3eb58.jpg, 1, 0, 0, 0, 0, 0, 0, 0, 0, 0, 0, 0, 0, 0, 0, 0, 0, 0, 0, 0, 0, 0, 0, 0, 0, 0, 0, 0, 0, 0
Screen-Shot-2023-07-17-at-12-08-48-AM_png_jpg.rf.5f19fbf2ac220cb4a7627c77bb570288.jpg, 0, 0, 0, 0, 0, 0, 0, 0, 0, 0, 0, 0, 0, 0, 0, 0, 0, 1, 0, 0, 0, 0, 0, 0, 0, 0, 0, 0, 0, 0
Screen-Shot-2023-07-16-at-11-59-24-PM_png.rf.5e9767c2858b47f8b166b5ede127a443.jpg, 0, 0, 0, 0, 0, 0, 0, 0, 0, 1, 0, 0, 0, 0, 0, 0, 0, 0, 0, 0, 0, 0, 0, 0, 0, 0, 0, 0, 0, 0
n1-JPG7dim_jpg.rf.6047c2490f4924dbb7e7c0ed89041eda.jpg, 0, 0, 0, 0, 0, 0, 0, 0, 0, 0, 0, 0, 0, 0, 0, 1, 0, 0, 0, 0, 0, 0, 0, 0, 0, 0, 0, 0, 0, 0
Screen-Shot-2023-07-16-at-11-57-45-PM_png_jpg.rf.5e5887c2f53f0e20051f3c5c3251817a.jpg, 0, 0, 0, 0, 0, 0, 0, 1, 0, 0, 0, 0, 0, 0, 0, 0, 0, 0, 0, 0, 0, 0, 0, 0, 0, 0, 0, 0, 0, 0
Screen-Shot-2023-07-17-at-12-15-50-AM_png_jpg.rf.5f60b6d2a6c49117bdf807b1c6d2547f.jpg, 0, 0, 0, 0, 0, 0, 0, 0, 0, 0, 0, 0, 0, 0, 0, 0, 0, 0, 0, 0, 0, 0, 0, 0, 0, 0, 1, 0, 0, 0
Screen-Shot-2023-07-17-at-12-23-08-AM_png_jpg.rf.5e9794b81cf0000b6c4049e2e9af7c28.jpg, 0, 0, 0, 0, 0, 0, 0, 0, 0, 0, 0, 0, 0, 0, 0, 0, 0, 0, 0, 0, 1, 0, 0, 0, 0, 0, 0, 0, 0, 0
y1-JPG15dim_jpg.rf.6005d38aa1711b61bf56b33323543dad.jpg, 0, 0, 0, 0, 0, 0, 0, 0, 0, 0, 0, 0, 0, 0, 0, 0, 0, 0, 0, 0, 0, 0, 0, 0, 0, 0, 0, 0, 1, 0
Screen-Shot-2023-07-17-at-12-05-40-AM_png_jpg.rf.60bdfd1054064101239aa21f6c360c5e.jpg, 0, 0, 0, 0, 0, 0, 0, 0, 0, 0, 0, 0, 0, 1, 0, 0, 0, 0, 0, 0, 0, 0, 0, 0, 0, 0, 0, 0, 0, 0
Screen-Shot-2023-07-15-at-11-22-49-PM_png_jpg.rf.609ce49f910d34d8bb82b239f4d46825.jpg, 0, 0, 0, 0, 0, 0, 0, 0, 0, 0, 0, 0, 0, 0, 1, 0, 0, 0, 0, 0, 0, 0, 0, 0, 0, 0, 0, 0, 0, 0
Screen-Shot-2023-07-15-at-10-59-38-PM_png_jpg.rf.5edbf846c500d7a89813007e1a4e3309.jpg, 0, 0, 1, 0, 0, 0, 0, 0, 0, 0, 0, 0, 0, 0, 0, 0, 0, 0, 0, 0, 0, 0, 0, 0, 0, 0, 0, 0, 0, 0
d1-JPG17dim_jpg.rf.60eb345480d02aa01f05167fed9c6b67.jpg, 1, 0, 0, 0, 0, 0, 0, 0, 0, 0, 0, 0, 0, 0, 0, 0, 0, 0, 0, 0, 0, 0, 0, 0, 0, 0, 0, 0, 0, 0
Screen-Shot-2023-07-15-at-10-58-21-PM_png_jpg.rf.5eea0925527d873d389598ff3b8207d3.jpg, 0, 0, 1, 0, 0, 0, 0, 0, 0, 0, 0, 0, 0, 0, 0, 0, 0, 0, 0, 0, 0, 0, 0, 0, 0, 0, 0, 0, 0, 0
i1-JPG19whs_jpg.rf.5f3e3aa6eb447a44f80fbf52093ce567.jpg, 0, 0, 0, 0, 0, 0, 0, 0, 0, 0, 1, 0, 0, 0, 0, 0, 0, 0, 0, 0, 0, 0, 0, 0, 0, 0, 0, 0, 0, 0
Screen-Shot-2023-07-16-at-12-16-08-PM_png_jpg.rf.6113444d692a4eeda0d10e03253fd657.jpg, 0, 0, 0, 0, 0, 0, 0, 0, 0, 0, 0, 0, 0, 0, 0, 0, 0, 0, 1, 0, 0, 0, 0, 0, 0, 0, 0, 0, 0, 0
Screen-Shot-2023-07-15-at-11-33-46-PM_png.rf.611175f2df0b35bfd01d21bd50a086fd.jpg, 0, 0, 0, 0, 0, 0, 0, 0, 0, 0, 0, 0, 0, 0, 0, 0, 0, 1, 0, 0, 0, 0, 0, 0, 0, 0, 0, 0, 0, 0
Screen-Shot-2023-07-15-at-11-16-05-PM-copy_png_jpg.rf.60b12b06520d40d682c676a712111a8b.jpg, 0, 0, 0, 0, 0, 0, 0, 0, 0, 0, 0, 1, 0, 0, 0, 0, 0, 0, 0, 0, 0, 0, 0, 0, 0, 0, 0, 0, 0, 0
Screen-Shot-2023-07-17-at-12-12-11-AM_png.rf.605f55eef51d28984fd4e6c33f87b655.jpg, 0, 0, 0, 0, 0, 0, 0, 0, 0, 0, 0, 0, 0, 0, 0, 0, 0, 0, 0, 0, 0, 0, 1, 0, 0, 0, 0, 0, 0, 0
Screen-Shot-2023-07-16-at-12-03-05-AM_png_jpg.rf.5f5946152583c11cdaab0e32f095a005.jpg, 0, 0, 0, 0, 0, 0, 0, 0, 0, 0, 0, 0, 0, 0, 0, 0, 0, 0, 0, 0, 0, 0, 0, 0, 0, 0, 0, 0, 0, 1
Screen-Shot-2023-07-11-at-12-28-23-PM_png_jpg.rf.61192226fbd502186349687a6d54e3c2.jpg, 0, 0, 0, 0, 0, 0, 0, 0, 0, 0, 0, 0, 0, 0, 0, 0, 0, 0, 1, 0, 0, 0, 0, 0, 0, 0, 0, 0, 0, 0
e1-JPG15whs_jpg.rf.5ff138a0bda7a6f171d01c3b0b07a23d.jpg, 0, 0, 0, 0, 0, 0, 1, 0, 0, 0, 0, 0, 0, 0, 0, 0, 0, 0, 0, 0, 0, 0, 0, 0, 0, 0, 0, 0, 0, 0
Screen-Shot-2023-07-17-at-12-18-20-AM_png_jpg.rf.614a0ec8757c960008722401f8d4df72.jpg, 0, 0, 0, 0, 0, 0, 0, 0, 0, 0, 0, 0, 0, 0, 0, 0, 0, 0, 0, 0, 0, 0, 0, 0, 0, 0, 0, 0, 0, 1
e1-JPG17whs_jpg.rf.5f1f157ee7f6211586521e8b645feb38.jpg, 0, 0, 0, 0, 0, 0, 1, 0, 0, 0, 0, 0, 0, 0, 0, 0, 0, 0, 0, 0, 0, 0, 0, 0, 0, 0, 0, 0, 0, 0
Screen-Shot-2023-07-15-at-11-55-58-PM_png_jpg.rf.607434b2336447000ba270973c236172.jpg, 0, 0, 0, 0, 0, 0, 0, 0, 0, 0, 0, 0, 0, 0, 0, 0, 0, 0, 0, 0, 0, 0, 0, 0, 0, 1, 0, 0, 0, 0
Screen-Shot-2023-07-17-at-12-07-20-AM_png.rf.6179d85dbad68acc1183153808d06a97.jpg, 0, 0, 0, 0, 0, 0, 0, 0, 0, 0, 0, 0, 0, 0, 0, 1, 0, 0, 0, 0, 0, 0, 0, 0, 0, 0, 0, 0, 0, 0
Screen-Shot-2023-07-15-at-11-32-46-PM_png.rf.5e9971903e9fa5f33db350ec8cea04e3.jpg, 0, 0, 0, 0, 0, 0, 0, 0, 0, 0, 0, 0, 0, 0, 0, 0, 0, 1, 0, 0, 0, 0, 0, 0, 0, 0, 0, 0, 0, 0
e1-JPG11rot_jpg.rf.6252991b02d57dcad4c7c308e6067961.jpg, 0, 0, 0, 0, 0, 0, 1, 0, 0, 0, 0, 0, 0, 0, 0, 0, 0, 0, 0, 0, 0, 0, 0, 0, 0, 0, 0, 0, 0, 0
Screen-Shot-2023-07-17-at-12-15-33-AM_png.rf.610f42c99a3716bf4a53bd2481455d33.jpg, 0, 0, 0, 0, 0, 0, 0, 0, 0, 0, 0, 0, 0, 0, 0, 0, 0, 0, 0, 0, 0, 0, 0, 0, 0, 0, 1, 0, 0, 0
Screen-Shot-2023-07-15-at-11-44-05-PM_png_jpg.rf.61ce37504584702589c2cf1d415478c8.jpg, 0, 0, 0, 0, 0, 0, 0, 0, 0, 0, 0, 0, 0, 0, 0, 0, 0, 0, 0, 0, 0, 0, 1, 0, 0, 0, 0, 0, 0, 0
Screen-Shot-2023-07-15-at-11-42-36-PM_png_jpg.rf.6248959bab9956f9b0229006c67ffed2.jpg, 0, 0, 0, 0, 0, 0, 0, 0, 0, 0, 0, 0, 0, 0, 0, 0, 0, 0, 0, 0, 0, 0, 1, 0, 0, 0, 0, 0, 0, 0
g1-JPG15dim_jpg.rf.62d91b7d899712ccb4c1ec2a21c506ce.jpg, 0, 0, 0, 0, 0, 0, 0, 0, 1, 0, 0, 0, 0, 0, 0, 0, 0, 0, 0, 0, 0, 0, 0, 0, 0, 0, 0, 0, 0, 0
Screen-Shot-2023-07-15-at-11-47-19-PM_png_jpg.rf.6168b8efe254716691573c45472ec4f9.jpg, 0, 0, 0, 0, 0, 0, 0, 0, 0, 0, 0, 0, 0, 0, 0, 0, 0, 0, 0, 0, 0, 0, 0, 1, 0, 0, 0, 0, 0, 0
Screen-Shot-2023-07-15-at-11-14-39-PM_png.rf.61ae970a840210f46ebbcb3787308cca.jpg, 0, 0, 0, 0, 0, 0, 0, 0, 0, 0, 0, 1, 0, 0, 0, 0, 0, 0, 0, 0, 0, 0, 0, 0, 0, 0, 0, 0, 0, 0
Screen-Shot-2023-07-15-at-11-33-58-PM_png.rf.6250741dc235f08b313070b5e554d589.jpg, 0, 0, 0, 0, 0, 0, 0, 0, 0, 0, 0, 0, 0, 0, 0, 0, 0, 1, 0, 0, 0, 0, 0, 0, 0, 0, 0, 0, 0, 0
z1-JPG11dim_jpg.rf.618af483cb03f7f74e1cd538af5a9ae2.jpg, 0, 0, 0, 0, 0, 0, 0, 0, 0, 0, 0, 0, 0, 0, 0, 0, 0, 0, 0, 0, 0, 0, 0, 0, 0, 0, 0, 0, 0, 1
Screen-Shot-2023-07-15-at-11-40-57-PM_png_jpg.rf.620c98dafe1a7f7b03312cf463db2967.jpg, 0, 0, 0, 0, 0, 0, 0, 0, 0, 0, 0, 0, 0, 0, 0, 0, 0, 0, 0, 0, 0, 1, 0, 0, 0, 0, 0, 0, 0, 0
Screen-Shot-2023-07-15-at-11-18-42-PM_png_jpg.rf.628a38e17ce2bdf620964c666b870ff2.jpg, 0, 0, 0, 0, 0, 0, 0, 0, 0, 0, 0, 0, 1, 0, 0, 0, 0, 0, 0, 0, 0, 0, 0, 0, 0, 0, 0, 0, 0, 0
Screen-Shot-2023-07-15-at-11-12-05-PM_png.rf.629afc85bd9daaf8fee794255df67e55.jpg, 0, 0, 0, 0, 0, 0, 0, 0, 0, 0, 1, 0, 0, 0, 0, 0, 0, 0, 0, 0, 0, 0, 0, 0, 0, 0, 0, 0, 0, 0
Screen-Shot-2023-07-15-at-10-57-11-PM_png_jpg.rf.62e69e139a696ccd3e80574b418418c4.jpg, 0, 1, 0, 0, 0, 0, 0, 0, 0, 0, 0, 0, 0, 0, 0, 0, 0, 0, 0, 0, 0, 0, 0, 0, 0, 0, 0, 0, 0, 0
Screen-Shot-2023-07-16-at-11-46-19-PM_png_jpg.rf.62996d631f3dda540c2d75e478993f0a.jpg, 0, 1, 0, 0, 0, 0, 0, 0, 0, 0, 0, 0, 0, 0, 0, 0, 0, 0, 0, 0, 0, 0, 0, 0, 0, 0, 0, 0, 0, 0
t1-JPG2dim_jpg.rf.626ff47a76af4fe9e2f2df6e66ca20c1.jpg, 0, 0, 0, 0, 0, 0, 0, 0, 0, 0, 0, 0, 0, 0, 0, 0, 0, 0, 0, 0, 0, 0, 0, 1, 0, 0, 0, 0, 0, 0
i1-JPG13rot_jpg.rf.62e109bc43d7cf95f848383ea024194f.jpg, 1, 0, 0, 0, 0, 0, 0, 0, 0, 0, 0, 0, 0, 0, 0, 0, 0, 0, 0, 0, 0, 0, 0, 0, 0, 0, 0, 0, 0, 0
Screen-Shot-2023-07-15-at-10-51-36-PM_png_jpg.rf.62416f9435f19dd676d33555b8bc6ab6.jpg, 0, 0, 0, 0, 0, 0, 0, 1, 0, 0, 0, 0, 0, 0, 0, 0, 0, 0, 0, 0, 0, 0, 0, 0, 0, 0, 0, 0, 0, 0
v1-JPG3whs_jpg.rf.61b49b781a7cc3b9b3e8b79d42a4443a.jpg, 0, 0, 0, 0, 0, 0, 0, 0, 0, 0, 0, 0, 0, 0, 0, 0, 0, 0, 0, 0, 0, 0, 0, 0, 0, 1, 0, 0, 0, 0
r1-JPG12rot_jpg.rf.635708cb69d8e290c0a4d5dca6c42490.jpg, 0, 0, 0, 0, 0, 0, 0, 0, 0, 0, 0, 0, 0, 0, 0, 0, 0, 0, 0, 0, 0, 1, 0, 0, 0, 0, 0, 0, 0, 0
Screen-Shot-2023-07-16-at-12-00-58-AM_png_jpg.rf.6337bbd76ae346f97d57459aaac5b2c2.jpg, 0, 0, 0, 0, 0, 0, 0, 0, 0, 0, 0, 0, 0, 0, 0, 0, 0, 0, 0, 0, 0, 0, 0, 0, 0, 0, 0, 0, 1, 0
Screen-Shot-2023-07-15-at-11-40-51-PM_png_jpg.rf.6176eb4f87cacb26323bb89051ee28f0.jpg, 0, 0, 0, 0, 0, 0, 0, 0, 0, 0, 0, 0, 0, 0, 0, 0, 0, 0, 0, 0, 0, 1, 0, 0, 0, 0, 0, 0, 0, 0
Screen-Shot-2023-07-16-at-11-54-28-PM_png_jpg.rf.6311873313ab8c3548e1cb385987226e.jpg, 0, 0, 0, 0, 0, 0, 1, 0, 0, 0, 0, 0, 0, 0, 0, 0, 0, 0, 0, 0, 0, 0, 0, 0, 0, 0, 0, 0, 0, 0
Screen-Shot-2023-07-17-at-12-05-50-AM_png_jpg.rf.63d5c731ca4652fbc847267a2cb19c92.jpg, 0, 0, 0, 0, 0, 0, 0, 0, 0, 0, 0, 0, 0, 0, 1, 0, 0, 0, 0, 0, 0, 0, 0, 0, 0, 0, 0, 0, 0, 0
r1-JPG9whs_jpg.rf.62c04bf4847a932128ab870e3b5a5ef3.jpg, 0, 0, 0, 0, 0, 0, 0, 0, 0, 0, 0, 0, 0, 0, 0, 0, 0, 0, 0, 0, 0, 1, 0, 0, 0, 0, 0, 0, 0, 0
m1-JPG3rot_jpg.rf.634f435a66e829f959b52e2952435a28.jpg, 0, 0, 0, 0, 0, 0, 0, 0, 0, 0, 0, 0, 0, 0, 1, 0, 0, 0, 0, 0, 0, 0, 0, 0, 0, 0, 0, 0, 0, 0
Screen-Shot-2023-07-16-at-12-01-23-AM_png_jpg.rf.63eec92cdc8fe1315ad968263cb3870c.jpg, 0, 0, 0, 0, 0, 0, 0, 0, 0, 0, 0, 0, 0, 0, 0, 0, 0, 0, 0, 0, 0, 0, 0, 0, 0, 0, 0, 0, 1, 0
Screen-Shot-2023-07-15-at-11-40-12-PM_png_jpg.rf.6386ea4a06fa96dc0473950bedf74cfc.jpg, 0, 0, 0, 0, 0, 0, 0, 0, 0, 0, 0, 0, 0, 0, 0, 0, 0, 0, 0, 0, 0, 1, 0, 0, 0, 0, 0, 0, 0, 0
b1-JPG14rot_jpg.rf.63b8d1c4993dc62574a6b1e004a18b15.jpg, 1, 0, 0, 0, 0, 0, 0, 0, 0, 0, 0, 0, 0, 0, 0, 0, 0, 0, 0, 0, 0, 0, 0, 0, 0, 0, 0, 0, 0, 0
Screen-Shot-2023-07-17-at-12-11-37-AM_png_jpg.rf.63e3ae383302fa0a13959e3431b31333.jpg, 0, 0, 0, 0, 0, 0, 0, 0, 0, 0, 0, 0, 0, 0, 0, 0, 0, 0, 0, 0, 0, 1, 0, 0, 0, 0, 0, 0, 0, 0
d1-JPG12rot_jpg.rf.6371e586f4976a156bd9fcfdfd1ec385.jpg, 0, 0, 0, 0, 0, 1, 0, 0, 0, 0, 0, 0, 0, 0, 0, 0, 0, 0, 0, 0, 0, 0, 0, 0, 0, 0, 0, 0, 0, 0
x1-JPG14rot_jpg.rf.6335211a1903a9c408a8cb9165bf216f.jpg, 1, 0, 0, 0, 0, 0, 0, 0, 0, 0, 0, 0, 0, 0, 0, 0, 0, 0, 0, 0, 0, 0, 0, 0, 0, 0, 0, 0, 0, 0
Screen-Shot-2023-07-17-at-12-14-08-AM_png_jpg.rf.63940a9590d047577caad8ecbe9f24b4.jpg, 0, 0, 0, 0, 0, 0, 0, 0, 0, 0, 0, 0, 0, 0, 0, 0, 0, 0, 0, 0, 0, 0, 0, 0, 1, 0, 0, 0, 0, 0
k1-JPG4rot_jpg.rf.63e0703238ee63aff9064480d79931ba.jpg, 0, 0, 0, 0, 0, 0, 0, 0, 0, 0, 0, 0, 1, 0, 0, 0, 0, 0, 0, 0, 0, 0, 0, 0, 0, 0, 0, 0, 0, 0
Screen-Shot-2023-07-15-at-10-49-05-PM_png_jpg.rf.6323b13c547f67db56120b64924b97ed.jpg, 0, 0, 0, 0, 0, 0, 0, 1, 0, 0, 0, 0, 0, 0, 0, 0, 0, 0, 0, 0, 0, 0, 0, 0, 0, 0, 0, 0, 0, 0
Screen-Shot-2023-07-15-at-11-19-35-PM_png_jpg.rf.63d25a6e6981d1f6e200a044593cd60c.jpg, 0, 0, 0, 0, 0, 0, 0, 0, 0, 0, 0, 0, 0, 1, 0, 0, 0, 0, 0, 0, 0, 0, 0, 0, 0, 0, 0, 0, 0, 0
Screen-Shot-2023-07-15-at-11-33-08-PM_png_jpg.rf.63f76431cdf1fb11c071ca6fd75a61e7.jpg, 0, 0, 0, 0, 0, 0, 0, 0, 0, 0, 0, 0, 0, 0, 0, 0, 0, 1, 0, 0, 0, 0, 0, 0, 0, 0, 0, 0, 0, 0
Screen-Shot-2023-07-16-at-12-17-05-PM_png_jpg.rf.648051bad42c0b6ee8eae50f01f67fb3.jpg, 0, 0, 0, 0, 0, 0, 0, 0, 0, 0, 0, 0, 0, 0, 0, 0, 0, 0, 1, 0, 0, 0, 0, 0, 0, 0, 0, 0, 0, 0
Screen-Shot-2023-07-17-at-12-11-08-AM_png_jpg.rf.63fbeb7ee9ac550dbcd259cc6ed878c8.jpg, 0, 0, 0, 0, 0, 0, 0, 0, 0, 0, 0, 0, 0, 0, 0, 0, 0, 0, 0, 0, 0, 1, 0, 0, 0, 0, 0, 0, 0, 0
Screen-Shot-2023-07-15-at-10-58-09-PM_png_jpg.rf.645e037843140cc86e7aa9cd9debca33.jpg, 0, 0, 1, 0, 0, 0, 0, 0, 0, 0, 0, 0, 0, 0, 0, 0, 0, 0, 0, 0, 0, 0, 0, 0, 0, 0, 0, 0, 0, 0
Screen-Shot-2023-07-15-at-11-30-28-PM_png.rf.641d269e6c35bbf29241aec211fc4509.jpg, 0, 0, 0, 0, 0, 0, 0, 0, 0, 0, 0, 0, 0, 0, 0, 0, 1, 0, 0, 0, 0, 0, 0, 0, 0, 0, 0, 0, 0, 0
Screen-Shot-2023-07-15-at-11-43-26-PM_png_jpg.rf.63f0602eea088c3979d2aebf641cf714.jpg, 0, 0, 0, 0, 0, 0, 0, 0, 0, 0, 0, 0, 0, 0, 0, 0, 0, 0, 0, 0, 0, 0, 1, 0, 0, 0, 0, 0, 0, 0
Screen-Shot-2023-07-16-at-12-05-55-AM_png_jpg.rf.636be1b29916700b338212612bc83b05.jpg, 0, 0, 0, 0, 1, 0, 0, 0, 0, 0, 0, 0, 0, 0, 0, 0, 0, 0, 0, 0, 0, 0, 0, 0, 0, 0, 0, 0, 0, 0
Screen-Shot-2023-07-16-at-11-43-22-PM_png_jpg.rf.63378eaeb76b398e787309aa074780b7.jpg, 0, 1, 0, 0, 0, 0, 0, 0, 0, 0, 0, 0, 0, 0, 0, 0, 0, 0, 0, 0, 0, 0, 0, 0, 0, 0, 0, 0, 0, 0
Screen-Shot-2023-07-15-at-11-37-01-PM_png_jpg.rf.63f482ba1e431d7f8a39e89c7d9bc233.jpg, 0, 0, 0, 0, 0, 0, 0, 0, 0, 0, 0, 0, 0, 0, 0, 0, 0, 0, 0, 1, 0, 0, 0, 0, 0, 0, 0, 0, 0, 0
r1-JPG2whs_jpg.rf.64e1cee9ac913a2dd736ea9bd7da1745.jpg, 0, 0, 0, 0, 0, 0, 0, 0, 0, 0, 0, 0, 0, 0, 0, 0, 0, 0, 0, 0, 0, 1, 0, 0, 0, 0, 0, 0, 0, 0
Screen-Shot-2023-07-15-at-11-28-40-PM_png_jpg.rf.64834d7317e6cd356b55725bb117475f.jpg, 0, 0, 0, 0, 0, 0, 0, 0, 0, 0, 0, 0, 0, 0, 0, 0, 1, 0, 0, 0, 0, 0, 0, 0, 0, 0, 0, 0, 0, 0
Screen-Shot-2023-07-15-at-11-33-23-PM_png.rf.64aeeaf54109fc5b9872c894b760e6e1.jpg, 0, 0, 0, 0, 0, 0, 0, 0, 0, 0, 0, 0, 0, 0, 0, 0, 0, 1, 0, 0, 0, 0, 0, 0, 0, 0, 0, 0, 0, 0
g1-JPG10dim_jpg.rf.649ccecd7fecc0aae7becf2b5a25d130.jpg, 0, 0, 0, 0, 0, 0, 0, 0, 1, 0, 0, 0, 0, 0, 0, 0, 0, 0, 0, 0, 0, 0, 0, 0, 0, 0, 0, 0, 0, 0
z1-JPG18rot_jpg.rf.6450d9bad59c9f567e157744dce579cb.jpg, 0, 0, 0, 0, 0, 0, 0, 0, 0, 0, 0, 0, 0, 0, 0, 0, 0, 0, 0, 0, 0, 0, 0, 0, 0, 0, 0, 0, 0, 1
Screen-Shot-2023-07-15-at-11-31-58-PM_png_jpg.rf.646fccf09703e94464fe3fa811ad6074.jpg, 0, 0, 0, 0, 0, 0, 0, 0, 0, 0, 0, 0, 0, 0, 0, 0, 1, 0, 0, 0, 0, 0, 0, 0, 0, 0, 0, 0, 0, 0
Screen-Shot-2023-07-16-at-12-00-48-AM_png_jpg.rf.658a43fbac55a0b0d24e770afa87dd29.jpg, 0, 0, 0, 0, 0, 0, 0, 0, 0, 0, 0, 0, 0, 0, 0, 0, 0, 0, 0, 0, 0, 0, 0, 0, 0, 0, 0, 0, 1, 0
Screen-Shot-2023-07-17-at-12-13-49-AM_png_jpg.rf.6560e01b1464ffb5d661f6a999535cc8.jpg, 0, 0, 0, 0, 0, 0, 0, 0, 0, 0, 0, 0, 0, 0, 0, 0, 0, 0, 0, 0, 0, 0, 0, 0, 1, 0, 0, 0, 0, 0
Screen-Shot-2023-07-15-at-11-12-22-PM_png_jpg.rf.659c4745c454b8e6da598bc856155f7e.jpg, 0, 0, 0, 0, 0, 0, 0, 0, 0, 0, 1, 0, 0, 0, 0, 0, 0, 0, 0, 0, 0, 0, 0, 0, 0, 0, 0, 0, 0, 0
Screen-Shot-2023-07-16-at-12-16-54-PM_png_jpg.rf.6523a6caba70c3d8e818f1570eee769a.jpg, 0, 0, 0, 0, 0, 0, 0, 0, 0, 0, 0, 0, 0, 0, 0, 0, 0, 0, 1, 0, 0, 0, 0, 0, 0, 0, 0, 0, 0, 0
Screen-Shot-2023-07-15-at-11-56-06-PM_png_jpg.rf.64e9fa8ea83af0425049bae97da70019.jpg, 0, 0, 0, 0, 0, 0, 0, 0, 0, 0, 0, 0, 0, 0, 0, 0, 0, 0, 0, 0, 0, 0, 0, 0, 0, 1, 0, 0, 0, 0
Screen-Shot-2023-07-17-at-12-13-12-AM_png_jpg.rf.66274556ae9089fcc9733bd6cf06cc16.jpg, 0, 0, 0, 0, 0, 0, 0, 0, 0, 0, 0, 0, 0, 0, 0, 0, 0, 0, 0, 0, 0, 0, 0, 0, 1, 0, 0, 0, 0, 0
Screen-Shot-2023-07-15-at-11-28-40-PM_png_jpg.rf.66549cd0a672ff1acccc501278f8dff9.jpg, 0, 0, 0, 0, 0, 0, 0, 0, 0, 0, 0, 0, 0, 0, 0, 0, 1, 0, 0, 0, 0, 0, 0, 0, 0, 0, 0, 0, 0, 0
b1-JPG16rot_jpg.rf.64fe1d3e0fb6c005e1bdd6ab6ff722d5.jpg, 1, 0, 0, 0, 0, 0, 0, 0, 0, 0, 0, 0, 0, 0, 0, 0, 0, 0, 0, 0, 0, 0, 0, 0, 0, 0, 0, 0, 0, 0
Screen-Shot-2023-07-17-at-12-00-40-AM_png_jpg.rf.65e5fc5bfd54d6cfedfd8f28d61f2ea3.jpg, 0, 0, 0, 0, 0, 0, 0, 0, 0, 0, 1, 0, 0, 0, 0, 0, 0, 0, 0, 0, 0, 0, 0, 0, 0, 0, 0, 0, 0, 0
Screen-Shot-2023-07-15-at-11-05-01-PM_png_jpg.rf.6609bd394e910f1851f9bb956addaab7.jpg, 0, 0, 0, 0, 0, 0, 1, 0, 0, 0, 0, 0, 0, 0, 0, 0, 0, 0, 0, 0, 0, 0, 0, 0, 0, 0, 0, 0, 0, 0
Screen-Shot-2023-07-11-at-12-28-23-PM_png-copy_jpg.rf.650e9e21d6bc499b12d696dccb3e4ccd.jpg, 0, 0, 0, 0, 0, 0, 0, 0, 0, 0, 0, 0, 0, 0, 0, 0, 0, 0, 1, 0, 0, 0, 0, 0, 0, 0, 0, 0, 0, 0
s1-JPG8whs_jpg.rf.6607744c51ea45e2adf1c40399da13ae.jpg, 1, 0, 0, 0, 0, 0, 0, 0, 0, 0, 0, 0, 0, 0, 0, 0, 0, 0, 0, 0, 0, 0, 0, 0, 0, 0, 0, 0, 0, 0
d1-JPG10whs_jpg.rf.66b1479bade21114b1229339d41fc323.jpg, 0, 0, 0, 0, 0, 1, 0, 0, 0, 0, 0, 0, 0, 0, 0, 0, 0, 0, 0, 0, 0, 0, 0, 0, 0, 0, 0, 0, 0, 0
Screen-Shot-2023-07-15-at-11-36-13-PM_png_jpg.rf.666cf72161911e04d870e09b32e7141a.jpg, 0, 0, 0, 0, 0, 0, 0, 0, 0, 0, 0, 0, 0, 0, 0, 0, 0, 0, 0, 1, 0, 0, 0, 0, 0, 0, 0, 0, 0, 0
Screen-Shot-2023-07-15-at-10-59-00-PM_png_jpg.rf.66385ceaaa668b2807ab9bdc9f5522c1.jpg, 0, 0, 1, 0, 0, 0, 0, 0, 0, 0, 0, 0, 0, 0, 0, 0, 0, 0, 0, 0, 0, 0, 0, 0, 0, 0, 0, 0, 0, 0
Screen-Shot-2023-07-15-at-11-36-55-PM_png_jpg.rf.66e4bc144ddf2c94ac6f056c5834c066.jpg, 0, 0, 0, 0, 0, 0, 0, 0, 0, 0, 0, 0, 0, 0, 0, 0, 0, 0, 0, 1, 0, 0, 0, 0, 0, 0, 0, 0, 0, 0
Screen-Shot-2023-07-15-at-11-55-26-PM_png_jpg.rf.664442be57d4dc94812b59952dc2207e.jpg, 0, 0, 0, 0, 0, 0, 0, 0, 0, 0, 0, 0, 0, 0, 0, 0, 0, 0, 0, 0, 0, 0, 0, 0, 0, 1, 0, 0, 0, 0
Screen-Shot-2023-07-15-at-11-19-40-PM_png_jpg.rf.66aff6f768c5db3288cad3f72f2652c6.jpg, 0, 0, 0, 0, 0, 0, 0, 0, 0, 0, 0, 0, 0, 1, 0, 0, 0, 0, 0, 0, 0, 0, 0, 0, 0, 0, 0, 0, 0, 0
d1-JPG4whs_jpg.rf.6598839b5f1046f8c8614cf9c800fa33.jpg, 1, 0, 0, 0, 0, 0, 0, 0, 0, 0, 0, 0, 0, 0, 0, 0, 0, 0, 0, 0, 0, 0, 0, 0, 0, 0, 0, 0, 0, 0
Screen-Shot-2023-07-16-at-11-52-36-PM_png.rf.65d787d7b9386b08fc191ddbed720895.jpg, 0, 0, 0, 0, 0, 1, 0, 0, 0, 0, 0, 0, 0, 0, 0, 0, 0, 0, 0, 0, 0, 0, 0, 0, 0, 0, 0, 0, 0, 0
Screen-Shot-2023-07-15-at-10-59-38-PM_png_jpg.rf.669d17876b8bdc1460a29cea8a851eec.jpg, 0, 0, 1, 0, 0, 0, 0, 0, 0, 0, 0, 0, 0, 0, 0, 0, 0, 0, 0, 0, 0, 0, 0, 0, 0, 0, 0, 0, 0, 0
Screen-Shot-2023-07-16-at-11-50-36-PM_png_jpg.rf.653dbd2e0d0362b71852ec3f1cfcfd18.jpg, 0, 0, 0, 1, 0, 0, 0, 0, 0, 0, 0, 0, 0, 0, 0, 0, 0, 0, 0, 0, 0, 0, 0, 0, 0, 0, 0, 0, 0, 0
Screen-Shot-2023-07-15-at-11-34-07-PM_png_jpg.rf.671a90b5a200643c5192cebe1e9dfd14.jpg, 0, 0, 0, 0, 0, 0, 0, 0, 0, 0, 0, 0, 0, 0, 0, 0, 0, 1, 0, 0, 0, 0, 0, 0, 0, 0, 0, 0, 0, 0
Screen-Shot-2023-07-17-at-12-00-19-AM_png.rf.6588534d2b927f9885476889debee76b.jpg, 0, 0, 0, 0, 0, 0, 0, 0, 0, 0, 1, 0, 0, 0, 0, 0, 0, 0, 0, 0, 0, 0, 0, 0, 0, 0, 0, 0, 0, 0
Screen-Shot-2023-07-16-at-12-01-11-AM_png.rf.67660da3effb76617551d957c11ed834.jpg, 0, 0, 0, 0, 0, 0, 0, 0, 0, 0, 0, 0, 0, 0, 0, 0, 0, 0, 0, 0, 0, 0, 0, 0, 0, 0, 0, 0, 1, 0
Screen-Shot-2023-07-16-at-12-09-52-AM_png_jpg.rf.6702d287b1322dfe7462777b9840c777.jpg, 0, 0, 0, 0, 0, 0, 0, 0, 0, 0, 0, 0, 0, 0, 0, 0, 0, 0, 0, 0, 1, 0, 0, 0, 0, 0, 0, 0, 0, 0
Screen-Shot-2023-07-15-at-10-58-21-PM_png_jpg.rf.65b230730f2b834a638e8bf8e740764d.jpg, 0, 0, 1, 0, 0, 0, 0, 0, 0, 0, 0, 0, 0, 0, 0, 0, 0, 0, 0, 0, 0, 0, 0, 0, 0, 0, 0, 0, 0, 0
Screen-Shot-2023-07-15-at-11-56-06-PM_png_jpg.rf.67f57dd52176e2a98908259d5069b52f.jpg, 0, 0, 0, 0, 0, 0, 0, 0, 0, 0, 0, 0, 0, 0, 0, 0, 0, 0, 0, 0, 0, 0, 0, 0, 0, 1, 0, 0, 0, 0
Screen-Shot-2023-07-15-at-10-58-21-PM_png_jpg.rf.67d39c9238cf36a19ef1687e746db06c.jpg, 0, 0, 1, 0, 0, 0, 0, 0, 0, 0, 0, 0, 0, 0, 0, 0, 0, 0, 0, 0, 0, 0, 0, 0, 0, 0, 0, 0, 0, 0
Screen-Shot-2023-07-16-at-12-02-13-AM_png_jpg.rf.675c3e6f1f92067ab1ee71124b6cbaf9.jpg, 0, 0, 0, 0, 0, 0, 0, 0, 0, 0, 0, 0, 0, 0, 0, 0, 0, 0, 0, 0, 0, 0, 0, 0, 0, 0, 0, 0, 1, 0
Screen-Shot-2023-07-17-at-12-13-53-AM_png_jpg.rf.680210a40912710305ce8f1a4ca37ca4.jpg, 0, 0, 0, 0, 0, 0, 0, 0, 0, 0, 0, 0, 0, 0, 0, 0, 0, 0, 0, 0, 0, 0, 0, 0, 1, 0, 0, 0, 0, 0
Screen-Shot-2023-07-17-at-12-12-39-AM_png_jpg.rf.6657ae292add9bf2b90084e279b8b150.jpg, 0, 0, 0, 0, 0, 0, 0, 0, 0, 0, 0, 0, 0, 0, 0, 0, 0, 0, 0, 0, 0, 0, 0, 1, 0, 0, 0, 0, 0, 0
Screen-Shot-2023-07-17-at-12-12-43-AM_png_jpg.rf.68172e89f4ab3c006b61bd5dccb213a9.jpg, 0, 0, 0, 0, 0, 0, 0, 0, 0, 0, 0, 0, 0, 0, 0, 0, 0, 0, 0, 0, 0, 0, 0, 1, 0, 0, 0, 0, 0, 0
Screen-Shot-2023-07-15-at-11-36-25-PM_png_jpg.rf.67d544f592e40dbb61a47bbdd64e632a.jpg, 0, 0, 0, 0, 0, 0, 0, 0, 0, 0, 0, 0, 0, 0, 0, 0, 0, 0, 0, 1, 0, 0, 0, 0, 0, 0, 0, 0, 0, 0
Screen-Shot-2023-07-15-at-11-58-18-PM_png_jpg.rf.671ac89c77739541cbe6afed9343fbcf.jpg, 0, 0, 0, 0, 0, 0, 0, 0, 0, 0, 0, 0, 0, 0, 0, 0, 0, 0, 0, 0, 0, 0, 0, 0, 0, 0, 0, 1, 0, 0
Screen-Shot-2023-07-15-at-11-03-30-PM_png_jpg.rf.68239d47f1de46c0f422d0af4dfc1f5c.jpg, 0, 0, 0, 0, 0, 1, 0, 0, 0, 0, 0, 0, 0, 0, 0, 0, 0, 0, 0, 0, 0, 0, 0, 0, 0, 0, 0, 0, 0, 0
Screen-Shot-2023-07-15-at-11-17-50-PM_png_jpg.rf.68ca6a9910363e1cd715951bd27db1f7.jpg, 0, 0, 0, 0, 0, 0, 0, 0, 0, 0, 0, 0, 1, 0, 0, 0, 0, 0, 0, 0, 0, 0, 0, 0, 0, 0, 0, 0, 0, 0
Screen-Shot-2023-07-15-at-11-27-15-PM_png_jpg.rf.6853e8b76aa4a7651c284a66fd4c507c.jpg, 0, 0, 0, 0, 0, 0, 0, 0, 0, 0, 0, 0, 0, 0, 0, 1, 0, 0, 0, 0, 0, 0, 0, 0, 0, 0, 0, 0, 0, 0
Screen-Shot-2023-07-16-at-11-48-41-PM_png.rf.682634d0b43b2114a0a663e833f41144.jpg, 0, 0, 0, 1, 0, 0, 0, 0, 0, 0, 0, 0, 0, 0, 0, 0, 0, 0, 0, 0, 0, 0, 0, 0, 0, 0, 0, 0, 0, 0
d1-JPG2dim_jpg.rf.68c0089c62e0f1dac9165a1909de7626.jpg, 0, 0, 0, 0, 0, 1, 0, 0, 0, 0, 0, 0, 0, 0, 0, 0, 0, 0, 0, 0, 0, 0, 0, 0, 0, 0, 0, 0, 0, 0
Screen-Shot-2023-07-15-at-11-12-05-PM_png_jpg.rf.6836029b3815df5d6642e2930d653f6f.jpg, 0, 0, 0, 0, 0, 0, 0, 0, 0, 0, 1, 0, 0, 0, 0, 0, 0, 0, 0, 0, 0, 0, 0, 0, 0, 0, 0, 0, 0, 0
Screen-Shot-2023-07-11-at-12-28-23-PM_png_jpg.rf.66e4c4334491b588679ef8e57c3fe41f.jpg, 0, 0, 0, 0, 0, 0, 0, 0, 0, 0, 0, 0, 0, 0, 0, 0, 0, 0, 1, 0, 0, 0, 0, 0, 0, 0, 0, 0, 0, 0
Screen-Shot-2023-07-17-at-12-21-58-AM_png_jpg.rf.68ef5c6a0252e7b61c928acf299bffbb.jpg, 0, 0, 0, 0, 0, 0, 0, 0, 0, 0, 0, 0, 0, 0, 0, 0, 0, 0, 1, 0, 0, 0, 0, 0, 0, 0, 0, 0, 0, 0
Screen-Shot-2023-07-16-at-12-15-15-PM_png_jpg.rf.6882c06c6c69c4af2b6cdd8774fb01bd.jpg, 0, 0, 0, 0, 0, 0, 0, 0, 0, 0, 0, 0, 0, 0, 0, 0, 0, 0, 1, 0, 0, 0, 0, 0, 0, 0, 0, 0, 0, 0
Screen-Shot-2023-07-15-at-11-15-09-PM_png_jpg.rf.68ef6f3ac42576e07334fb1967bc5ce3.jpg, 0, 0, 0, 0, 0, 0, 0, 0, 0, 0, 0, 1, 0, 0, 0, 0, 0, 0, 0, 0, 0, 0, 0, 0, 0, 0, 0, 0, 0, 0
Screen-Shot-2023-07-15-at-10-50-02-PM_png_jpg.rf.698602122bb7e3a51706b89abc8283c4.jpg, 0, 0, 0, 0, 0, 0, 0, 1, 0, 0, 0, 0, 0, 0, 0, 0, 0, 0, 0, 0, 0, 0, 0, 0, 0, 0, 0, 0, 0, 0
Screen-Shot-2023-07-15-at-10-59-56-PM_png_jpg.rf.6916de515d4514bb9f7fb2730e015547.jpg, 0, 0, 1, 0, 0, 0, 0, 0, 0, 0, 0, 0, 0, 0, 0, 0, 0, 0, 0, 0, 0, 0, 0, 0, 0, 0, 0, 0, 0, 0
Screen-Shot-2023-07-17-at-12-14-47-AM_png_jpg.rf.693f3b18dc1fee270f92562b58fbd50e.jpg, 0, 0, 0, 0, 0, 0, 0, 0, 0, 0, 0, 0, 0, 0, 0, 0, 0, 0, 0, 0, 0, 0, 0, 0, 0, 1, 0, 0, 0, 0
Screen-Shot-2023-07-11-at-12-28-23-PM_png_jpg.rf.67d9b89de2047086adfa1b83cd50813e.jpg, 0, 0, 0, 0, 0, 0, 0, 0, 0, 0, 0, 0, 0, 0, 0, 0, 0, 0, 1, 0, 0, 0, 0, 0, 0, 0, 0, 0, 0, 0
Screen-Shot-2023-07-15-at-11-46-38-PM_png_jpg.rf.684046b68598276953f93a99b5b22f33.jpg, 0, 0, 0, 0, 0, 0, 0, 0, 0, 0, 0, 0, 0, 0, 0, 0, 0, 0, 0, 0, 0, 0, 0, 1, 0, 0, 0, 0, 0, 0
Screen-Shot-2023-07-16-at-12-15-31-PM_png_jpg.rf.68f6fd608cc4b91f4a3bb098b6d9267b.jpg, 0, 0, 0, 0, 0, 0, 0, 0, 0, 0, 0, 0, 0, 0, 0, 0, 0, 0, 1, 0, 0, 0, 0, 0, 0, 0, 0, 0, 0, 0
Screen-Shot-2023-07-15-at-11-44-36-PM_png_jpg.rf.6853cf1c671ab5a814b933342c518977.jpg, 0, 0, 0, 0, 0, 0, 0, 0, 0, 0, 0, 0, 0, 0, 0, 0, 0, 0, 0, 0, 0, 0, 0, 1, 0, 0, 0, 0, 0, 0
Screen-Shot-2023-07-15-at-11-47-01-PM_png_jpg.rf.6985551d4ba3fad8dc49933c945cdcd6.jpg, 0, 0, 0, 0, 0, 0, 0, 0, 0, 0, 0, 0, 0, 0, 0, 0, 0, 0, 0, 0, 0, 0, 0, 1, 0, 0, 0, 0, 0, 0
i1-JPG17dim_jpg.rf.699530578422bec4cf26ffed69fcc8f4.jpg, 0, 0, 0, 0, 0, 0, 0, 0, 0, 0, 1, 0, 0, 0, 0, 0, 0, 0, 0, 0, 0, 0, 0, 0, 0, 0, 0, 0, 0, 0
Screen-Shot-2023-07-15-at-10-58-29-PM_png_jpg.rf.6a229858f1ea7e72ba2b31c21980fe5b.jpg, 0, 0, 1, 0, 0, 0, 0, 0, 0, 0, 0, 0, 0, 0, 0, 0, 0, 0, 0, 0, 0, 0, 0, 0, 0, 0, 0, 0, 0, 0
Screen-Shot-2023-07-17-at-12-06-40-AM_png_jpg.rf.6ac1d67877607df9e814fe9db8f28d77.jpg, 0, 0, 0, 0, 0, 0, 0, 0, 0, 0, 0, 0, 0, 0, 1, 0, 0, 0, 0, 0, 0, 0, 0, 0, 0, 0, 0, 0, 0, 0
Screen-Shot-2023-07-15-at-11-13-29-PM_png_jpg.rf.69af29755d58223b76755706ded8c342.jpg, 0, 0, 0, 0, 0, 0, 0, 0, 0, 0, 1, 0, 0, 0, 0, 0, 0, 0, 0, 0, 0, 0, 0, 0, 0, 0, 0, 0, 0, 0
Screen-Shot-2023-07-16-at-12-03-23-AM_png_jpg.rf.6a62be254dd5204000a2b0c1db450e91.jpg, 0, 0, 0, 0, 0, 0, 0, 0, 0, 0, 0, 0, 0, 0, 0, 0, 0, 0, 0, 0, 0, 0, 0, 0, 0, 0, 0, 0, 0, 1
Screen-Shot-2023-07-15-at-10-52-11-PM_png_jpg.rf.69da720f61eee8d12b1ff4b394d1018a.jpg, 0, 0, 0, 0, 0, 0, 0, 1, 0, 0, 0, 0, 0, 0, 0, 0, 0, 0, 0, 0, 0, 0, 0, 0, 0, 0, 0, 0, 0, 0
Screen-Shot-2023-07-16-at-12-12-25-AM_png_jpg.rf.6a61a8825f0f1843b6f57d446da85a04.jpg, 0, 0, 0, 0, 0, 0, 0, 0, 0, 0, 0, 0, 0, 0, 0, 0, 0, 0, 0, 0, 1, 0, 0, 0, 0, 0, 0, 0, 0, 0
d1-JPG9rot_jpg.rf.692b6ef7ba58f410ef99928e5a749fd4.jpg, 1, 0, 0, 0, 0, 0, 0, 0, 0, 0, 0, 0, 0, 0, 0, 0, 0, 0, 0, 0, 0, 0, 0, 0, 0, 0, 0, 0, 0, 0
Screen-Shot-2023-07-17-at-12-12-16-AM_png_jpg.rf.694c9d6aa4918e97a1d825f6764d2ff3.jpg, 0, 0, 0, 0, 0, 0, 0, 0, 0, 0, 0, 0, 0, 0, 0, 0, 0, 0, 0, 0, 0, 0, 1, 0, 0, 0, 0, 0, 0, 0
Screen-Shot-2023-07-16-at-12-04-07-AM_png.rf.69b79173b93a12ce1432ca5fb41f4b31.jpg, 0, 0, 0, 0, 0, 0, 0, 0, 0, 0, 0, 0, 0, 0, 0, 0, 0, 0, 0, 0, 0, 0, 0, 0, 0, 0, 0, 0, 0, 1
Screen-Shot-2023-07-17-at-12-16-17-AM_png.rf.6a97f232e3c62537770c8b85eae48c8a.jpg, 0, 0, 0, 0, 0, 0, 0, 0, 0, 0, 0, 0, 0, 0, 0, 0, 0, 0, 0, 0, 0, 0, 0, 0, 0, 0, 0, 1, 0, 0
Screen-Shot-2023-07-17-at-12-18-33-AM_png_jpg.rf.6a019ca4cffd60a228a763d0ec96028d.jpg, 0, 0, 0, 0, 0, 0, 0, 0, 0, 0, 0, 0, 0, 0, 0, 0, 0, 0, 0, 0, 0, 0, 0, 0, 0, 0, 0, 0, 0, 1
Screen-Shot-2023-07-15-at-11-42-41-PM_png.rf.6ab5f7b2608f15c22d6b8564022fe92b.jpg, 0, 0, 0, 0, 0, 0, 0, 0, 0, 0, 0, 0, 0, 0, 0, 0, 0, 0, 0, 0, 0, 0, 1, 0, 0, 0, 0, 0, 0, 0
Screen-Shot-2023-07-15-at-11-01-56-PM_png_jpg.rf.69f75598466685d3fb098e84cb451f18.jpg, 0, 0, 0, 1, 0, 0, 0, 0, 0, 0, 0, 0, 0, 0, 0, 0, 0, 0, 0, 0, 0, 0, 0, 0, 0, 0, 0, 0, 0, 0
Screen-Shot-2023-07-15-at-11-56-47-PM_png_jpg.rf.6b26af417cd81253e600b21c4b0a60b7.jpg, 0, 0, 0, 0, 0, 0, 0, 0, 0, 0, 0, 0, 0, 0, 0, 0, 0, 0, 0, 0, 0, 0, 0, 0, 0, 0, 1, 0, 0, 0
Screen-Shot-2023-07-15-at-11-36-55-PM_png_jpg.rf.6a1ad65e5631abaf58db3839f6950b72.jpg, 0, 0, 0, 0, 0, 0, 0, 0, 0, 0, 0, 0, 0, 0, 0, 0, 0, 0, 0, 1, 0, 0, 0, 0, 0, 0, 0, 0, 0, 0
Screen-Shot-2023-07-17-at-12-06-35-AM_png_jpg.rf.6aa27606682cb0f231be93d6da8ceebc.jpg, 0, 0, 0, 0, 0, 0, 0, 0, 0, 0, 0, 0, 0, 0, 1, 0, 0, 0, 0, 0, 0, 0, 0, 0, 0, 0, 0, 0, 0, 0
Screen-Shot-2023-07-17-at-12-01-18-AM_png_jpg.rf.6b1e21aaa94450209bf61b19c14d1245.jpg, 0, 0, 0, 0, 0, 0, 0, 0, 0, 0, 0, 1, 0, 0, 0, 0, 0, 0, 0, 0, 0, 0, 0, 0, 0, 0, 0, 0, 0, 0
r1-JPG13rot_jpg.rf.6aece96d7b05111797cabca82cfb8281.jpg, 1, 0, 0, 0, 0, 0, 0, 0, 0, 0, 0, 0, 0, 0, 0, 0, 0, 0, 0, 0, 0, 0, 0, 0, 0, 0, 0, 0, 0, 0
Screen-Shot-2023-07-17-at-12-01-43-AM_png_jpg.rf.6b4b686bd33b1cc6650da5e1e8bca337.jpg, 0, 0, 0, 0, 0, 0, 0, 0, 0, 0, 0, 1, 0, 0, 0, 0, 0, 0, 0, 0, 0, 0, 0, 0, 0, 0, 0, 0, 0, 0
Screen-Shot-2023-07-16-at-12-02-25-AM_png_jpg.rf.6b012bc70698ec7db3d48024c7cab90c.jpg, 0, 0, 0, 0, 0, 0, 0, 0, 0, 0, 0, 0, 0, 0, 0, 0, 0, 0, 0, 0, 0, 0, 0, 0, 0, 0, 0, 0, 1, 0
g1-JPG1rot_jpg.rf.69b4b6a02d0c537917e5da0afd3ca9f7.jpg, 0, 0, 0, 0, 0, 0, 0, 0, 1, 0, 0, 0, 0, 0, 0, 0, 0, 0, 0, 0, 0, 0, 0, 0, 0, 0, 0, 0, 0, 0
Screen-Shot-2023-07-15-at-11-20-04-PM_png_jpg.rf.6b383034c8b168ae96ecfd01d4353f32.jpg, 0, 0, 0, 0, 0, 0, 0, 0, 0, 0, 0, 0, 0, 1, 0, 0, 0, 0, 0, 0, 0, 0, 0, 0, 0, 0, 0, 0, 0, 0
Screen-Shot-2023-07-15-at-11-15-38-PM_png_jpg.rf.69a454a1b3e4a8aed6ecc59b96485ab0.jpg, 0, 0, 0, 0, 0, 0, 0, 0, 0, 0, 0, 1, 0, 0, 0, 0, 0, 0, 0, 0, 0, 0, 0, 0, 0, 0, 0, 0, 0, 0
Screen-Shot-2023-07-17-at-12-14-35-AM_png.rf.6c5d783cddc6211b5e6ad8b62bfb24ef.jpg, 0, 0, 0, 0, 0, 0, 0, 0, 0, 0, 0, 0, 0, 0, 0, 0, 0, 0, 0, 0, 0, 0, 0, 0, 0, 1, 0, 0, 0, 0
Screen-Shot-2023-07-16-at-11-58-18-PM_png_jpg.rf.6bd3df1858b86589d6bae2ad25eaa4b7.jpg, 0, 0, 0, 0, 0, 0, 0, 0, 1, 0, 0, 0, 0, 0, 0, 0, 0, 0, 0, 0, 0, 0, 0, 0, 0, 0, 0, 0, 0, 0
Screen-Shot-2023-07-16-at-11-46-11-PM_png_jpg.rf.6b26ab43349e118e291f2a75002b569e.jpg, 0, 1, 0, 0, 0, 0, 0, 0, 0, 0, 0, 0, 0, 0, 0, 0, 0, 0, 0, 0, 0, 0, 0, 0, 0, 0, 0, 0, 0, 0
m1-JPG19rot_jpg.rf.6b3d7f7487925ca98f33ad664fb7b731.jpg, 0, 0, 0, 0, 0, 0, 0, 0, 0, 0, 0, 0, 0, 0, 1, 0, 0, 0, 0, 0, 0, 0, 0, 0, 0, 0, 0, 0, 0, 0
Screen-Shot-2023-07-15-at-11-41-25-PM_png_jpg.rf.6ba38d134c33bbab408060d1e0387b39.jpg, 0, 0, 0, 0, 0, 0, 0, 0, 0, 0, 0, 0, 0, 0, 0, 0, 0, 0, 0, 0, 0, 1, 0, 0, 0, 0, 0, 0, 0, 0
d1-JPG10rot_jpg.rf.6c1c72ded37196cbc77f7b7452d2832c.jpg, 0, 0, 0, 0, 0, 1, 0, 0, 0, 0, 0, 0, 0, 0, 0, 0, 0, 0, 0, 0, 0, 0, 0, 0, 0, 0, 0, 0, 0, 0
Screen-Shot-2023-07-17-at-12-02-18-AM_png_jpg.rf.6c70496317f0559588b7f692993d70d4.jpg, 0, 0, 0, 0, 0, 0, 0, 0, 0, 0, 0, 0, 1, 0, 0, 0, 0, 0, 0, 0, 0, 0, 0, 0, 0, 0, 0, 0, 0, 0
Screen-Shot-2023-07-17-at-12-11-29-AM_png_jpg.rf.6bf99faa0db472cfac2e8afac3d6afec.jpg, 0, 0, 0, 0, 0, 0, 0, 0, 0, 0, 0, 0, 0, 0, 0, 0, 0, 0, 0, 0, 0, 1, 0, 0, 0, 0, 0, 0, 0, 0
Screen-Shot-2023-07-17-at-12-07-14-AM_png.rf.6c4d1cba71a7e540b49b3792586a4bc7.jpg, 0, 0, 0, 0, 0, 0, 0, 0, 0, 0, 0, 0, 0, 0, 0, 1, 0, 0, 0, 0, 0, 0, 0, 0, 0, 0, 0, 0, 0, 0
Screen-Shot-2023-07-16-at-11-52-18-PM_png_jpg.rf.6c956bb1405c93421a2255a6b5285bb3.jpg, 0, 0, 0, 0, 0, 1, 0, 0, 0, 0, 0, 0, 0, 0, 0, 0, 0, 0, 0, 0, 0, 0, 0, 0, 0, 0, 0, 0, 0, 0
Screen-Shot-2023-07-17-at-12-09-06-AM_png_jpg.rf.6bfa4ebb58f5da2599aa3b273533a966.jpg, 0, 0, 0, 0, 0, 0, 0, 0, 0, 0, 0, 0, 0, 0, 0, 0, 0, 1, 0, 0, 0, 0, 0, 0, 0, 0, 0, 0, 0, 0
Screen-Shot-2023-07-15-at-11-23-41-PM_png_jpg.rf.6c198cf3a2a1409af12526f77c8f045f.jpg, 0, 0, 0, 0, 0, 0, 0, 0, 0, 0, 0, 0, 0, 0, 1, 0, 0, 0, 0, 0, 0, 0, 0, 0, 0, 0, 0, 0, 0, 0
Screen-Shot-2023-07-15-at-10-51-36-PM_png.rf.6c21f4c8e660273d1086058640785059.jpg, 0, 0, 0, 0, 0, 0, 0, 1, 0, 0, 0, 0, 0, 0, 0, 0, 0, 0, 0, 0, 0, 0, 0, 0, 0, 0, 0, 0, 0, 0
Screen-Shot-2023-07-17-at-12-05-35-AM_png.rf.6b6099a519a5103cfa68a10817e4b6ff.jpg, 0, 0, 0, 0, 0, 0, 0, 0, 0, 0, 0, 0, 0, 1, 0, 0, 0, 0, 0, 0, 0, 0, 0, 0, 0, 0, 0, 0, 0, 0
g1-JPG12whs_jpg.rf.6b7ff7c5a7c2131c2b82c90810eb09eb.jpg, 0, 0, 0, 0, 0, 0, 0, 0, 1, 0, 0, 0, 0, 0, 0, 0, 0, 0, 0, 0, 0, 0, 0, 0, 0, 0, 0, 0, 0, 0
Screen-Shot-2023-07-17-at-12-13-22-AM_png_jpg.rf.6caaa9df04ed83fe2f46336b2648ea98.jpg, 0, 0, 0, 0, 0, 0, 0, 0, 0, 0, 0, 0, 0, 0, 0, 0, 0, 0, 0, 0, 0, 0, 0, 0, 1, 0, 0, 0, 0, 0
x1-JPG2dim_jpg.rf.6cd557387e30faa9c17854d2313210cc.jpg, 0, 0, 0, 0, 0, 0, 0, 0, 0, 0, 0, 0, 0, 0, 0, 0, 0, 0, 0, 0, 0, 0, 0, 0, 0, 0, 0, 1, 0, 0
Screen-Shot-2023-07-17-at-12-16-02-AM_png_jpg.rf.6af3c778b2c7a278ae72859763fe8926.jpg, 0, 0, 0, 0, 0, 0, 0, 0, 0, 0, 0, 0, 0, 0, 0, 0, 0, 0, 0, 0, 0, 0, 0, 0, 0, 0, 1, 0, 0, 0
Screen-Shot-2023-07-17-at-12-06-13-AM_png_jpg.rf.6cb71782e0afff083505b1054a1bb126.jpg, 0, 0, 0, 0, 0, 0, 0, 0, 0, 0, 0, 0, 0, 0, 1, 0, 0, 0, 0, 0, 0, 0, 0, 0, 0, 0, 0, 0, 0, 0
Screen-Shot-2023-07-15-at-11-07-53-PM_png_jpg.rf.6c0681425a925c4c6cfac3ee03f10df7.jpg, 0, 0, 0, 0, 0, 0, 0, 0, 1, 0, 0, 0, 0, 0, 0, 0, 0, 0, 0, 0, 0, 0, 0, 0, 0, 0, 0, 0, 0, 0
Screen-Shot-2023-07-15-at-11-33-46-PM_png_jpg.rf.6ce3512dfed211d368d39a4be3e197bc.jpg, 0, 0, 0, 0, 0, 0, 0, 0, 0, 0, 0, 0, 0, 0, 0, 0, 0, 1, 0, 0, 0, 0, 0, 0, 0, 0, 0, 0, 0, 0
Screen-Shot-2023-07-17-at-12-07-06-AM_png_jpg.rf.6c9bbda04f56fa9aa482aab5a59d6c6b.jpg, 0, 0, 0, 0, 0, 0, 0, 0, 0, 0, 0, 0, 0, 0, 0, 1, 0, 0, 0, 0, 0, 0, 0, 0, 0, 0, 0, 0, 0, 0
Screen-Shot-2023-07-15-at-11-44-32-PM_png_jpg.rf.6a684e43c29022f32d2153f8207797a3.jpg, 0, 0, 0, 0, 0, 0, 0, 0, 0, 0, 0, 0, 0, 0, 0, 0, 0, 0, 0, 0, 0, 0, 0, 1, 0, 0, 0, 0, 0, 0
Screen-Shot-2023-07-11-at-12-28-23-PM_png_jpg.rf.6c7e07a3903c594d3ecd7ef2caaa4df7.jpg, 0, 0, 0, 0, 0, 0, 0, 0, 0, 0, 0, 0, 0, 0, 0, 0, 0, 0, 1, 0, 0, 0, 0, 0, 0, 0, 0, 0, 0, 0
Screen-Shot-2023-07-17-at-12-06-13-AM_png_jpg.rf.6d2b2e3dcb0f83fa32f56633d4cb3d7d.jpg, 0, 0, 0, 0, 0, 0, 0, 0, 0, 0, 0, 0, 0, 0, 1, 0, 0, 0, 0, 0, 0, 0, 0, 0, 0, 0, 0, 0, 0, 0
Screen-Shot-2023-07-16-at-12-01-23-AM_png_jpg.rf.6b75c9b5c6c7b8df1426b7750b1887b3.jpg, 0, 0, 0, 0, 0, 0, 0, 0, 0, 0, 0, 0, 0, 0, 0, 0, 0, 0, 0, 0, 0, 0, 0, 0, 0, 0, 0, 0, 1, 0
Screen-Shot-2023-07-15-at-11-00-36-PM_png_jpg.rf.cd9199d6411d3a84c686e8f14fc93464.jpg, 0, 0, 0, 1, 0, 0, 0, 0, 0, 0, 0, 0, 0, 0, 0, 0, 0, 0, 0, 0, 0, 0, 0, 0, 0, 0, 0, 0, 0, 0
Screen-Shot-2023-07-15-at-10-54-46-PM_png.rf.cd9c6de2482d67a25444a9a42dea8b99.jpg, 0, 1, 0, 0, 0, 0, 0, 0, 0, 0, 0, 0, 0, 0, 0, 0, 0, 0, 0, 0, 0, 0, 0, 0, 0, 0, 0, 0, 0, 0
Screen-Shot-2023-07-17-at-12-18-58-AM_png_jpg.rf.cda39eaaaa0015f402e6851bc67db102.jpg, 0, 0, 0, 0, 0, 0, 0, 0, 0, 0, 0, 0, 0, 0, 0, 0, 0, 0, 0, 0, 0, 0, 0, 0, 0, 0, 0, 0, 0, 1
Screen-Shot-2023-07-15-at-11-33-58-PM_png_jpg.rf.cdb4cc360d9b6f2a254dfc26b49d7f3e.jpg, 0, 0, 0, 0, 0, 0, 0, 0, 0, 0, 0, 0, 0, 0, 0, 0, 0, 1, 0, 0, 0, 0, 0, 0, 0, 0, 0, 0, 0, 0
Screen-Shot-2023-07-15-at-10-51-06-PM_png_jpg.rf.cdca5fab34a1af7cac14d38ad4960249.jpg, 0, 0, 0, 0, 0, 0, 0, 1, 0, 0, 0, 0, 0, 0, 0, 0, 0, 0, 0, 0, 0, 0, 0, 0, 0, 0, 0, 0, 0, 0
w1-JPG14whs_jpg.rf.cdd73a1f7132ff1b3a88ada6b1719ff2.jpg, 0, 0, 0, 0, 0, 0, 0, 0, 0, 0, 0, 0, 0, 0, 0, 0, 0, 0, 0, 0, 0, 0, 0, 0, 0, 0, 1, 0, 0, 0
Screen-Shot-2023-07-15-at-11-54-55-PM_png_jpg.rf.cddf596ca8232ff0d3193015fa94dcbf.jpg, 0, 0, 0, 0, 0, 0, 0, 0, 0, 0, 0, 0, 0, 0, 0, 0, 0, 0, 0, 0, 0, 0, 0, 0, 0, 1, 0, 0, 0, 0
l1-JPG18dim_jpg.rf.cdf73b651ee92eee303aba5e8990d0ed.jpg, 0, 0, 0, 0, 0, 0, 0, 0, 0, 0, 0, 0, 0, 1, 0, 0, 0, 0, 0, 0, 0, 0, 0, 0, 0, 0, 0, 0, 0, 0
r1-JPG5whs_jpg.rf.ce09c634f576fcf6ac76bea5b26931fa.jpg, 0, 0, 0, 0, 0, 0, 0, 0, 0, 0, 0, 0, 0, 0, 0, 0, 0, 0, 0, 0, 0, 1, 0, 0, 0, 0, 0, 0, 0, 0
Screen-Shot-2023-07-15-at-11-19-35-PM_png_jpg.rf.ce0f82819267239a2a937aa32b059c42.jpg, 0, 0, 0, 0, 0, 0, 0, 0, 0, 0, 0, 0, 0, 1, 0, 0, 0, 0, 0, 0, 0, 0, 0, 0, 0, 0, 0, 0, 0, 0
Screen-Shot-2023-07-17-at-12-04-47-AM_png_jpg.rf.ce5328ac3cb66420e53b610ceda0f6a4.jpg, 0, 0, 0, 0, 0, 0, 0, 0, 0, 0, 0, 0, 0, 1, 0, 0, 0, 0, 0, 0, 0, 0, 0, 0, 0, 0, 0, 0, 0, 0
y1-JPG3dim_jpg.rf.cdf5d66f02aaa4fcc9ee050ab974fd3b.jpg, 0, 0, 0, 0, 0, 0, 0, 0, 0, 0, 0, 0, 0, 0, 0, 0, 0, 0, 0, 0, 0, 0, 0, 0, 0, 0, 0, 0, 1, 0
i1-JPG10whs_jpg.rf.ce69db89ae3a5a8b129b46b7203ed9d2.jpg, 0, 0, 0, 0, 0, 0, 0, 0, 0, 0, 1, 0, 0, 0, 0, 0, 0, 0, 0, 0, 0, 0, 0, 0, 0, 0, 0, 0, 0, 0
Screen-Shot-2023-07-16-at-11-46-19-PM_png_jpg.rf.ce56e2f9572738215a1a1d0581d645bf.jpg, 0, 1, 0, 0, 0, 0, 0, 0, 0, 0, 0, 0, 0, 0, 0, 0, 0, 0, 0, 0, 0, 0, 0, 0, 0, 0, 0, 0, 0, 0
Screen-Shot-2023-07-17-at-12-06-07-AM_png_jpg.rf.ce13e65645a7c7c09090e613e1988afd.jpg, 0, 0, 0, 0, 0, 0, 0, 0, 0, 0, 0, 0, 0, 0, 1, 0, 0, 0, 0, 0, 0, 0, 0, 0, 0, 0, 0, 0, 0, 0
Screen-Shot-2023-07-17-at-12-22-39-AM_png_jpg.rf.ceabaee7190acda35f138042008b1186.jpg, 0, 0, 0, 0, 0, 0, 0, 0, 0, 0, 0, 0, 0, 0, 0, 0, 0, 0, 0, 0, 1, 0, 0, 0, 0, 0, 0, 0, 0, 0
Screen-Shot-2023-07-15-at-11-20-36-PM_png_jpg.rf.ce95b7e684c543a1180bc9b05973a581.jpg, 0, 0, 0, 0, 0, 0, 0, 0, 0, 0, 0, 0, 0, 1, 0, 0, 0, 0, 0, 0, 0, 0, 0, 0, 0, 0, 0, 0, 0, 0
l1-JPG11dim_jpg.rf.ceee96a0c86f3c871b3d6c1d976bd1fc.jpg, 0, 0, 0, 0, 0, 0, 0, 0, 0, 0, 0, 0, 0, 1, 0, 0, 0, 0, 0, 0, 0, 0, 0, 0, 0, 0, 0, 0, 0, 0
t1-JPG18dim_jpg.rf.ce813c893398596ab51904f5fd2100a1.jpg, 0, 0, 0, 0, 0, 0, 0, 0, 0, 0, 0, 0, 0, 0, 0, 0, 0, 0, 0, 0, 0, 0, 0, 1, 0, 0, 0, 0, 0, 0
Screen-Shot-2023-07-17-at-12-11-59-AM_png_jpg.rf.cf289a060a2485987f0255dd37625135.jpg, 0, 0, 0, 0, 0, 0, 0, 0, 0, 0, 0, 0, 0, 0, 0, 0, 0, 0, 0, 0, 0, 0, 1, 0, 0, 0, 0, 0, 0, 0
Screen-Shot-2023-07-15-at-11-03-54-PM_png_jpg.rf.cf6fa1ddc42dfa7c327363cd38888ec9.jpg, 0, 0, 0, 0, 0, 1, 0, 0, 0, 0, 0, 0, 0, 0, 0, 0, 0, 0, 0, 0, 0, 0, 0, 0, 0, 0, 0, 0, 0, 0
Screen-Shot-2023-07-11-at-12-30-24-PM_png_jpg.rf.cf46ef39691a22d54fe256e3e5b6eee0.jpg, 0, 0, 0, 0, 0, 0, 0, 0, 0, 0, 0, 0, 0, 0, 0, 0, 0, 0, 0, 0, 1, 0, 0, 0, 0, 0, 0, 0, 0, 0
Screen-Shot-2023-07-15-at-11-47-19-PM_png_jpg.rf.cfccc209686ddefc29ff01b971ceb3ff.jpg, 0, 0, 0, 0, 0, 0, 0, 0, 0, 0, 0, 0, 0, 0, 0, 0, 0, 0, 0, 0, 0, 0, 0, 1, 0, 0, 0, 0, 0, 0
Screen-Shot-2023-07-16-at-12-00-43-AM_png_jpg.rf.d0a5bd18406d16f052f129777aa1db80.jpg, 0, 0, 0, 0, 0, 0, 0, 0, 0, 0, 0, 0, 0, 0, 0, 0, 0, 0, 0, 0, 0, 0, 0, 0, 0, 0, 0, 0, 1, 0
s1-JPG13whs_jpg.rf.cf681c676f6e66a4123f6942ee8654f0.jpg, 0, 0, 0, 0, 0, 0, 0, 0, 0, 0, 0, 0, 0, 0, 0, 0, 0, 0, 0, 0, 0, 0, 1, 0, 0, 0, 0, 0, 0, 0
Screen-Shot-2023-07-15-at-11-55-58-PM_png_jpg.rf.d0853a0fbca702a761dcf0a4c43278f7.jpg, 0, 0, 0, 0, 0, 0, 0, 0, 0, 0, 0, 0, 0, 0, 0, 0, 0, 0, 0, 0, 0, 0, 0, 0, 0, 1, 0, 0, 0, 0
Screen-Shot-2023-07-15-at-10-53-35-PM_png_jpg.rf.d0444c0b8d2be1f3a78947491a78ef50.jpg, 0, 0, 0, 0, 0, 0, 0, 1, 0, 0, 0, 0, 0, 0, 0, 0, 0, 0, 0, 0, 0, 0, 0, 0, 0, 0, 0, 0, 0, 0
Screen-Shot-2023-07-16-at-12-03-23-AM_png_jpg.rf.cf6f74d521d39e8e8abbf948dd577f4f.jpg, 0, 0, 0, 0, 0, 0, 0, 0, 0, 0, 0, 0, 0, 0, 0, 0, 0, 0, 0, 0, 0, 0, 0, 0, 0, 0, 0, 0, 0, 1
Screen-Shot-2023-07-17-at-12-16-28-AM_png_jpg.rf.d034b65a0dfba4953975e0334f87cef5.jpg, 0, 0, 0, 0, 0, 0, 0, 0, 0, 0, 0, 0, 0, 0, 0, 0, 0, 0, 0, 0, 0, 0, 0, 0, 0, 0, 0, 1, 0, 0
Screen-Shot-2023-07-15-at-11-59-21-PM_png_jpg.rf.d0aed9f5499ffdac302fea5081c1fa4f.jpg, 0, 0, 0, 0, 0, 0, 0, 0, 0, 0, 0, 0, 0, 0, 0, 0, 0, 0, 0, 0, 0, 0, 0, 0, 0, 0, 0, 1, 0, 0
Screen-Shot-2023-07-17-at-12-03-57-AM_png_jpg.rf.d104b75de7ccf009f5c3bfc794bb8694.jpg, 0, 0, 0, 0, 0, 0, 0, 0, 0, 0, 0, 0, 0, 1, 0, 0, 0, 0, 0, 0, 0, 0, 0, 0, 0, 0, 0, 0, 0, 0
Screen-Shot-2023-07-15-at-11-59-35-PM_png_jpg.rf.d0c3bcec1cb71ac2bd421ae200c2b14f.jpg, 0, 0, 0, 0, 0, 0, 0, 0, 0, 0, 0, 0, 0, 0, 0, 0, 0, 0, 0, 0, 0, 0, 0, 0, 0, 0, 0, 1, 0, 0
Screen-Shot-2023-07-15-at-11-10-00-PM_png_jpg.rf.d14666967521b6fbde0635f192bebc54.jpg, 0, 0, 0, 0, 0, 0, 0, 0, 0, 1, 0, 0, 0, 0, 0, 0, 0, 0, 0, 0, 0, 0, 0, 0, 0, 0, 0, 0, 0, 0
Screen-Shot-2023-07-15-at-11-35-07-PM_png.rf.d0f3a0d0b3f7c6da1466406100a19006.jpg, 0, 0, 0, 0, 0, 0, 0, 0, 0, 0, 0, 0, 0, 0, 0, 0, 0, 0, 0, 1, 0, 0, 0, 0, 0, 0, 0, 0, 0, 0
Screen-Shot-2023-07-17-at-12-23-08-AM_png_jpg.rf.d167f69e113b9cc69ff28be55ca7aa03.jpg, 0, 0, 0, 0, 0, 0, 0, 0, 0, 0, 0, 0, 0, 0, 0, 0, 0, 0, 0, 0, 1, 0, 0, 0, 0, 0, 0, 0, 0, 0
Screen-Shot-2023-07-16-at-11-54-23-PM_png_jpg.rf.d0d245501a888ba32e162489969510a4.jpg, 0, 0, 0, 0, 0, 0, 1, 0, 0, 0, 0, 0, 0, 0, 0, 0, 0, 0, 0, 0, 0, 0, 0, 0, 0, 0, 0, 0, 0, 0
Screen-Shot-2023-07-16-at-12-02-54-AM_png_jpg.rf.d0e90020b2adff61d4b7e6d9373d762e.jpg, 0, 0, 0, 0, 0, 0, 0, 0, 0, 0, 0, 0, 0, 0, 0, 0, 0, 0, 0, 0, 0, 0, 0, 0, 0, 0, 0, 0, 0, 1
j1-JPG5dim_jpg.rf.d1b31a4d11ba2949c8a0eaaf3b43a7b1.jpg, 1, 0, 0, 0, 0, 0, 0, 0, 0, 0, 0, 0, 0, 0, 0, 0, 0, 0, 0, 0, 0, 0, 0, 0, 0, 0, 0, 0, 0, 0
x1-JPG14dim_jpg.rf.d1bb3e6281e68a6ec994f8c0f614f2ab.jpg, 0, 0, 0, 0, 0, 0, 0, 0, 0, 0, 0, 0, 0, 0, 0, 0, 0, 0, 0, 0, 0, 0, 0, 0, 0, 0, 0, 1, 0, 0
Screen-Shot-2023-07-15-at-11-08-01-PM_png_jpg.rf.d14c2ffbbe10a294435620d03b104570.jpg, 0, 0, 0, 0, 0, 0, 0, 0, 1, 0, 0, 0, 0, 0, 0, 0, 0, 0, 0, 0, 0, 0, 0, 0, 0, 0, 0, 0, 0, 0
Screen-Shot-2023-07-16-at-12-03-23-AM_png_jpg.rf.d1bc6171d4d0401bb023cccfa0615cbe.jpg, 0, 0, 0, 0, 0, 0, 0, 0, 0, 0, 0, 0, 0, 0, 0, 0, 0, 0, 0, 0, 0, 0, 0, 0, 0, 0, 0, 0, 0, 1
Screen-Shot-2023-07-15-at-11-10-45-PM_png_jpg.rf.d168574f4c4ce88fd9715ae32475d84c.jpg, 0, 0, 0, 0, 0, 0, 0, 0, 0, 1, 0, 0, 0, 0, 0, 0, 0, 0, 0, 0, 0, 0, 0, 0, 0, 0, 0, 0, 0, 0
Screen-Shot-2023-07-15-at-11-17-50-PM_png_jpg.rf.d0bb7b1bab0452f71951cb776460ee59.jpg, 0, 0, 0, 0, 0, 0, 0, 0, 0, 0, 0, 0, 1, 0, 0, 0, 0, 0, 0, 0, 0, 0, 0, 0, 0, 0, 0, 0, 0, 0
Screen-Shot-2023-07-17-at-12-12-30-AM_png_jpg.rf.d11326a00fc1c447abf5f06eb30bd506.jpg, 0, 0, 0, 0, 0, 0, 0, 0, 0, 0, 0, 0, 0, 0, 0, 0, 0, 0, 0, 0, 0, 0, 0, 1, 0, 0, 0, 0, 0, 0
s1-JPG0rot_jpg.rf.d1b64a1c40583f9491c99fb993d21211.jpg, 0, 0, 0, 0, 0, 0, 0, 0, 0, 0, 0, 0, 0, 0, 0, 0, 0, 0, 0, 0, 0, 0, 1, 0, 0, 0, 0, 0, 0, 0
c1-JPG13dim_jpg.rf.d146c91222b393070d37947b8da94341.jpg, 0, 0, 0, 1, 0, 0, 0, 0, 0, 0, 0, 0, 0, 0, 0, 0, 0, 0, 0, 0, 0, 0, 0, 0, 0, 0, 0, 0, 0, 0
Screen-Shot-2023-07-15-at-11-32-46-PM_png_jpg.rf.d1b4398118221c7988c205441cc00f62.jpg, 0, 0, 0, 0, 0, 0, 0, 0, 0, 0, 0, 0, 0, 0, 0, 0, 0, 1, 0, 0, 0, 0, 0, 0, 0, 0, 0, 0, 0, 0
Screen-Shot-2023-07-15-at-10-57-00-PM_png_jpg.rf.d1e21170fdcd6457b4d926375513f584.jpg, 0, 1, 0, 0, 0, 0, 0, 0, 0, 0, 0, 0, 0, 0, 0, 0, 0, 0, 0, 0, 0, 0, 0, 0, 0, 0, 0, 0, 0, 0
Screen-Shot-2023-07-15-at-10-49-05-PM_png_jpg.rf.d22cd974b24f0ca69f0a8f3f10113222.jpg, 0, 0, 0, 0, 0, 0, 0, 1, 0, 0, 0, 0, 0, 0, 0, 0, 0, 0, 0, 0, 0, 0, 0, 0, 0, 0, 0, 0, 0, 0
Screen-Shot-2023-07-17-at-12-10-33-AM_png_jpg.rf.d29a454cd48c0c7342bf6f6fca6ae1e4.jpg, 0, 0, 0, 0, 0, 0, 0, 0, 0, 0, 0, 0, 0, 0, 0, 0, 0, 0, 0, 1, 0, 0, 0, 0, 0, 0, 0, 0, 0, 0
q1-JPG3rot_jpg.rf.d2c1ee2004175348f1c982349ee98fb1.jpg, 0, 0, 0, 0, 0, 0, 0, 0, 0, 0, 0, 0, 0, 0, 0, 0, 0, 0, 0, 1, 0, 0, 0, 0, 0, 0, 0, 0, 0, 0
Screen-Shot-2023-07-16-at-11-54-28-PM_png.rf.d247a03fe2d6d1b31363ec989549854f.jpg, 0, 0, 0, 0, 0, 0, 1, 0, 0, 0, 0, 0, 0, 0, 0, 0, 0, 0, 0, 0, 0, 0, 0, 0, 0, 0, 0, 0, 0, 0
Screen-Shot-2023-07-15-at-10-52-11-PM_png_jpg.rf.d280e655b20bae21c1e9bb60e4226391.jpg, 0, 0, 0, 0, 0, 0, 0, 1, 0, 0, 0, 0, 0, 0, 0, 0, 0, 0, 0, 0, 0, 0, 0, 0, 0, 0, 0, 0, 0, 0
Screen-Shot-2023-07-15-at-11-16-55-PM_png_jpg.rf.d2a95ebf3eb9947159a7605cb5d81ba6.jpg, 0, 0, 0, 0, 0, 0, 0, 0, 0, 0, 0, 0, 1, 0, 0, 0, 0, 0, 0, 0, 0, 0, 0, 0, 0, 0, 0, 0, 0, 0
c1-JPG13whs_jpg.rf.d28ea6350ab93b52e24e6a0713720252.jpg, 0, 0, 0, 1, 0, 0, 0, 0, 0, 0, 0, 0, 0, 0, 0, 0, 0, 0, 0, 0, 0, 0, 0, 0, 0, 0, 0, 0, 0, 0
Screen-Shot-2023-07-15-at-11-11-51-PM_png_jpg.rf.d27473ce6c3a637c783ec81a2be83232.jpg, 0, 0, 0, 0, 0, 0, 0, 0, 0, 1, 0, 0, 0, 0, 0, 0, 0, 0, 0, 0, 0, 0, 0, 0, 0, 0, 0, 0, 0, 0
d1-JPG15dim_jpg.rf.d1c5390aa1f7f21e39d9b4f368c1b238.jpg, 0, 0, 0, 0, 0, 1, 0, 0, 0, 0, 0, 0, 0, 0, 0, 0, 0, 0, 0, 0, 0, 0, 0, 0, 0, 0, 0, 0, 0, 0
Screen-Shot-2023-07-16-at-12-10-27-AM_png_jpg.rf.d2370c24f29f76dd0497eaffbbe1d6f9.jpg, 0, 0, 0, 0, 0, 0, 0, 0, 0, 0, 0, 0, 0, 0, 0, 0, 0, 0, 0, 0, 1, 0, 0, 0, 0, 0, 0, 0, 0, 0
Screen-Shot-2023-07-15-at-11-07-47-PM_png_jpg.rf.d2d1e8661c6638d68ba380cc8050f64c.jpg, 0, 0, 0, 0, 0, 0, 0, 0, 1, 0, 0, 0, 0, 0, 0, 0, 0, 0, 0, 0, 0, 0, 0, 0, 0, 0, 0, 0, 0, 0
Screen-Shot-2023-07-16-at-12-15-31-PM_png_jpg.rf.d2fc1b2d648b1d614e6b6788b14089bc.jpg, 0, 0, 0, 0, 0, 0, 0, 0, 0, 0, 0, 0, 0, 0, 0, 0, 0, 0, 1, 0, 0, 0, 0, 0, 0, 0, 0, 0, 0, 0
Screen-Shot-2023-07-15-at-11-44-51-PM_png_jpg.rf.d28865c46ef766706a0ce598b001572b.jpg, 0, 0, 0, 0, 0, 0, 0, 0, 0, 0, 0, 0, 0, 0, 0, 0, 0, 0, 0, 0, 0, 0, 0, 1, 0, 0, 0, 0, 0, 0
Screen-Shot-2023-07-16-at-11-58-54-PM_png_jpg.rf.d274358b561309d2d457f405a4c84315.jpg, 0, 0, 0, 0, 0, 0, 0, 0, 1, 0, 0, 0, 0, 0, 0, 0, 0, 0, 0, 0, 0, 0, 0, 0, 0, 0, 0, 0, 0, 0
Screen-Shot-2023-07-16-at-12-00-43-AM_png_jpg.rf.d2c20c5026f16cd9fc61984de0b78938.jpg, 0, 0, 0, 0, 0, 0, 0, 0, 0, 0, 0, 0, 0, 0, 0, 0, 0, 0, 0, 0, 0, 0, 0, 0, 0, 0, 0, 0, 1, 0
Screen-Shot-2023-07-15-at-10-50-02-PM_png_jpg.rf.d300d3fc16a0b3b60de48669b01dd2f9.jpg, 0, 0, 0, 0, 0, 0, 0, 1, 0, 0, 0, 0, 0, 0, 0, 0, 0, 0, 0, 0, 0, 0, 0, 0, 0, 0, 0, 0, 0, 0
n1-JPG12whs_jpg.rf.d2ab654b40124349ddd25d96b59357fe.jpg, 0, 0, 0, 0, 0, 0, 0, 0, 0, 0, 0, 0, 0, 0, 0, 1, 0, 0, 0, 0, 0, 0, 0, 0, 0, 0, 0, 0, 0, 0
Screen-Shot-2023-07-15-at-11-45-02-PM_png_jpg.rf.d170e61ef36fc986b3943538f991e2c5.jpg, 0, 0, 0, 0, 0, 0, 0, 0, 0, 0, 0, 0, 0, 0, 0, 0, 0, 0, 0, 0, 0, 0, 0, 1, 0, 0, 0, 0, 0, 0
Screen-Shot-2023-07-16-at-12-01-49-AM_png_jpg.rf.d3452afd4508c899269d23d1b2321aa7.jpg, 0, 0, 0, 0, 0, 0, 0, 0, 0, 0, 0, 0, 0, 0, 0, 0, 0, 0, 0, 0, 0, 0, 0, 0, 0, 0, 0, 0, 1, 0
Screen-Shot-2023-07-16-at-11-53-19-PM_png_jpg.rf.d1d00b0a0c24774e5df3573aee0114eb.jpg, 0, 0, 0, 0, 0, 1, 0, 0, 0, 0, 0, 0, 0, 0, 0, 0, 0, 0, 0, 0, 0, 0, 0, 0, 0, 0, 0, 0, 0, 0
p1-JPG18rot_jpg.rf.d3a2f31536f8e7bb92aa530423993e8f.jpg, 0, 0, 0, 0, 0, 0, 0, 0, 0, 0, 0, 0, 0, 0, 0, 0, 0, 1, 0, 0, 0, 0, 0, 0, 0, 0, 0, 0, 0, 0
f1-JPG11whs_jpg.rf.d39ae829359a0154b99d24ce797ffb55.jpg, 0, 0, 0, 0, 0, 0, 0, 1, 0, 0, 0, 0, 0, 0, 0, 0, 0, 0, 0, 0, 0, 0, 0, 0, 0, 0, 0, 0, 0, 0
g1-JPG8rot_jpg.rf.d3a9d69e1ba15335b8e5a145e035a6db.jpg, 1, 0, 0, 0, 0, 0, 0, 0, 0, 0, 0, 0, 0, 0, 0, 0, 0, 0, 0, 0, 0, 0, 0, 0, 0, 0, 0, 0, 0, 0
Screen-Shot-2023-07-15-at-11-32-46-PM_png_jpg.rf.d376e627271de081a4792f62e2263053.jpg, 0, 0, 0, 0, 0, 0, 0, 0, 0, 0, 0, 0, 0, 0, 0, 0, 0, 1, 0, 0, 0, 0, 0, 0, 0, 0, 0, 0, 0, 0
Screen-Shot-2023-07-15-at-11-58-48-PM_png.rf.d51f2af9366c0b7ccb8605406165e145.jpg, 0, 0, 0, 0, 0, 0, 0, 0, 0, 0, 0, 0, 0, 0, 0, 0, 0, 0, 0, 0, 0, 0, 0, 0, 0, 0, 0, 1, 0, 0
Screen-Shot-2023-07-17-at-12-18-28-AM_png.rf.d5285927729c2cd584325b17abe3a4b3.jpg, 0, 0, 0, 0, 0, 0, 0, 0, 0, 0, 0, 0, 0, 0, 0, 0, 0, 0, 0, 0, 0, 0, 0, 0, 0, 0, 0, 0, 0, 1
Screen-Shot-2023-07-17-at-12-15-11-AM_png_jpg.rf.d459f4e7429780e21c82ebfb2202c2ee.jpg, 0, 0, 0, 0, 0, 0, 0, 0, 0, 0, 0, 0, 0, 0, 0, 0, 0, 0, 0, 0, 0, 0, 0, 0, 0, 1, 0, 0, 0, 0
Screen-Shot-2023-07-16-at-12-10-32-AM_png_jpg.rf.d4aa00ac2267c70246ab7a4a9592e448.jpg, 0, 0, 0, 0, 0, 0, 0, 0, 0, 0, 0, 0, 0, 0, 0, 0, 0, 0, 0, 0, 1, 0, 0, 0, 0, 0, 0, 0, 0, 0
Screen-Shot-2023-07-17-at-12-00-56-AM_png_jpg.rf.d34d37e4966b208b3afb898a5d11e7d3.jpg, 0, 0, 0, 0, 0, 0, 0, 0, 0, 0, 1, 0, 0, 0, 0, 0, 0, 0, 0, 0, 0, 0, 0, 0, 0, 0, 0, 0, 0, 0
Screen-Shot-2023-07-17-at-12-08-44-AM_png_jpg.rf.d4a56aca631e6314d17435a3c11d0948.jpg, 0, 0, 0, 0, 0, 0, 0, 0, 0, 0, 0, 0, 0, 0, 0, 0, 0, 1, 0, 0, 0, 0, 0, 0, 0, 0, 0, 0, 0, 0
Screen-Shot-2023-07-17-at-12-10-18-AM_png_jpg.rf.d3fb55141c1f75b3c36eed7f6bd077f4.jpg, 0, 0, 0, 0, 0, 0, 0, 0, 0, 0, 0, 0, 0, 0, 0, 0, 0, 0, 0, 1, 0, 0, 0, 0, 0, 0, 0, 0, 0, 0
b1-JPG0rot_jpg.rf.d597f81df2c1929e147e663b4fdd3cfc.jpg, 1, 0, 0, 0, 0, 0, 0, 0, 0, 0, 0, 0, 0, 0, 0, 0, 0, 0, 0, 0, 0, 0, 0, 0, 0, 0, 0, 0, 0, 0
v1-JPG12dim_jpg.rf.d5d24e67b9f6dfb4326a8952c0cbb4cc.jpg, 0, 0, 0, 0, 0, 0, 0, 0, 0, 0, 0, 0, 0, 0, 0, 0, 0, 0, 0, 0, 0, 0, 0, 0, 0, 1, 0, 0, 0, 0
Screen-Shot-2023-07-17-at-12-01-31-AM_png_jpg.rf.d5ab46aa6a49a073bee73e1c71956959.jpg, 0, 0, 0, 0, 0, 0, 0, 0, 0, 0, 0, 1, 0, 0, 0, 0, 0, 0, 0, 0, 0, 0, 0, 0, 0, 0, 0, 0, 0, 0
Screen-Shot-2023-07-11-at-12-28-38-PM_png_jpg.rf.d080cec0156eee78c2891d32b8c11007.jpg, 0, 0, 0, 0, 1, 0, 0, 0, 0, 0, 0, 0, 0, 0, 0, 0, 0, 0, 0, 0, 0, 0, 0, 0, 0, 0, 0, 0, 0, 0
Screen-Shot-2023-07-15-at-10-54-46-PM_png_jpg.rf.d5d6cbe46da3ee0aeeed5da3da13bfa4.jpg, 0, 1, 0, 0, 0, 0, 0, 0, 0, 0, 0, 0, 0, 0, 0, 0, 0, 0, 0, 0, 0, 0, 0, 0, 0, 0, 0, 0, 0, 0
Screen-Shot-2023-07-16-at-12-02-37-AM_png_jpg.rf.d5c70ec0e071881f8391c221d104cf44.jpg, 0, 0, 0, 0, 0, 0, 0, 0, 0, 0, 0, 0, 0, 0, 0, 0, 0, 0, 0, 0, 0, 0, 0, 0, 0, 0, 0, 0, 1, 0
Screen-Shot-2023-07-17-at-12-12-05-AM_png_jpg.rf.d39e1514bd1ab10b4405876fd294aece.jpg, 0, 0, 0, 0, 0, 0, 0, 0, 0, 0, 0, 0, 0, 0, 0, 0, 0, 0, 0, 0, 0, 0, 1, 0, 0, 0, 0, 0, 0, 0
a1-JPG10whs_jpg.rf.d4489774c2a96c57accbac057d8e9fdc.jpg, 1, 0, 0, 0, 0, 0, 0, 0, 0, 0, 0, 0, 0, 0, 0, 0, 0, 0, 0, 0, 0, 0, 0, 0, 0, 0, 0, 0, 0, 0
Screen-Shot-2023-07-17-at-12-19-19-AM_png_jpg.rf.d65406c71f88e8fc82016c7ece64e65d.jpg, 0, 0, 0, 0, 1, 0, 0, 0, 0, 0, 0, 0, 0, 0, 0, 0, 0, 0, 0, 0, 0, 0, 0, 0, 0, 0, 0, 0, 0, 0
Screen-Shot-2023-07-15-at-11-35-51-PM_png_jpg.rf.d6683a85ef46543599beb74b39deb411.jpg, 0, 0, 0, 0, 0, 0, 0, 0, 0, 0, 0, 0, 0, 0, 0, 0, 0, 0, 0, 1, 0, 0, 0, 0, 0, 0, 0, 0, 0, 0
Screen-Shot-2023-07-16-at-11-59-32-PM_png_jpg.rf.d520ab6c5725ebb2076cde0eee2a60e2.jpg, 0, 0, 0, 0, 0, 0, 0, 0, 0, 1, 0, 0, 0, 0, 0, 0, 0, 0, 0, 0, 0, 0, 0, 0, 0, 0, 0, 0, 0, 0
Screen-Shot-2023-07-17-at-12-03-48-AM_png_jpg.rf.d632e4b7fd45ca3b9afb5e1533854dea.jpg, 0, 0, 0, 0, 0, 0, 0, 0, 0, 0, 0, 0, 0, 1, 0, 0, 0, 0, 0, 0, 0, 0, 0, 0, 0, 0, 0, 0, 0, 0
Screen-Shot-2023-07-15-at-11-13-54-PM_png_jpg.rf.d40c52edbe89c2c2707fb014dd13e9b0.jpg, 0, 0, 0, 0, 0, 0, 0, 0, 0, 0, 1, 0, 0, 0, 0, 0, 0, 0, 0, 0, 0, 0, 0, 0, 0, 0, 0, 0, 0, 0
Screen-Shot-2023-07-16-at-12-03-02-AM_png_jpg.rf.d619b5a7024749c552f75f946afdd7d3.jpg, 0, 0, 0, 0, 0, 0, 0, 0, 0, 0, 0, 0, 0, 0, 0, 0, 0, 0, 0, 0, 0, 0, 0, 0, 0, 0, 0, 0, 0, 1
Screen-Shot-2023-07-15-at-11-43-26-PM_png_jpg.rf.d4b9f789b01c0caedf9d77198737e57f.jpg, 0, 0, 0, 0, 0, 0, 0, 0, 0, 0, 0, 0, 0, 0, 0, 0, 0, 0, 0, 0, 0, 0, 1, 0, 0, 0, 0, 0, 0, 0
Screen-Shot-2023-07-15-at-11-04-40-PM_png_jpg.rf.d4ce8664f2bbcabcff1e3e60a80a6969.jpg, 0, 0, 0, 0, 0, 1, 0, 0, 0, 0, 0, 0, 0, 0, 0, 0, 0, 0, 0, 0, 0, 0, 0, 0, 0, 0, 0, 0, 0, 0
Screen-Shot-2023-07-15-at-11-26-48-PM_png_jpg.rf.d660cdf1d4bd89af9b08dbd2634bd6a0.jpg, 0, 0, 0, 0, 0, 0, 0, 0, 0, 0, 0, 0, 0, 0, 0, 1, 0, 0, 0, 0, 0, 0, 0, 0, 0, 0, 0, 0, 0, 0
Screen-Shot-2023-07-17-at-12-01-48-AM_png.rf.d66f619c7107647a888d5613e8373292.jpg, 0, 0, 0, 0, 0, 0, 0, 0, 0, 0, 0, 1, 0, 0, 0, 0, 0, 0, 0, 0, 0, 0, 0, 0, 0, 0, 0, 0, 0, 0
Screen-Shot-2023-07-17-at-12-11-33-AM_png_jpg.rf.d6787eff5912f2909b77e6bb73a636a8.jpg, 0, 0, 0, 0, 0, 0, 0, 0, 0, 0, 0, 0, 0, 0, 0, 0, 0, 0, 0, 0, 0, 1, 0, 0, 0, 0, 0, 0, 0, 0
Screen-Shot-2023-07-16-at-11-58-31-PM_png_jpg.rf.d608e7b941d32137bb695782a8cd905b.jpg, 0, 0, 0, 0, 0, 0, 0, 0, 1, 0, 0, 0, 0, 0, 0, 0, 0, 0, 0, 0, 0, 0, 0, 0, 0, 0, 0, 0, 0, 0
Screen-Shot-2023-07-15-at-10-47-56-PM_png_jpg.rf.d6e9fd41cd0169c415e45ed437f96eed.jpg, 0, 0, 0, 1, 0, 0, 0, 0, 0, 0, 0, 0, 0, 0, 0, 0, 0, 0, 0, 0, 0, 0, 0, 0, 0, 0, 0, 0, 0, 0
Screen-Shot-2023-07-17-at-12-07-14-AM_png_jpg.rf.d6c1440b0d1115e651e0ba57d4480c52.jpg, 0, 0, 0, 0, 0, 0, 0, 0, 0, 0, 0, 0, 0, 0, 0, 1, 0, 0, 0, 0, 0, 0, 0, 0, 0, 0, 0, 0, 0, 0
Screen-Shot-2023-07-15-at-11-36-55-PM_png_jpg.rf.d526b7bb37074f26e6f2d24395cb4220.jpg, 0, 0, 0, 0, 0, 0, 0, 0, 0, 0, 0, 0, 0, 0, 0, 0, 0, 0, 0, 1, 0, 0, 0, 0, 0, 0, 0, 0, 0, 0
Screen-Shot-2023-07-17-at-12-12-11-AM_png_jpg.rf.d69fd0b3bd075e97da36fc2030c9012b.jpg, 0, 0, 0, 0, 0, 0, 0, 0, 0, 0, 0, 0, 0, 0, 0, 0, 0, 0, 0, 0, 0, 0, 1, 0, 0, 0, 0, 0, 0, 0
Screen-Shot-2023-07-15-at-11-04-21-PM_png_jpg.rf.d6dbb709f1ea99aaaceead860678321a.jpg, 0, 0, 0, 0, 0, 1, 0, 0, 0, 0, 0, 0, 0, 0, 0, 0, 0, 0, 0, 0, 0, 0, 0, 0, 0, 0, 0, 0, 0, 0
Screen-Shot-2023-07-15-at-10-54-46-PM_png_jpg.rf.d683c2c84aee37b62648b61997ca46eb.jpg, 0, 1, 0, 0, 0, 0, 0, 0, 0, 0, 0, 0, 0, 0, 0, 0, 0, 0, 0, 0, 0, 0, 0, 0, 0, 0, 0, 0, 0, 0
o1-JPG19whs_jpg.rf.d7169ace3b6d9ee490c6315d95106569.jpg, 0, 0, 0, 0, 0, 0, 0, 0, 0, 0, 0, 0, 0, 0, 0, 0, 1, 0, 0, 0, 0, 0, 0, 0, 0, 0, 0, 0, 0, 0
Screen-Shot-2023-07-16-at-12-09-57-AM_png_jpg.rf.d730c8ac04fffb8a3cf190106e6d1d69.jpg, 0, 0, 0, 0, 0, 0, 0, 0, 0, 0, 0, 0, 0, 0, 0, 0, 0, 0, 0, 0, 1, 0, 0, 0, 0, 0, 0, 0, 0, 0
Screen-Shot-2023-07-17-at-12-09-06-AM_png_jpg.rf.d65e803e2bda9266c176fc2fd6719358.jpg, 0, 0, 0, 0, 0, 0, 0, 0, 0, 0, 0, 0, 0, 0, 0, 0, 0, 1, 0, 0, 0, 0, 0, 0, 0, 0, 0, 0, 0, 0
Screen-Shot-2023-07-15-at-11-37-01-PM_png_jpg.rf.d3690d46e8aa737ea51198ef8e02060f.jpg, 0, 0, 0, 0, 0, 0, 0, 0, 0, 0, 0, 0, 0, 0, 0, 0, 0, 0, 0, 1, 0, 0, 0, 0, 0, 0, 0, 0, 0, 0
Screen-Shot-2023-07-15-at-11-55-26-PM_png_jpg.rf.d71e134bbad4a9e594e7bbace31a807f.jpg, 0, 0, 0, 0, 0, 0, 0, 0, 0, 0, 0, 0, 0, 0, 0, 0, 0, 0, 0, 0, 0, 0, 0, 0, 0, 1, 0, 0, 0, 0
Screen-Shot-2023-07-15-at-11-32-26-PM_png_jpg.rf.d70f67c8925241aced66249ae65e60b8.jpg, 0, 0, 0, 0, 0, 0, 0, 0, 0, 0, 0, 0, 0, 0, 0, 0, 1, 0, 0, 0, 0, 0, 0, 0, 0, 0, 0, 0, 0, 0
Screen-Shot-2023-07-15-at-11-56-47-PM_png_jpg.rf.d7504726ac49a5f21401f516cd46e538.jpg, 0, 0, 0, 0, 0, 0, 0, 0, 0, 0, 0, 0, 0, 0, 0, 0, 0, 0, 0, 0, 0, 0, 0, 0, 0, 0, 1, 0, 0, 0
f1-JPG7whs_jpg.rf.d7c35fd3b334e43893d0c30fd7359bc7.jpg, 0, 0, 0, 0, 0, 0, 0, 1, 0, 0, 0, 0, 0, 0, 0, 0, 0, 0, 0, 0, 0, 0, 0, 0, 0, 0, 0, 0, 0, 0
Screen-Shot-2023-07-16-at-12-00-43-AM_png_jpg.rf.d7a427035162401268868e33a89ecdd6.jpg, 0, 0, 0, 0, 0, 0, 0, 0, 0, 0, 0, 0, 0, 0, 0, 0, 0, 0, 0, 0, 0, 0, 0, 0, 0, 0, 0, 0, 1, 0
s1-JPG15whs_jpg.rf.d618d8d39080bc32e609a9625654d700.jpg, 0, 0, 0, 0, 0, 0, 0, 0, 0, 0, 0, 0, 0, 0, 0, 0, 0, 0, 0, 0, 0, 0, 1, 0, 0, 0, 0, 0, 0, 0
Screen-Shot-2023-07-15-at-11-05-01-PM_png_jpg.rf.d84e507317c80eae39a527f04b6389ec.jpg, 0, 0, 0, 0, 0, 0, 1, 0, 0, 0, 0, 0, 0, 0, 0, 0, 0, 0, 0, 0, 0, 0, 0, 0, 0, 0, 0, 0, 0, 0
Screen-Shot-2023-07-17-at-12-21-35-AM_png_jpg.rf.d74c8aeb21bb12cbbf26b9d7427ad16c.jpg, 0, 0, 0, 0, 0, 0, 0, 0, 0, 0, 0, 0, 0, 0, 0, 0, 0, 0, 1, 0, 0, 0, 0, 0, 0, 0, 0, 0, 0, 0
h1-JPG1dim_jpg.rf.d78aba5c30188385f6c26b84cb8ed85c.jpg, 0, 0, 0, 0, 0, 0, 0, 0, 0, 1, 0, 0, 0, 0, 0, 0, 0, 0, 0, 0, 0, 0, 0, 0, 0, 0, 0, 0, 0, 0
Screen-Shot-2023-07-15-at-11-30-37-PM_png_jpg.rf.d533950d51512f90a13748dc4869d75d.jpg, 0, 0, 0, 0, 0, 0, 0, 0, 0, 0, 0, 0, 0, 0, 0, 0, 1, 0, 0, 0, 0, 0, 0, 0, 0, 0, 0, 0, 0, 0
q1-JPG3whs_jpg.rf.d89bf31cc94ec8e08bffa70e7c5bb85d.jpg, 0, 0, 0, 0, 0, 0, 0, 0, 0, 0, 0, 0, 0, 0, 0, 0, 0, 0, 0, 1, 0, 0, 0, 0, 0, 0, 0, 0, 0, 0
Screen-Shot-2023-07-16-at-11-54-06-PM_png_jpg.rf.d840406ab9003e4e1890f44dd7862d10.jpg, 0, 0, 0, 0, 0, 0, 1, 0, 0, 0, 0, 0, 0, 0, 0, 0, 0, 0, 0, 0, 0, 0, 0, 0, 0, 0, 0, 0, 0, 0
Screen-Shot-2023-07-16-at-11-57-45-PM_png_jpg.rf.d89d9d25bf6d99d2ab467808fb31364b.jpg, 0, 0, 0, 0, 0, 0, 0, 1, 0, 0, 0, 0, 0, 0, 0, 0, 0, 0, 0, 0, 0, 0, 0, 0, 0, 0, 0, 0, 0, 0
Screen-Shot-2023-07-15-at-11-55-05-PM_png_jpg.rf.d8a6709886bf84d6e22a2c4a83655a97.jpg, 0, 0, 0, 0, 0, 0, 0, 0, 0, 0, 0, 0, 0, 0, 0, 0, 0, 0, 0, 0, 0, 0, 0, 0, 0, 1, 0, 0, 0, 0
Screen-Shot-2023-07-15-at-11-21-34-PM_png_jpg.rf.d7423de422a1e4def541176c99ac50f9.jpg, 0, 0, 0, 0, 0, 0, 0, 0, 0, 0, 0, 0, 0, 1, 0, 0, 0, 0, 0, 0, 0, 0, 0, 0, 0, 0, 0, 0, 0, 0
i1-JPG6whs_jpg.rf.d8beebaa779e069cd55c6a22da5a8ff3.jpg, 0, 0, 0, 0, 0, 0, 0, 0, 0, 0, 1, 0, 0, 0, 0, 0, 0, 0, 0, 0, 0, 0, 0, 0, 0, 0, 0, 0, 0, 0
Screen-Shot-2023-07-15-at-11-42-52-PM_png_jpg.rf.d95cb0e7119a7859ee2355f9605c77d0.jpg, 0, 0, 0, 0, 0, 0, 0, 0, 0, 0, 0, 0, 0, 0, 0, 0, 0, 0, 0, 0, 0, 0, 1, 0, 0, 0, 0, 0, 0, 0
Screen-Shot-2023-07-15-at-11-43-12-PM_png_jpg.rf.d905e484e9b2e45eb95778b51d634a0a.jpg, 0, 0, 0, 0, 0, 0, 0, 0, 0, 0, 0, 0, 0, 0, 0, 0, 0, 0, 0, 0, 0, 0, 1, 0, 0, 0, 0, 0, 0, 0
Screen-Shot-2023-07-15-at-11-11-28-PM-copy_png_jpg.rf.d91a31b0ba2511b9f91d037bb474dc57.jpg, 0, 0, 0, 0, 0, 0, 0, 0, 0, 1, 0, 0, 0, 0, 0, 0, 0, 0, 0, 0, 0, 0, 0, 0, 0, 0, 0, 0, 0, 0
Screen-Shot-2023-07-15-at-11-42-52-PM_png_jpg.rf.d99e1444878f5b32ca6b2670adb9c7e7.jpg, 0, 0, 0, 0, 0, 0, 0, 0, 0, 0, 0, 0, 0, 0, 0, 0, 0, 0, 0, 0, 0, 0, 1, 0, 0, 0, 0, 0, 0, 0
Screen-Shot-2023-07-16-at-12-10-32-AM_png_jpg.rf.d9d3359cd1e5dd574559f7c2c9a576a9.jpg, 0, 0, 0, 0, 0, 0, 0, 0, 0, 0, 0, 0, 0, 0, 0, 0, 0, 0, 0, 0, 1, 0, 0, 0, 0, 0, 0, 0, 0, 0
r1-JPG9dim_jpg.rf.d84d686bb3e2571514ea663dbd8260d9.jpg, 0, 0, 0, 0, 0, 0, 0, 0, 0, 0, 0, 0, 0, 0, 0, 0, 0, 0, 0, 0, 0, 1, 0, 0, 0, 0, 0, 0, 0, 0
Screen-Shot-2023-07-15-at-11-12-14-PM_png_jpg.rf.d94e19d27f3b49a9b8b2daf505e957aa.jpg, 0, 0, 0, 0, 0, 0, 0, 0, 0, 0, 1, 0, 0, 0, 0, 0, 0, 0, 0, 0, 0, 0, 0, 0, 0, 0, 0, 0, 0, 0
Screen-Shot-2023-07-17-at-12-17-23-AM_png_jpg.rf.d90064cd4415dc8e80c0de42689d114f.jpg, 0, 0, 0, 0, 0, 0, 0, 0, 0, 0, 0, 0, 0, 0, 0, 0, 0, 0, 0, 0, 0, 0, 0, 0, 0, 0, 0, 0, 1, 0
d1-JPG0whs_jpg.rf.d9b7492153ed8f4e4a1aca7917c68da9.jpg, 0, 0, 0, 0, 0, 1, 0, 0, 0, 0, 0, 0, 0, 0, 0, 0, 0, 0, 0, 0, 0, 0, 0, 0, 0, 0, 0, 0, 0, 0
Screen-Shot-2023-07-17-at-12-08-40-AM_png_jpg.rf.d95be63d9e9ffd548c8004afe51cd7ce.jpg, 0, 0, 0, 0, 0, 0, 0, 0, 0, 0, 0, 0, 0, 0, 0, 0, 0, 1, 0, 0, 0, 0, 0, 0, 0, 0, 0, 0, 0, 0
Screen-Shot-2023-07-15-at-10-54-32-PM_png_jpg.rf.d93df1a0af1067674061cdbe489cbd95.jpg, 0, 1, 0, 0, 0, 0, 0, 0, 0, 0, 0, 0, 0, 0, 0, 0, 0, 0, 0, 0, 0, 0, 0, 0, 0, 0, 0, 0, 0, 0
Screen-Shot-2023-07-16-at-11-56-22-PM_png_jpg.rf.d8ba509b400ef5a99251df34a4e0e14b.jpg, 0, 0, 0, 0, 0, 0, 0, 1, 0, 0, 0, 0, 0, 0, 0, 0, 0, 0, 0, 0, 0, 0, 0, 0, 0, 0, 0, 0, 0, 0
Screen-Shot-2023-07-17-at-12-10-25-AM_png.rf.d9ad9529344e3ced2073911e8c0fb455.jpg, 0, 0, 0, 0, 0, 0, 0, 0, 0, 0, 0, 0, 0, 0, 0, 0, 0, 0, 0, 1, 0, 0, 0, 0, 0, 0, 0, 0, 0, 0
Screen-Shot-2023-07-15-at-11-35-07-PM_png_jpg.rf.d9d4a87b07548453f0e52a8a036eb500.jpg, 0, 0, 0, 0, 0, 0, 0, 0, 0, 0, 0, 0, 0, 0, 0, 0, 0, 0, 0, 1, 0, 0, 0, 0, 0, 0, 0, 0, 0, 0
Screen-Shot-2023-07-16-at-11-58-12-PM_png_jpg.rf.d8c2093c1b690433ea3871c75f781b0f.jpg, 0, 0, 0, 0, 0, 0, 0, 0, 1, 0, 0, 0, 0, 0, 0, 0, 0, 0, 0, 0, 0, 0, 0, 0, 0, 0, 0, 0, 0, 0
Screen-Shot-2023-07-17-at-12-14-23-AM_png_jpg.rf.d9f940869088d19cff2d904b5f245a35.jpg, 0, 0, 0, 0, 0, 0, 0, 0, 0, 0, 0, 0, 0, 0, 0, 0, 0, 0, 0, 0, 0, 0, 0, 0, 0, 1, 0, 0, 0, 0
Screen-Shot-2023-07-17-at-12-05-40-AM_png_jpg.rf.da32ec16ca9886b52c4b486503e4c283.jpg, 0, 0, 0, 0, 0, 0, 0, 0, 0, 0, 0, 0, 0, 1, 0, 0, 0, 0, 0, 0, 0, 0, 0, 0, 0, 0, 0, 0, 0, 0
Screen-Shot-2023-07-15-at-11-00-27-PM_png_jpg.rf.d9de6b8f3dd82274991cf0ae545eb06f.jpg, 0, 0, 0, 1, 0, 0, 0, 0, 0, 0, 0, 0, 0, 0, 0, 0, 0, 0, 0, 0, 0, 0, 0, 0, 0, 0, 0, 0, 0, 0
Screen-Shot-2023-07-16-at-12-16-08-PM_png_jpg.rf.d97cd0cf18b8ea1c4ee76b13ebc5bfe4.jpg, 0, 0, 0, 0, 0, 0, 0, 0, 0, 0, 0, 0, 0, 0, 0, 0, 0, 0, 1, 0, 0, 0, 0, 0, 0, 0, 0, 0, 0, 0
Screen-Shot-2023-07-16-at-11-48-02-PM_png_jpg.rf.d9d15bca19a49c1577a65da725f85012.jpg, 0, 0, 0, 1, 0, 0, 0, 0, 0, 0, 0, 0, 0, 0, 0, 0, 0, 0, 0, 0, 0, 0, 0, 0, 0, 0, 0, 0, 0, 0
y1-JPG16dim_jpg.rf.da07531b815394dd54a584b6108a6387.jpg, 0, 0, 0, 0, 0, 0, 0, 0, 0, 0, 0, 0, 0, 0, 0, 0, 0, 0, 0, 0, 0, 0, 0, 0, 0, 0, 0, 0, 1, 0
b1-JPG14whs_jpg.rf.da77254a99898b89012b8d89299d1ab0.jpg, 0, 0, 1, 0, 0, 0, 0, 0, 0, 0, 0, 0, 0, 0, 0, 0, 0, 0, 0, 0, 0, 0, 0, 0, 0, 0, 0, 0, 0, 0
Screen-Shot-2023-07-11-at-12-28-38-PM_png_jpg.rf.da39e55ab9889f2a29e3699931bcbbce.jpg, 0, 0, 0, 0, 1, 0, 0, 0, 0, 0, 0, 0, 0, 0, 0, 0, 0, 0, 0, 0, 0, 0, 0, 0, 0, 0, 0, 0, 0, 0
Screen-Shot-2023-07-17-at-12-17-23-AM_png_jpg.rf.da46ef9e1f5b99f13cdaffab04b352a8.jpg, 0, 0, 0, 0, 0, 0, 0, 0, 0, 0, 0, 0, 0, 0, 0, 0, 0, 0, 0, 0, 0, 0, 0, 0, 0, 0, 0, 0, 1, 0
Screen-Shot-2023-07-15-at-11-41-47-PM_png_jpg.rf.dab9becc5e2db46447a5a29f7db31788.jpg, 0, 0, 0, 0, 0, 0, 0, 0, 0, 0, 0, 0, 0, 0, 0, 0, 0, 0, 0, 0, 0, 1, 0, 0, 0, 0, 0, 0, 0, 0
Screen-Shot-2023-07-17-at-12-11-37-AM_png_jpg.rf.da309217d2303c3fa815d96aae64eb52.jpg, 0, 0, 0, 0, 0, 0, 0, 0, 0, 0, 0, 0, 0, 0, 0, 0, 0, 0, 0, 0, 0, 1, 0, 0, 0, 0, 0, 0, 0, 0
Screen-Shot-2023-07-16-at-12-05-44-AM_png_jpg.rf.da6d248978f9e8317c743c0e096487cf.jpg, 0, 0, 0, 0, 1, 0, 0, 0, 0, 0, 0, 0, 0, 0, 0, 0, 0, 0, 0, 0, 0, 0, 0, 0, 0, 0, 0, 0, 0, 0
Screen-Shot-2023-07-15-at-11-14-31-PM_png.rf.d877b98f611e615be70abb9222dcf758.jpg, 0, 0, 0, 0, 0, 0, 0, 0, 0, 0, 0, 1, 0, 0, 0, 0, 0, 0, 0, 0, 0, 0, 0, 0, 0, 0, 0, 0, 0, 0
Screen-Shot-2023-07-15-at-11-43-26-PM_png_jpg.rf.da443e41c3657dfb6408726f0f338ea4.jpg, 0, 0, 0, 0, 0, 0, 0, 0, 0, 0, 0, 0, 0, 0, 0, 0, 0, 0, 0, 0, 0, 0, 1, 0, 0, 0, 0, 0, 0, 0
Screen-Shot-2023-07-17-at-12-15-39-AM_png.rf.da6db418c721b03f4a6afa342777fada.jpg, 0, 0, 0, 0, 0, 0, 0, 0, 0, 0, 0, 0, 0, 0, 0, 0, 0, 0, 0, 0, 0, 0, 0, 0, 0, 0, 1, 0, 0, 0
Screen-Shot-2023-07-15-at-11-03-54-PM_png_jpg.rf.d9c921c3e015d45271849ea0d9c8495b.jpg, 0, 0, 0, 0, 0, 1, 0, 0, 0, 0, 0, 0, 0, 0, 0, 0, 0, 0, 0, 0, 0, 0, 0, 0, 0, 0, 0, 0, 0, 0
Screen-Shot-2023-07-16-at-12-01-32-AM_png_jpg.rf.d91ecc0dd5a2e675a64d24e5884ec30a.jpg, 0, 0, 0, 0, 0, 0, 0, 0, 0, 0, 0, 0, 0, 0, 0, 0, 0, 0, 0, 0, 0, 0, 0, 0, 0, 0, 0, 0, 1, 0
Screen-Shot-2023-07-15-at-11-19-57-PM_png_jpg.rf.d90c49929380888451474ff799a06ccf.jpg, 0, 0, 0, 0, 0, 0, 0, 0, 0, 0, 0, 0, 0, 1, 0, 0, 0, 0, 0, 0, 0, 0, 0, 0, 0, 0, 0, 0, 0, 0
Screen-Shot-2023-07-16-at-12-16-27-PM_png_jpg.rf.da13d24f423494c01ab2e555730f1614.jpg, 0, 0, 0, 0, 0, 0, 0, 0, 0, 0, 0, 0, 0, 0, 0, 0, 0, 0, 1, 0, 0, 0, 0, 0, 0, 0, 0, 0, 0, 0
Screen-Shot-2023-07-15-at-11-08-25-PM_png_jpg.rf.daab38c8627b50350708b03a6ecb28ee.jpg, 0, 0, 0, 0, 0, 0, 0, 0, 1, 0, 0, 0, 0, 0, 0, 0, 0, 0, 0, 0, 0, 0, 0, 0, 0, 0, 0, 0, 0, 0
Screen-Shot-2023-07-17-at-12-08-22-AM_png.rf.db160dca87236b306cb1a915437e8014.jpg, 0, 0, 0, 0, 0, 0, 0, 0, 0, 0, 0, 0, 0, 0, 0, 0, 1, 0, 0, 0, 0, 0, 0, 0, 0, 0, 0, 0, 0, 0
Screen-Shot-2023-07-15-at-11-10-19-PM_png.rf.db18d00142cf81d0aada09f081d584da.jpg, 0, 0, 0, 0, 0, 0, 0, 0, 0, 1, 0, 0, 0, 0, 0, 0, 0, 0, 0, 0, 0, 0, 0, 0, 0, 0, 0, 0, 0, 0
Screen-Shot-2023-07-17-at-12-07-20-AM_png_jpg.rf.daae06cd3e42e5d3ae36b2d1d67d27d5.jpg, 0, 0, 0, 0, 0, 0, 0, 0, 0, 0, 0, 0, 0, 0, 0, 1, 0, 0, 0, 0, 0, 0, 0, 0, 0, 0, 0, 0, 0, 0
Screen-Shot-2023-07-15-at-11-11-28-PM-copy_png_jpg.rf.dabecd3c15323196d03fe9d299c8f7a7.jpg, 0, 0, 0, 0, 0, 0, 0, 0, 0, 1, 0, 0, 0, 0, 0, 0, 0, 0, 0, 0, 0, 0, 0, 0, 0, 0, 0, 0, 0, 0
Screen-Shot-2023-07-15-at-11-01-56-PM_png_jpg.rf.db366da639de278b0f7ec369c84105b1.jpg, 0, 0, 0, 1, 0, 0, 0, 0, 0, 0, 0, 0, 0, 0, 0, 0, 0, 0, 0, 0, 0, 0, 0, 0, 0, 0, 0, 0, 0, 0
Screen-Shot-2023-07-17-at-12-13-43-AM_png_jpg.rf.da8dbad6d312f025c4332d1e56552640.jpg, 0, 0, 0, 0, 0, 0, 0, 0, 0, 0, 0, 0, 0, 0, 0, 0, 0, 0, 0, 0, 0, 0, 0, 0, 1, 0, 0, 0, 0, 0
c1-JPG18rot_jpg.rf.db484fed21e685c92aa49a1eb5abd751.jpg, 1, 0, 0, 0, 0, 0, 0, 0, 0, 0, 0, 0, 0, 0, 0, 0, 0, 0, 0, 0, 0, 0, 0, 0, 0, 0, 0, 0, 0, 0
Screen-Shot-2023-07-16-at-11-50-52-PM_png_jpg.rf.d9964c7c53f56647c950efe91c9ba382.jpg, 0, 0, 0, 1, 0, 0, 0, 0, 0, 0, 0, 0, 0, 0, 0, 0, 0, 0, 0, 0, 0, 0, 0, 0, 0, 0, 0, 0, 0, 0
Screen-Shot-2023-07-15-at-11-27-15-PM_png.rf.db20773f8571682c9dccbf382d894163.jpg, 0, 0, 0, 0, 0, 0, 0, 0, 0, 0, 0, 0, 0, 0, 0, 1, 0, 0, 0, 0, 0, 0, 0, 0, 0, 0, 0, 0, 0, 0
w1-JPG16dim_jpg.rf.dac0681770d51bac68fcc4963ea8f40c.jpg, 1, 0, 0, 0, 0, 0, 0, 0, 0, 0, 0, 0, 0, 0, 0, 0, 0, 0, 0, 0, 0, 0, 0, 0, 0, 0, 0, 0, 0, 0
Screen-Shot-2023-07-15-at-11-06-18-PM_png_jpg.rf.dbce3196c6c6138943d974f594d7c231.jpg, 0, 0, 0, 0, 0, 0, 1, 0, 0, 0, 0, 0, 0, 0, 0, 0, 0, 0, 0, 0, 0, 0, 0, 0, 0, 0, 0, 0, 0, 0
Screen-Shot-2023-07-17-at-12-09-02-AM_png_jpg.rf.db9dbe3427cb716e3f984600830daecf.jpg, 0, 0, 0, 0, 0, 0, 0, 0, 0, 0, 0, 0, 0, 0, 0, 0, 0, 1, 0, 0, 0, 0, 0, 0, 0, 0, 0, 0, 0, 0
Screen-Shot-2023-07-15-at-11-17-36-PM_png_jpg.rf.dbb57c151c52dd86ad6224830cdf071a.jpg, 0, 0, 0, 0, 0, 0, 0, 0, 0, 0, 0, 0, 1, 0, 0, 0, 0, 0, 0, 0, 0, 0, 0, 0, 0, 0, 0, 0, 0, 0
Screen-Shot-2023-07-16-at-11-56-16-PM_png.rf.db506d232ea983d340d885a81e58fa26.jpg, 0, 0, 0, 0, 0, 0, 0, 1, 0, 0, 0, 0, 0, 0, 0, 0, 0, 0, 0, 0, 0, 0, 0, 0, 0, 0, 0, 0, 0, 0
y1-JPG12dim_jpg.rf.dabba8725cea2643511e9412979a7b40.jpg, 0, 0, 0, 0, 0, 0, 0, 0, 0, 0, 0, 0, 0, 0, 0, 0, 0, 0, 0, 0, 0, 0, 0, 0, 0, 0, 0, 0, 1, 0
Screen-Shot-2023-07-17-at-12-08-56-AM_png_jpg.rf.db38f78773b561d1bfb8cf1e971fbb40.jpg, 0, 0, 0, 0, 0, 0, 0, 0, 0, 0, 0, 0, 0, 0, 0, 0, 0, 1, 0, 0, 0, 0, 0, 0, 0, 0, 0, 0, 0, 0
Screen-Shot-2023-07-17-at-12-18-02-AM_png_jpg.rf.dbfd4ed8151894e454fa1b55369ad37d.jpg, 0, 0, 0, 0, 0, 0, 0, 0, 0, 0, 0, 0, 0, 0, 0, 0, 0, 0, 0, 0, 0, 0, 0, 0, 0, 0, 0, 0, 1, 0
Screen-Shot-2023-07-17-at-12-18-33-AM_png_jpg.rf.dc25aff068fbdcf0e083c058158f0a23.jpg, 0, 0, 0, 0, 0, 0, 0, 0, 0, 0, 0, 0, 0, 0, 0, 0, 0, 0, 0, 0, 0, 0, 0, 0, 0, 0, 0, 0, 0, 1
e1-JPG13dim_jpg.rf.dbb10805d099fd629d89a420d601a2a7.jpg, 0, 0, 0, 0, 0, 0, 1, 0, 0, 0, 0, 0, 0, 0, 0, 0, 0, 0, 0, 0, 0, 0, 0, 0, 0, 0, 0, 0, 0, 0
b1-JPG1dim_jpg.rf.db13582b99b4bd5d43b6d5e8a7bb6c72.jpg, 1, 0, 0, 0, 0, 0, 0, 0, 0, 0, 0, 0, 0, 0, 0, 0, 0, 0, 0, 0, 0, 0, 0, 0, 0, 0, 0, 0, 0, 0
h1-JPG3rot_jpg.rf.db8047aa722e63be186dd0791cae6d7c.jpg, 0, 0, 0, 0, 0, 0, 0, 0, 0, 1, 0, 0, 0, 0, 0, 0, 0, 0, 0, 0, 0, 0, 0, 0, 0, 0, 0, 0, 0, 0
Screen-Shot-2023-07-16-at-11-47-31-PM_png_jpg.rf.dc430d1dca06d619f821c7a735f26178.jpg, 0, 0, 1, 0, 0, 0, 0, 0, 0, 0, 0, 0, 0, 0, 0, 0, 0, 0, 0, 0, 0, 0, 0, 0, 0, 0, 0, 0, 0, 0
Screen-Shot-2023-07-11-at-12-30-24-PM_png_jpg.rf.dc8679c43bee494ed6da59dcaabc8353.jpg, 0, 0, 0, 0, 0, 0, 0, 0, 0, 0, 0, 0, 0, 0, 0, 0, 0, 0, 0, 0, 1, 0, 0, 0, 0, 0, 0, 0, 0, 0
Screen-Shot-2023-07-16-at-11-48-41-PM_png_jpg.rf.dc5becece0987fc2071b70d5a7052349.jpg, 0, 0, 0, 1, 0, 0, 0, 0, 0, 0, 0, 0, 0, 0, 0, 0, 0, 0, 0, 0, 0, 0, 0, 0, 0, 0, 0, 0, 0, 0
c1-JPG5dim_jpg.rf.dc1fb6cf501c85830a216da37e1ff088.jpg, 0, 0, 0, 1, 0, 0, 0, 0, 0, 0, 0, 0, 0, 0, 0, 0, 0, 0, 0, 0, 0, 0, 0, 0, 0, 0, 0, 0, 0, 0
u1-JPG10dim_jpg.rf.dc8c4e0d89d8e146aa2e67b3bbd40990.jpg, 0, 0, 0, 0, 0, 0, 0, 0, 0, 0, 0, 0, 0, 0, 0, 0, 0, 0, 0, 0, 0, 0, 0, 0, 1, 0, 0, 0, 0, 0
Screen-Shot-2023-07-15-at-11-28-20-PM_png_jpg.rf.dcbe95a475bf661bcba1d2976924212b.jpg, 0, 0, 0, 0, 0, 0, 0, 0, 0, 0, 0, 0, 0, 0, 0, 0, 1, 0, 0, 0, 0, 0, 0, 0, 0, 0, 0, 0, 0, 0
Screen-Shot-2023-07-16-at-11-54-52-PM_png_jpg.rf.dc47499063d9d314a36ab6a070c29c24.jpg, 0, 0, 0, 0, 0, 0, 1, 0, 0, 0, 0, 0, 0, 0, 0, 0, 0, 0, 0, 0, 0, 0, 0, 0, 0, 0, 0, 0, 0, 0
t1-JPG18whs_jpg.rf.dcf8258c09ed90df5f794c82162e21da.jpg, 0, 0, 0, 0, 0, 0, 0, 0, 0, 0, 0, 0, 0, 0, 0, 0, 0, 0, 0, 0, 0, 0, 0, 1, 0, 0, 0, 0, 0, 0
e1-JPG14rot_jpg.rf.dd259b5c95fa607d368db527aa91ed1b.jpg, 0, 0, 0, 0, 0, 0, 1, 0, 0, 0, 0, 0, 0, 0, 0, 0, 0, 0, 0, 0, 0, 0, 0, 0, 0, 0, 0, 0, 0, 0
z1-JPG12whs_jpg.rf.dcedcdc4c8eacbb7899955927422b746.jpg, 0, 0, 0, 0, 0, 0, 0, 0, 0, 0, 0, 0, 0, 0, 0, 0, 0, 0, 0, 0, 0, 0, 0, 0, 0, 0, 0, 0, 0, 1
Screen-Shot-2023-07-15-at-11-26-48-PM_png_jpg.rf.dda999425fc5b854395db1e98f83bf29.jpg, 0, 0, 0, 0, 0, 0, 0, 0, 0, 0, 0, 0, 0, 0, 0, 1, 0, 0, 0, 0, 0, 0, 0, 0, 0, 0, 0, 0, 0, 0
Screen-Shot-2023-07-15-at-11-20-16-PM_png_jpg.rf.dcd977cc370d2b545da725885dafac65.jpg, 0, 0, 0, 0, 0, 0, 0, 0, 0, 0, 0, 0, 0, 1, 0, 0, 0, 0, 0, 0, 0, 0, 0, 0, 0, 0, 0, 0, 0, 0
Screen-Shot-2023-07-15-at-11-47-30-PM_png_jpg.rf.dc563ffed46855c3c229aaf3bbea2338.jpg, 0, 0, 0, 0, 0, 0, 0, 0, 0, 0, 0, 0, 0, 0, 0, 0, 0, 0, 0, 0, 0, 0, 0, 1, 0, 0, 0, 0, 0, 0
Screen-Shot-2023-07-15-at-11-04-40-PM_png_jpg.rf.dca39a18cec3f775faf53f14dd3977b6.jpg, 0, 0, 0, 0, 0, 1, 0, 0, 0, 0, 0, 0, 0, 0, 0, 0, 0, 0, 0, 0, 0, 0, 0, 0, 0, 0, 0, 0, 0, 0
Screen-Shot-2023-07-16-at-11-56-08-PM_png_jpg.rf.dd8201746934ad5ac55bb58a96a5a62a.jpg, 0, 0, 0, 0, 0, 0, 0, 1, 0, 0, 0, 0, 0, 0, 0, 0, 0, 0, 0, 0, 0, 0, 0, 0, 0, 0, 0, 0, 0, 0
h1-JPG12rot_jpg.rf.dbe34ff1d77f81ef150fdfa3584e3d7d.jpg, 1, 0, 0, 0, 0, 0, 0, 0, 0, 0, 0, 0, 0, 0, 0, 0, 0, 0, 0, 0, 0, 0, 0, 0, 0, 0, 0, 0, 0, 0
Screen-Shot-2023-07-16-at-12-00-58-AM_png_jpg.rf.dd2b17f735b18bf5a314118424c9f1d3.jpg, 0, 0, 0, 0, 0, 0, 0, 0, 0, 0, 0, 0, 0, 0, 0, 0, 0, 0, 0, 0, 0, 0, 0, 0, 0, 0, 0, 0, 1, 0
Screen-Shot-2023-07-16-at-12-04-07-AM_png_jpg.rf.ddf56cda02b3c0f1920051e459b508de.jpg, 0, 0, 0, 0, 0, 0, 0, 0, 0, 0, 0, 0, 0, 0, 0, 0, 0, 0, 0, 0, 0, 0, 0, 0, 0, 0, 0, 0, 0, 1
Screen-Shot-2023-07-15-at-11-29-05-PM_png_jpg.rf.de16cbf7060c9b4999d4801c9fba2772.jpg, 0, 0, 0, 0, 0, 0, 0, 0, 0, 0, 0, 0, 0, 0, 0, 0, 1, 0, 0, 0, 0, 0, 0, 0, 0, 0, 0, 0, 0, 0
Screen-Shot-2023-07-15-at-11-14-24-PM_png.rf.dd367e3ccf155251e63f0249afd9f847.jpg, 0, 0, 0, 0, 0, 0, 0, 0, 0, 0, 0, 1, 0, 0, 0, 0, 0, 0, 0, 0, 0, 0, 0, 0, 0, 0, 0, 0, 0, 0
Screen-Shot-2023-07-15-at-11-17-05-PM_png_jpg.rf.de30d96810cc253a89b4c7a744e28588.jpg, 0, 0, 0, 0, 0, 0, 0, 0, 0, 0, 0, 0, 1, 0, 0, 0, 0, 0, 0, 0, 0, 0, 0, 0, 0, 0, 0, 0, 0, 0
Screen-Shot-2023-07-16-at-12-10-32-AM_png_jpg.rf.dd44bdd147f06643898edbf89d1def83.jpg, 0, 0, 0, 0, 0, 0, 0, 0, 0, 0, 0, 0, 0, 0, 0, 0, 0, 0, 0, 0, 1, 0, 0, 0, 0, 0, 0, 0, 0, 0
Screen-Shot-2023-07-17-at-12-12-39-AM_png_jpg.rf.de7ebc4a0864f153f4bdce317f1a3f1b.jpg, 0, 0, 0, 0, 0, 0, 0, 0, 0, 0, 0, 0, 0, 0, 0, 0, 0, 0, 0, 0, 0, 0, 0, 1, 0, 0, 0, 0, 0, 0
a1-JPG8whs_jpg.rf.de7a364ec67fadf450fe70ef4efef802.jpg, 0, 1, 0, 0, 0, 0, 0, 0, 0, 0, 0, 0, 0, 0, 0, 0, 0, 0, 0, 0, 0, 0, 0, 0, 0, 0, 0, 0, 0, 0
g1-JPG16rot_jpg.rf.dee3790510bb4851ec447573dc4e27ad.jpg, 0, 0, 0, 0, 0, 0, 0, 0, 1, 0, 0, 0, 0, 0, 0, 0, 0, 0, 0, 0, 0, 0, 0, 0, 0, 0, 0, 0, 0, 0
Screen-Shot-2023-07-17-at-12-00-40-AM_png.rf.de97773d01723de5ae3b7fae4a69c77f.jpg, 0, 0, 0, 0, 0, 0, 0, 0, 0, 0, 1, 0, 0, 0, 0, 0, 0, 0, 0, 0, 0, 0, 0, 0, 0, 0, 0, 0, 0, 0
j1-JPG19rot_jpg.rf.ded42aa27219fead4eba832b208cf353.jpg, 0, 0, 0, 0, 0, 0, 0, 0, 0, 0, 0, 1, 0, 0, 0, 0, 0, 0, 0, 0, 0, 0, 0, 0, 0, 0, 0, 0, 0, 0
Screen-Shot-2023-07-16-at-12-00-58-AM_png_jpg.rf.de0496a6263902c13f9f028f9247dbe1.jpg, 0, 0, 0, 0, 0, 0, 0, 0, 0, 0, 0, 0, 0, 0, 0, 0, 0, 0, 0, 0, 0, 0, 0, 0, 0, 0, 0, 0, 1, 0
Screen-Shot-2023-07-17-at-12-08-27-AM_png_jpg.rf.de0dba306e12843ac8b842c067057eba.jpg, 0, 0, 0, 0, 0, 0, 0, 0, 0, 0, 0, 0, 0, 0, 0, 0, 1, 0, 0, 0, 0, 0, 0, 0, 0, 0, 0, 0, 0, 0
Screen-Shot-2023-07-15-at-11-41-33-PM_png_jpg.rf.dca47708d762e838972f8864a6a57dc2.jpg, 0, 0, 0, 0, 0, 0, 0, 0, 0, 0, 0, 0, 0, 0, 0, 0, 0, 0, 0, 0, 0, 1, 0, 0, 0, 0, 0, 0, 0, 0
Screen-Shot-2023-07-15-at-11-29-18-PM_png_jpg.rf.de960b6fd46e3a20f2ee5b5ae55af68f.jpg, 0, 0, 0, 0, 0, 0, 0, 0, 0, 0, 0, 0, 0, 0, 0, 0, 1, 0, 0, 0, 0, 0, 0, 0, 0, 0, 0, 0, 0, 0
Screen-Shot-2023-07-17-at-12-22-26-AM_png_jpg.rf.df0e8c10c1249da435a4fcc0fc47ff37.jpg, 0, 0, 0, 0, 0, 0, 0, 0, 0, 0, 0, 0, 0, 0, 0, 0, 0, 0, 0, 0, 1, 0, 0, 0, 0, 0, 0, 0, 0, 0
Screen-Shot-2023-07-17-at-12-14-23-AM_png_jpg.rf.df25abe9c7f245a72d6deb5dfca4ea1f.jpg, 0, 0, 0, 0, 0, 0, 0, 0, 0, 0, 0, 0, 0, 0, 0, 0, 0, 0, 0, 0, 0, 0, 0, 0, 0, 1, 0, 0, 0, 0
g1-JPG17rot_jpg.rf.df1a71669993e2494406fe581ac937a4.jpg, 0, 0, 0, 0, 0, 0, 0, 0, 1, 0, 0, 0, 0, 0, 0, 0, 0, 0, 0, 0, 0, 0, 0, 0, 0, 0, 0, 0, 0, 0
Screen-Shot-2023-07-17-at-12-00-03-AM_png_jpg.rf.df37b7903b5fa0f690b03e344365f772.jpg, 0, 0, 0, 0, 0, 0, 0, 0, 0, 1, 0, 0, 0, 0, 0, 0, 0, 0, 0, 0, 0, 0, 0, 0, 0, 0, 0, 0, 0, 0
Screen-Shot-2023-07-17-at-12-13-53-AM_png_jpg.rf.de58e363919cf1f006fce71d1df735e8.jpg, 0, 0, 0, 0, 0, 0, 0, 0, 0, 0, 0, 0, 0, 0, 0, 0, 0, 0, 0, 0, 0, 0, 0, 0, 1, 0, 0, 0, 0, 0
r1-JPG18whs_jpg.rf.df051140eb78ac516a326aaa8d446196.jpg, 0, 0, 0, 0, 0, 0, 0, 0, 0, 0, 0, 0, 0, 0, 0, 0, 0, 0, 0, 0, 0, 1, 0, 0, 0, 0, 0, 0, 0, 0
z1-JPG10dim_jpg.rf.df669ae56b8f16650adb2f0db3d03011.jpg, 0, 0, 0, 0, 0, 0, 0, 0, 0, 0, 0, 0, 0, 0, 0, 0, 0, 0, 0, 0, 0, 0, 0, 0, 0, 0, 0, 0, 0, 1
w1-JPG19rot_jpg.rf.df4ebc9c4e1b135eb47a62a69b1af589.jpg, 0, 0, 0, 0, 0, 0, 0, 0, 0, 0, 0, 0, 0, 0, 0, 0, 0, 0, 0, 0, 0, 0, 0, 0, 0, 0, 1, 0, 0, 0
Screen-Shot-2023-07-11-at-12-28-38-PM_png_jpg.rf.df9a3af3987fc4059f6fe4709239511c.jpg, 0, 0, 0, 0, 1, 0, 0, 0, 0, 0, 0, 0, 0, 0, 0, 0, 0, 0, 0, 0, 0, 0, 0, 0, 0, 0, 0, 0, 0, 0
Screen-Shot-2023-07-15-at-11-08-46-PM-copy-2_png_jpg.rf.dfe147d09834e0405c8963a405f1e69e.jpg, 0, 0, 0, 0, 0, 0, 0, 0, 1, 0, 0, 0, 0, 0, 0, 0, 0, 0, 0, 0, 0, 0, 0, 0, 0, 0, 0, 0, 0, 0
q1-JPG2dim_jpg.rf.dff6cd910d9d1b91502b716836be4a37.jpg, 0, 0, 0, 0, 0, 0, 0, 0, 0, 0, 0, 0, 0, 0, 0, 0, 0, 0, 0, 1, 0, 0, 0, 0, 0, 0, 0, 0, 0, 0
Screen-Shot-2023-07-15-at-11-49-41-PM_png_jpg.rf.dfbcb2d6b9f82571e87e82eafedacaf6.jpg, 0, 0, 0, 0, 0, 0, 0, 0, 0, 0, 0, 0, 0, 0, 0, 0, 0, 0, 0, 0, 0, 0, 0, 0, 1, 0, 0, 0, 0, 0
Screen-Shot-2023-07-15-at-11-35-51-PM_png_jpg.rf.dfddf8d6c1cda3304f140fee0d2e7994.jpg, 0, 0, 0, 0, 0, 0, 0, 0, 0, 0, 0, 0, 0, 0, 0, 0, 0, 0, 0, 1, 0, 0, 0, 0, 0, 0, 0, 0, 0, 0
Screen-Shot-2023-07-17-at-12-08-22-AM_png_jpg.rf.df9146705e75197044a343a3dfaccb38.jpg, 0, 0, 0, 0, 0, 0, 0, 0, 0, 0, 0, 0, 0, 0, 0, 0, 1, 0, 0, 0, 0, 0, 0, 0, 0, 0, 0, 0, 0, 0
Screen-Shot-2023-07-17-at-12-21-31-AM_png.rf.dfdbc3ea8d594bd7c5f8ff2543fc1c18.jpg, 0, 0, 0, 0, 0, 0, 0, 0, 0, 0, 0, 0, 0, 0, 0, 0, 0, 0, 1, 0, 0, 0, 0, 0, 0, 0, 0, 0, 0, 0
Screen-Shot-2023-07-17-at-12-11-37-AM_png_jpg.rf.df8f51ce44152c6183ac4445eddcae41.jpg, 0, 0, 0, 0, 0, 0, 0, 0, 0, 0, 0, 0, 0, 0, 0, 0, 0, 0, 0, 0, 0, 1, 0, 0, 0, 0, 0, 0, 0, 0
Screen-Shot-2023-07-15-at-11-54-55-PM_png_jpg.rf.e0172668108c859c05e20f5403e48f24.jpg, 0, 0, 0, 0, 0, 0, 0, 0, 0, 0, 0, 0, 0, 0, 0, 0, 0, 0, 0, 0, 0, 0, 0, 0, 0, 1, 0, 0, 0, 0
Screen-Shot-2023-07-15-at-10-49-05-PM_png_jpg.rf.dfdab8f5bf01dbd6c1b00f567e5ca22a.jpg, 0, 0, 0, 0, 0, 0, 0, 1, 0, 0, 0, 0, 0, 0, 0, 0, 0, 0, 0, 0, 0, 0, 0, 0, 0, 0, 0, 0, 0, 0
Screen-Shot-2023-07-15-at-11-19-40-PM_png_jpg.rf.e035bf7e7c4212c18340bad4be393d18.jpg, 0, 0, 0, 0, 0, 0, 0, 0, 0, 0, 0, 0, 0, 1, 0, 0, 0, 0, 0, 0, 0, 0, 0, 0, 0, 0, 0, 0, 0, 0
Screen-Shot-2023-07-15-at-11-56-39-PM_png_jpg.rf.e01adf6fc808c8e7d442b37685e71cda.jpg, 0, 0, 0, 0, 0, 0, 0, 0, 0, 0, 0, 0, 0, 0, 0, 0, 0, 0, 0, 0, 0, 0, 0, 0, 0, 0, 1, 0, 0, 0
Screen-Shot-2023-07-15-at-11-55-36-PM_png_jpg.rf.ded23d16b3e078e6496d12c8613ba8a6.jpg, 0, 0, 0, 0, 0, 0, 0, 0, 0, 0, 0, 0, 0, 0, 0, 0, 0, 0, 0, 0, 0, 0, 0, 0, 0, 1, 0, 0, 0, 0
Screen-Shot-2023-07-15-at-10-54-05-PM_png_jpg.rf.e0314aa5d89d31a5924e1a410758956d.jpg, 0, 0, 0, 0, 0, 0, 0, 1, 0, 0, 0, 0, 0, 0, 0, 0, 0, 0, 0, 0, 0, 0, 0, 0, 0, 0, 0, 0, 0, 0
k1-JPG18dim_jpg.rf.e0c9500fa91dc78d7594a4d240b417c2.jpg, 0, 0, 0, 0, 0, 0, 0, 0, 0, 0, 0, 0, 1, 0, 0, 0, 0, 0, 0, 0, 0, 0, 0, 0, 0, 0, 0, 0, 0, 0
Screen-Shot-2023-07-15-at-10-53-22-PM_png_jpg.rf.e0b16fb466a9803dd6ec6692dd3d6896.jpg, 0, 0, 0, 0, 0, 0, 0, 1, 0, 0, 0, 0, 0, 0, 0, 0, 0, 0, 0, 0, 0, 0, 0, 0, 0, 0, 0, 0, 0, 0
Screen-Shot-2023-07-15-at-11-10-37-PM_png_jpg.rf.e023d346c34f960a4689d819d3630215.jpg, 0, 0, 0, 0, 0, 0, 0, 0, 0, 1, 0, 0, 0, 0, 0, 0, 0, 0, 0, 0, 0, 0, 0, 0, 0, 0, 0, 0, 0, 0
Screen-Shot-2023-07-17-at-12-12-59-AM_png_jpg.rf.e067c0c17d872e6c6e6e1a92548a758b.jpg, 0, 0, 0, 0, 0, 0, 0, 0, 0, 0, 0, 0, 0, 0, 0, 0, 0, 0, 0, 0, 0, 0, 0, 1, 0, 0, 0, 0, 0, 0
a1-JPG3rot_jpg.rf.e132eceec2db80ff9518559818c77a75.jpg, 1, 0, 0, 0, 0, 0, 0, 0, 0, 0, 0, 0, 0, 0, 0, 0, 0, 0, 0, 0, 0, 0, 0, 0, 0, 0, 0, 0, 0, 0
Screen-Shot-2023-07-15-at-11-06-18-PM_png_jpg.rf.e109540f7e3626bba2fac26289558cb8.jpg, 0, 0, 0, 0, 0, 0, 1, 0, 0, 0, 0, 0, 0, 0, 0, 0, 0, 0, 0, 0, 0, 0, 0, 0, 0, 0, 0, 0, 0, 0
Screen-Shot-2023-07-15-at-11-41-55-PM_png_jpg.rf.e1154cfb3adca9963940b4e0f1da1924.jpg, 0, 0, 0, 0, 0, 0, 0, 0, 0, 0, 0, 0, 0, 0, 0, 0, 0, 0, 0, 0, 0, 1, 0, 0, 0, 0, 0, 0, 0, 0
Screen-Shot-2023-07-15-at-11-58-48-PM_png_jpg.rf.df6e073eb9a6841c935de5324c0dcf76.jpg, 0, 0, 0, 0, 0, 0, 0, 0, 0, 0, 0, 0, 0, 0, 0, 0, 0, 0, 0, 0, 0, 0, 0, 0, 0, 0, 0, 1, 0, 0
v1-JPG7dim_jpg.rf.dfc439a52ad7ba3e26e3c4a48adddb19.jpg, 0, 0, 0, 0, 0, 0, 0, 0, 0, 0, 0, 0, 0, 0, 0, 0, 0, 0, 0, 0, 0, 0, 0, 0, 0, 1, 0, 0, 0, 0
Screen-Shot-2023-07-15-at-11-08-08-PM_png_jpg.rf.e1381223b0bc375d54eb5f7f1d5b4e55.jpg, 0, 0, 0, 0, 0, 0, 0, 0, 1, 0, 0, 0, 0, 0, 0, 0, 0, 0, 0, 0, 0, 0, 0, 0, 0, 0, 0, 0, 0, 0
Screen-Shot-2023-07-15-at-11-27-23-PM_png_jpg.rf.e0693726d35492865f346c62eb3dfda0.jpg, 0, 0, 0, 0, 0, 0, 0, 0, 0, 0, 0, 0, 0, 0, 0, 1, 0, 0, 0, 0, 0, 0, 0, 0, 0, 0, 0, 0, 0, 0
Screen-Shot-2023-07-17-at-12-11-33-AM_png.rf.e12e6351db32ac219cd70e1a65207c40.jpg, 0, 0, 0, 0, 0, 0, 0, 0, 0, 0, 0, 0, 0, 0, 0, 0, 0, 0, 0, 0, 0, 1, 0, 0, 0, 0, 0, 0, 0, 0
Screen-Shot-2023-07-17-at-12-10-55-AM_png_jpg.rf.e10aef4b3dd4204f020ede2f1ee15d71.jpg, 0, 0, 0, 0, 0, 0, 0, 0, 0, 0, 0, 0, 0, 0, 0, 0, 0, 0, 0, 0, 0, 1, 0, 0, 0, 0, 0, 0, 0, 0
Screen-Shot-2023-07-15-at-11-49-13-PM_png.rf.e118dba62d4aae8df3afe6ad56fdad77.jpg, 0, 0, 0, 0, 0, 0, 0, 0, 0, 0, 0, 0, 0, 0, 0, 0, 0, 0, 0, 0, 0, 0, 0, 0, 1, 0, 0, 0, 0, 0
Screen-Shot-2023-07-16-at-12-06-01-AM_png_jpg.rf.e1e5b698bf3e22dc957be44d00da11ed.jpg, 0, 0, 0, 0, 1, 0, 0, 0, 0, 0, 0, 0, 0, 0, 0, 0, 0, 0, 0, 0, 0, 0, 0, 0, 0, 0, 0, 0, 0, 0
Screen-Shot-2023-07-16-at-11-42-41-PM_png_jpg.rf.e1720c47b833b0b908e5163035c146a3.jpg, 0, 1, 0, 0, 0, 0, 0, 0, 0, 0, 0, 0, 0, 0, 0, 0, 0, 0, 0, 0, 0, 0, 0, 0, 0, 0, 0, 0, 0, 0
Screen-Shot-2023-07-15-at-11-23-10-PM-copy_png_jpg.rf.e13f400d0186a2d2a59babc44113d98d.jpg, 0, 0, 0, 0, 0, 0, 0, 0, 0, 0, 0, 0, 0, 0, 1, 0, 0, 0, 0, 0, 0, 0, 0, 0, 0, 0, 0, 0, 0, 0
Screen-Shot-2023-07-16-at-11-58-31-PM_png_jpg.rf.e0e8512302a01603a58132623d1ca70a.jpg, 0, 0, 0, 0, 0, 0, 0, 0, 1, 0, 0, 0, 0, 0, 0, 0, 0, 0, 0, 0, 0, 0, 0, 0, 0, 0, 0, 0, 0, 0
Screen-Shot-2023-07-17-at-12-11-20-AM_png_jpg.rf.e1c8d945cfbfb85733fb2e29182bd82f.jpg, 0, 0, 0, 0, 0, 0, 0, 0, 0, 0, 0, 0, 0, 0, 0, 0, 0, 0, 0, 0, 0, 1, 0, 0, 0, 0, 0, 0, 0, 0
Screen-Shot-2023-07-15-at-10-54-46-PM_png_jpg.rf.e14c64522d1b8cfa1f0a59052eb21d09.jpg, 0, 1, 0, 0, 0, 0, 0, 0, 0, 0, 0, 0, 0, 0, 0, 0, 0, 0, 0, 0, 0, 0, 0, 0, 0, 0, 0, 0, 0, 0
g1-JPG18dim_jpg.rf.e0a2d7feef63494625d383b225e0bc6d.jpg, 0, 0, 0, 0, 0, 0, 0, 0, 1, 0, 0, 0, 0, 0, 0, 0, 0, 0, 0, 0, 0, 0, 0, 0, 0, 0, 0, 0, 0, 0
Screen-Shot-2023-07-17-at-12-22-26-AM_png_jpg.rf.e1db1fe20956d3757d7a5186c9a76b98.jpg, 0, 0, 0, 0, 0, 0, 0, 0, 0, 0, 0, 0, 0, 0, 0, 0, 0, 0, 0, 0, 1, 0, 0, 0, 0, 0, 0, 0, 0, 0
Screen-Shot-2023-07-17-at-12-07-02-AM_png_jpg.rf.e1922cb9a3675fef7430087b5f0d7d86.jpg, 0, 0, 0, 0, 0, 0, 0, 0, 0, 0, 0, 0, 0, 0, 0, 1, 0, 0, 0, 0, 0, 0, 0, 0, 0, 0, 0, 0, 0, 0
b1-JPG17rot_jpg.rf.e15f9904b01fd0c9b55798b926bcd944.jpg, 1, 0, 0, 0, 0, 0, 0, 0, 0, 0, 0, 0, 0, 0, 0, 0, 0, 0, 0, 0, 0, 0, 0, 0, 0, 0, 0, 0, 0, 0
m1-JPG11rot_jpg.rf.e1f12cf83747f5ce7b3103ce0b96dd79.jpg, 0, 0, 0, 0, 0, 0, 0, 0, 0, 0, 0, 0, 0, 0, 1, 0, 0, 0, 0, 0, 0, 0, 0, 0, 0, 0, 0, 0, 0, 0
Screen-Shot-2023-07-15-at-10-59-21-PM_png_jpg.rf.e221b5303451f9c38f29fe85c52ec53d.jpg, 0, 0, 1, 0, 0, 0, 0, 0, 0, 0, 0, 0, 0, 0, 0, 0, 0, 0, 0, 0, 0, 0, 0, 0, 0, 0, 0, 0, 0, 0
Screen-Shot-2023-07-15-at-11-03-10-PM_png_jpg.rf.e13df2de3b7b716675b454a372028f5e.jpg, 0, 0, 0, 0, 0, 1, 0, 0, 0, 0, 0, 0, 0, 0, 0, 0, 0, 0, 0, 0, 0, 0, 0, 0, 0, 0, 0, 0, 0, 0
n1-JPG5whs_jpg.rf.e2f4679e0d738610d5704a6996688376.jpg, 1, 0, 0, 0, 0, 0, 0, 0, 0, 0, 0, 0, 0, 0, 0, 0, 0, 0, 0, 0, 0, 0, 0, 0, 0, 0, 0, 0, 0, 0
Screen-Shot-2023-07-16-at-11-50-36-PM_png_jpg.rf.e27ca2ac86df893d3f9886856bd07c61.jpg, 0, 0, 0, 1, 0, 0, 0, 0, 0, 0, 0, 0, 0, 0, 0, 0, 0, 0, 0, 0, 0, 0, 0, 0, 0, 0, 0, 0, 0, 0
Screen-Shot-2023-07-15-at-10-59-56-PM_png_jpg.rf.e30e59e01cd01932294b25f8388fff10.jpg, 0, 0, 1, 0, 0, 0, 0, 0, 0, 0, 0, 0, 0, 0, 0, 0, 0, 0, 0, 0, 0, 0, 0, 0, 0, 0, 0, 0, 0, 0
Screen-Shot-2023-07-11-at-12-28-38-PM_png_jpg.rf.e17c02690fbe772dd4e6ba71ce8d3823.jpg, 0, 0, 0, 0, 1, 0, 0, 0, 0, 0, 0, 0, 0, 0, 0, 0, 0, 0, 0, 0, 0, 0, 0, 0, 0, 0, 0, 0, 0, 0
Screen-Shot-2023-07-11-at-12-30-24-PM_png_jpg.rf.e28a76248f6b091b57ac7799671093f5.jpg, 0, 0, 0, 0, 0, 0, 0, 0, 0, 0, 0, 0, 0, 0, 0, 0, 0, 0, 0, 0, 1, 0, 0, 0, 0, 0, 0, 0, 0, 0
Screen-Shot-2023-07-15-at-11-01-07-PM_png_jpg.rf.e2c4423c84e3e58f5d1882d9fa1fbda8.jpg, 0, 0, 0, 1, 0, 0, 0, 0, 0, 0, 0, 0, 0, 0, 0, 0, 0, 0, 0, 0, 0, 0, 0, 0, 0, 0, 0, 0, 0, 0
Screen-Shot-2023-07-16-at-11-50-27-PM_png_jpg.rf.e413f92656d7f0b948a8c5e482774347.jpg, 0, 0, 0, 1, 0, 0, 0, 0, 0, 0, 0, 0, 0, 0, 0, 0, 0, 0, 0, 0, 0, 0, 0, 0, 0, 0, 0, 0, 0, 0
Screen-Shot-2023-07-16-at-12-11-45-AM_png_jpg.rf.e361435247806d0c92f7eeadf3ee62aa.jpg, 0, 0, 0, 0, 0, 0, 0, 0, 0, 0, 0, 0, 0, 0, 0, 0, 0, 0, 0, 0, 1, 0, 0, 0, 0, 0, 0, 0, 0, 0
w1-JPG5rot_jpg.rf.e422195dfb2e02fa38e5d2c93e0e81ef.jpg, 0, 0, 0, 0, 0, 0, 0, 0, 0, 0, 0, 0, 0, 0, 0, 0, 0, 0, 0, 0, 0, 0, 0, 0, 0, 0, 1, 0, 0, 0
i1-JPG12whs_jpg.rf.e172ecbfc784ee92056e5ae15d20c6e5.jpg, 0, 0, 0, 0, 0, 0, 0, 0, 0, 0, 1, 0, 0, 0, 0, 0, 0, 0, 0, 0, 0, 0, 0, 0, 0, 0, 0, 0, 0, 0
Screen-Shot-2023-07-17-at-12-11-59-AM_png_jpg.rf.e3a03faa338aaf45033be6f5ac6d9611.jpg, 0, 0, 0, 0, 0, 0, 0, 0, 0, 0, 0, 0, 0, 0, 0, 0, 0, 0, 0, 0, 0, 0, 1, 0, 0, 0, 0, 0, 0, 0
Screen-Shot-2023-07-17-at-12-06-13-AM_png_jpg.rf.e414f648cd85cc2045b44521cecc775e.jpg, 0, 0, 0, 0, 0, 0, 0, 0, 0, 0, 0, 0, 0, 0, 1, 0, 0, 0, 0, 0, 0, 0, 0, 0, 0, 0, 0, 0, 0, 0
Screen-Shot-2023-07-16-at-11-52-49-PM_png_jpg.rf.e36a455c0bff7263a0819a76ea3d35c9.jpg, 0, 0, 0, 0, 0, 1, 0, 0, 0, 0, 0, 0, 0, 0, 0, 0, 0, 0, 0, 0, 0, 0, 0, 0, 0, 0, 0, 0, 0, 0
q1-JPG0rot_jpg.rf.e23a672a5df367301dee13d9140db891.jpg, 0, 0, 0, 0, 0, 0, 0, 0, 0, 0, 0, 0, 0, 0, 0, 0, 0, 0, 0, 1, 0, 0, 0, 0, 0, 0, 0, 0, 0, 0
Screen-Shot-2023-07-15-at-11-58-48-PM_png_jpg.rf.e41637c7c53f5917cbeb3d1a4bec72af.jpg, 0, 0, 0, 0, 0, 0, 0, 0, 0, 0, 0, 0, 0, 0, 0, 0, 0, 0, 0, 0, 0, 0, 0, 0, 0, 0, 0, 1, 0, 0
Screen-Shot-2023-07-16-at-11-50-15-PM_png_jpg.rf.e41628ff7e31c4d76a8dbafeee622288.jpg, 0, 0, 0, 1, 0, 0, 0, 0, 0, 0, 0, 0, 0, 0, 0, 0, 0, 0, 0, 0, 0, 0, 0, 0, 0, 0, 0, 0, 0, 0
Screen-Shot-2023-07-15-at-11-05-01-PM_png_jpg.rf.e469f19d2792960891688f92bbca9058.jpg, 0, 0, 0, 0, 0, 0, 1, 0, 0, 0, 0, 0, 0, 0, 0, 0, 0, 0, 0, 0, 0, 0, 0, 0, 0, 0, 0, 0, 0, 0
Screen-Shot-2023-07-16-at-12-10-21-AM_png_jpg.rf.e0e422f1fc9b0b8fcfd857b870537889.jpg, 0, 0, 0, 0, 0, 0, 0, 0, 0, 0, 0, 0, 0, 0, 0, 0, 0, 0, 0, 0, 1, 0, 0, 0, 0, 0, 0, 0, 0, 0
Screen-Shot-2023-07-15-at-11-47-19-PM_png_jpg.rf.e2822feec826c4fd6426f2958356c3c5.jpg, 0, 0, 0, 0, 0, 0, 0, 0, 0, 0, 0, 0, 0, 0, 0, 0, 0, 0, 0, 0, 0, 0, 0, 1, 0, 0, 0, 0, 0, 0
Screen-Shot-2023-07-16-at-12-07-08-AM_png_jpg.rf.e45ab7facdce4e65efc441e974d5cdec.jpg, 0, 0, 0, 0, 1, 0, 0, 0, 0, 0, 0, 0, 0, 0, 0, 0, 0, 0, 0, 0, 0, 0, 0, 0, 0, 0, 0, 0, 0, 0
Screen-Shot-2023-07-15-at-11-33-23-PM_png_jpg.rf.e4793769a1ad4fbd19797935bdab027d.jpg, 0, 0, 0, 0, 0, 0, 0, 0, 0, 0, 0, 0, 0, 0, 0, 0, 0, 1, 0, 0, 0, 0, 0, 0, 0, 0, 0, 0, 0, 0
c1-JPG3whs_jpg.rf.e4261348b0ee156afd79513c4144b954.jpg, 0, 0, 0, 1, 0, 0, 0, 0, 0, 0, 0, 0, 0, 0, 0, 0, 0, 0, 0, 0, 0, 0, 0, 0, 0, 0, 0, 0, 0, 0
Screen-Shot-2023-07-11-at-12-28-23-PM_png_jpg.rf.e37da147e9276208d850751d245373a8.jpg, 0, 0, 0, 0, 0, 0, 0, 0, 0, 0, 0, 0, 0, 0, 0, 0, 0, 0, 1, 0, 0, 0, 0, 0, 0, 0, 0, 0, 0, 0
Screen-Shot-2023-07-15-at-11-03-16-PM_png_jpg.rf.e43d063a1bcefd750b79078ab208c8f9.jpg, 0, 0, 0, 0, 0, 1, 0, 0, 0, 0, 0, 0, 0, 0, 0, 0, 0, 0, 0, 0, 0, 0, 0, 0, 0, 0, 0, 0, 0, 0
Screen-Shot-2023-07-17-at-12-16-32-AM_png_jpg.rf.e393668add79caec349cfe87d78760c2.jpg, 0, 0, 0, 0, 0, 0, 0, 0, 0, 0, 0, 0, 0, 0, 0, 0, 0, 0, 0, 0, 0, 0, 0, 0, 0, 0, 0, 1, 0, 0
Screen-Shot-2023-07-16-at-12-17-05-PM_png_jpg.rf.e5686c599fbbad58a4d50b6e38b8571d.jpg, 0, 0, 0, 0, 0, 0, 0, 0, 0, 0, 0, 0, 0, 0, 0, 0, 0, 0, 1, 0, 0, 0, 0, 0, 0, 0, 0, 0, 0, 0
Screen-Shot-2023-07-16-at-11-58-54-PM_png_jpg.rf.e4c7c06267d37554bacb467a717ef3b8.jpg, 0, 0, 0, 0, 0, 0, 0, 0, 1, 0, 0, 0, 0, 0, 0, 0, 0, 0, 0, 0, 0, 0, 0, 0, 0, 0, 0, 0, 0, 0
Screen-Shot-2023-07-15-at-10-55-37-PM_png_jpg.rf.e4b8a4491acc7c5dc33996f700565e47.jpg, 0, 1, 0, 0, 0, 0, 0, 0, 0, 0, 0, 0, 0, 0, 0, 0, 0, 0, 0, 0, 0, 0, 0, 0, 0, 0, 0, 0, 0, 0
Screen-Shot-2023-07-17-at-12-13-12-AM_png_jpg.rf.e503c533516271ecbf40769bee9ca95a.jpg, 0, 0, 0, 0, 0, 0, 0, 0, 0, 0, 0, 0, 0, 0, 0, 0, 0, 0, 0, 0, 0, 0, 0, 0, 1, 0, 0, 0, 0, 0
Screen-Shot-2023-07-16-at-12-15-31-PM_png_jpg.rf.e5210b770bb8a049025ea7bbc3d20c84.jpg, 0, 0, 0, 0, 0, 0, 0, 0, 0, 0, 0, 0, 0, 0, 0, 0, 0, 0, 1, 0, 0, 0, 0, 0, 0, 0, 0, 0, 0, 0
Screen-Shot-2023-07-16-at-11-43-16-PM_png_jpg.rf.e4bd8929807ec06bdfcb232f74df730e.jpg, 0, 1, 0, 0, 0, 0, 0, 0, 0, 0, 0, 0, 0, 0, 0, 0, 0, 0, 0, 0, 0, 0, 0, 0, 0, 0, 0, 0, 0, 0
Screen-Shot-2023-07-17-at-12-18-28-AM_png_jpg.rf.e54f4d62f56547c4ec14712e63feaced.jpg, 0, 0, 0, 0, 0, 0, 0, 0, 0, 0, 0, 0, 0, 0, 0, 0, 0, 0, 0, 0, 0, 0, 0, 0, 0, 0, 0, 0, 0, 1
Screen-Shot-2023-07-17-at-12-08-40-AM_png_jpg.rf.e591c8602d69046430c9707675db69c6.jpg, 0, 0, 0, 0, 0, 0, 0, 0, 0, 0, 0, 0, 0, 0, 0, 0, 0, 1, 0, 0, 0, 0, 0, 0, 0, 0, 0, 0, 0, 0
m1-JPG14rot_jpg.rf.e49582ad0de794bc149c5a9df2a45e94.jpg, 0, 0, 0, 0, 0, 0, 0, 0, 0, 0, 0, 0, 0, 0, 1, 0, 0, 0, 0, 0, 0, 0, 0, 0, 0, 0, 0, 0, 0, 0
w1-JPG2rot_jpg.rf.e57c7dd9e5e4a9b2e9f4c77773a6cc08.jpg, 0, 0, 0, 0, 0, 0, 0, 0, 0, 0, 0, 0, 0, 0, 0, 0, 0, 0, 0, 0, 0, 1, 0, 0, 0, 0, 0, 0, 0, 0
Screen-Shot-2023-07-17-at-12-08-02-AM_png_jpg.rf.e5aaac65f2f880b27b676064e88a51c9.jpg, 0, 0, 0, 0, 0, 0, 0, 0, 0, 0, 0, 0, 0, 0, 0, 0, 1, 0, 0, 0, 0, 0, 0, 0, 0, 0, 0, 0, 0, 0
Screen-Shot-2023-07-16-at-12-17-28-PM_png_jpg.rf.e6215ddd3ab3a8304056f06c51afabec.jpg, 0, 0, 0, 0, 0, 0, 0, 0, 0, 0, 0, 0, 0, 0, 0, 0, 0, 0, 1, 0, 0, 0, 0, 0, 0, 0, 0, 0, 0, 0
Screen-Shot-2023-07-15-at-11-05-39-PM_png_jpg.rf.e61b34cf87952089e00a2d221c2f93a4.jpg, 0, 0, 0, 0, 0, 0, 1, 0, 0, 0, 0, 0, 0, 0, 0, 0, 0, 0, 0, 0, 0, 0, 0, 0, 0, 0, 0, 0, 0, 0
Screen-Shot-2023-07-16-at-12-15-31-PM_png.rf.e619d2cfb5cac02b6a49de6fe33fe6bb.jpg, 0, 0, 0, 0, 0, 0, 0, 0, 0, 0, 0, 0, 0, 0, 0, 0, 0, 0, 1, 0, 0, 0, 0, 0, 0, 0, 0, 0, 0, 0
Screen-Shot-2023-07-17-at-12-14-51-AM_png_jpg.rf.e69d84f37cb405088af09cc155ebb170.jpg, 0, 0, 0, 0, 0, 0, 0, 0, 0, 0, 0, 0, 0, 0, 0, 0, 0, 0, 0, 0, 0, 0, 0, 0, 0, 1, 0, 0, 0, 0
Screen-Shot-2023-07-15-at-11-22-35-PM_png_jpg.rf.e66465068fdd1434739ce470456c2ccc.jpg, 0, 0, 0, 0, 0, 0, 0, 0, 0, 0, 0, 0, 0, 0, 1, 0, 0, 0, 0, 0, 0, 0, 0, 0, 0, 0, 0, 0, 0, 0
Screen-Shot-2023-07-15-at-11-03-01-PM_png_jpg.rf.e6b2dd4ad0f90aaccef932470a648c07.jpg, 0, 0, 0, 0, 0, 1, 0, 0, 0, 0, 0, 0, 0, 0, 0, 0, 0, 0, 0, 0, 0, 0, 0, 0, 0, 0, 0, 0, 0, 0
Screen-Shot-2023-07-17-at-12-15-46-AM_png.rf.e254c9e5e890accc1810fd5f2c335dcf.jpg, 0, 0, 0, 0, 0, 0, 0, 0, 0, 0, 0, 0, 0, 0, 0, 0, 0, 0, 0, 0, 0, 0, 0, 0, 0, 0, 1, 0, 0, 0
w1-JPG3dim_jpg.rf.e540c65c29dff845185da1c01eddc3ec.jpg, 0, 0, 0, 0, 0, 0, 0, 0, 0, 0, 0, 0, 0, 0, 0, 0, 0, 0, 0, 0, 0, 0, 0, 0, 0, 0, 1, 0, 0, 0
y1-JPG11rot_jpg.rf.e6b1cf0b6a63cc6c56bf0a76bca48fca.jpg, 0, 0, 0, 0, 0, 0, 0, 0, 0, 0, 0, 0, 0, 0, 0, 0, 0, 0, 0, 0, 0, 0, 0, 0, 0, 0, 0, 0, 1, 0
z1-JPG17whs_jpg.rf.e6895ce12b9e735b840f3e1052bdc062.jpg, 0, 0, 0, 0, 0, 0, 0, 0, 0, 0, 0, 0, 0, 0, 0, 0, 0, 0, 0, 0, 0, 0, 0, 0, 0, 0, 0, 0, 0, 1
Screen-Shot-2023-07-16-at-12-10-27-AM_png_jpg.rf.e662922f2016ab7fad849c8bc7044697.jpg, 0, 0, 0, 0, 0, 0, 0, 0, 0, 0, 0, 0, 0, 0, 0, 0, 0, 0, 0, 0, 1, 0, 0, 0, 0, 0, 0, 0, 0, 0
Screen-Shot-2023-07-16-at-12-16-27-PM_png_jpg.rf.e5b881268e57316933ee55f1f48d2cbc.jpg, 0, 0, 0, 0, 0, 0, 0, 0, 0, 0, 0, 0, 0, 0, 0, 0, 0, 0, 1, 0, 0, 0, 0, 0, 0, 0, 0, 0, 0, 0
z1-JPG16dim_jpg.rf.e52f898951076f2112f3a3dd55cad9ce.jpg, 0, 0, 0, 0, 0, 0, 0, 0, 0, 0, 0, 0, 0, 0, 0, 0, 0, 0, 0, 0, 0, 0, 0, 0, 0, 0, 0, 0, 0, 1
y1-JPG1dim_jpg.rf.e69b623beb7bb6bc09202f077f801291.jpg, 0, 0, 0, 0, 0, 0, 0, 0, 0, 0, 0, 0, 0, 0, 0, 0, 0, 0, 0, 0, 0, 0, 0, 0, 0, 0, 0, 0, 1, 0
Screen-Shot-2023-07-17-at-12-14-27-AM_png_jpg.rf.e63f081f18e3104b8e0100b4d77779d7.jpg, 0, 0, 0, 0, 0, 0, 0, 0, 0, 0, 0, 0, 0, 0, 0, 0, 0, 0, 0, 0, 0, 0, 0, 0, 0, 1, 0, 0, 0, 0
Screen-Shot-2023-07-15-at-11-43-01-PM_png_jpg.rf.e6ddc12f13f308928ae0ca46064f4b16.jpg, 0, 0, 0, 0, 0, 0, 0, 0, 0, 0, 0, 0, 0, 0, 0, 0, 0, 0, 0, 0, 0, 0, 1, 0, 0, 0, 0, 0, 0, 0
c1-JPG16rot_jpg.rf.e60b36a23592abac15ca8b3c568310bb.jpg, 0, 0, 0, 1, 0, 0, 0, 0, 0, 0, 0, 0, 0, 0, 0, 0, 0, 0, 0, 0, 0, 0, 0, 0, 0, 0, 0, 0, 0, 0
Screen-Shot-2023-07-15-at-10-57-11-PM_png_jpg.rf.e690cf837379a1d0e8882bea101fb1c2.jpg, 0, 1, 0, 0, 0, 0, 0, 0, 0, 0, 0, 0, 0, 0, 0, 0, 0, 0, 0, 0, 0, 0, 0, 0, 0, 0, 0, 0, 0, 0
Screen-Shot-2023-07-15-at-10-56-29-PM_png_jpg.rf.e6c0fd5787b7ad202a5cf214ef5bc261.jpg, 0, 1, 0, 0, 0, 0, 0, 0, 0, 0, 0, 0, 0, 0, 0, 0, 0, 0, 0, 0, 0, 0, 0, 0, 0, 0, 0, 0, 0, 0
w1-JPG7whs_jpg.rf.e670916d3b590ed652fe6775da5b2c51.jpg, 0, 0, 0, 0, 0, 0, 0, 0, 0, 0, 0, 0, 0, 0, 0, 0, 0, 0, 0, 0, 0, 0, 0, 0, 0, 0, 1, 0, 0, 0
Screen-Shot-2023-07-17-at-12-18-58-AM_png_jpg.rf.e6dd348b7809b5bb4fe1bd0a9368a9b1.jpg, 0, 0, 0, 0, 0, 0, 0, 0, 0, 0, 0, 0, 0, 0, 0, 0, 0, 0, 0, 0, 0, 0, 0, 0, 0, 0, 0, 0, 0, 1
Screen-Shot-2023-07-17-at-12-18-54-AM_png_jpg.rf.e5e6f47ab032dbf2c9f366693fb9280e.jpg, 0, 0, 0, 0, 0, 0, 0, 0, 0, 0, 0, 0, 0, 0, 0, 0, 0, 0, 0, 0, 0, 0, 0, 0, 0, 0, 0, 0, 0, 1
y1-JPG18whs_jpg.rf.e6f9b8fb8dabd9c1a6c57ed66d731f51.jpg, 0, 0, 0, 0, 0, 0, 0, 0, 0, 0, 0, 0, 0, 0, 0, 0, 0, 0, 0, 0, 0, 0, 0, 0, 0, 0, 0, 0, 1, 0
Screen-Shot-2023-07-11-at-12-30-24-PM_png_jpg.rf.e723f9df9a8a24b331d6415ef6d3eb2a.jpg, 0, 0, 0, 0, 0, 0, 0, 0, 0, 0, 0, 0, 0, 0, 0, 0, 0, 0, 0, 0, 1, 0, 0, 0, 0, 0, 0, 0, 0, 0
Screen-Shot-2023-07-16-at-11-54-10-PM_png_jpg.rf.e7431caa06d1dcf472334eb0d4fc2402.jpg, 0, 0, 0, 0, 0, 0, 1, 0, 0, 0, 0, 0, 0, 0, 0, 0, 0, 0, 0, 0, 0, 0, 0, 0, 0, 0, 0, 0, 0, 0
Screen-Shot-2023-07-17-at-12-16-05-AM_png_jpg.rf.e4ac4a77992714af3967ca9bab689039.jpg, 0, 0, 0, 0, 0, 0, 0, 0, 0, 0, 0, 0, 0, 0, 0, 0, 0, 0, 0, 0, 0, 0, 0, 0, 0, 0, 1, 0, 0, 0
Screen-Shot-2023-07-11-at-12-30-24-PM_png_jpg.rf.e7434808ebec6f6465b655c8b7fba888.jpg, 0, 0, 0, 0, 0, 0, 0, 0, 0, 0, 0, 0, 0, 0, 0, 0, 0, 0, 0, 0, 1, 0, 0, 0, 0, 0, 0, 0, 0, 0
Screen-Shot-2023-07-17-at-12-07-38-AM_png_jpg.rf.e75563e2a30fe45b84f177f5110f428b.jpg, 0, 0, 0, 0, 0, 0, 0, 0, 0, 0, 0, 0, 0, 0, 0, 1, 0, 0, 0, 0, 0, 0, 0, 0, 0, 0, 0, 0, 0, 0
Screen-Shot-2023-07-17-at-12-01-48-AM_png_jpg.rf.e785cc64e924a34dcc6871ca563ea43b.jpg, 0, 0, 0, 0, 0, 0, 0, 0, 0, 0, 0, 1, 0, 0, 0, 0, 0, 0, 0, 0, 0, 0, 0, 0, 0, 0, 0, 0, 0, 0
Screen-Shot-2023-07-15-at-11-17-50-PM_png.rf.e7614a11110c750d3ac37d5b72988a00.jpg, 0, 0, 0, 0, 0, 0, 0, 0, 0, 0, 0, 0, 1, 0, 0, 0, 0, 0, 0, 0, 0, 0, 0, 0, 0, 0, 0, 0, 0, 0
Screen-Shot-2023-07-17-at-12-22-02-AM_png_jpg.rf.e860674da5fc7cc80b0ba484d8cd9f26.jpg, 0, 0, 0, 0, 0, 0, 0, 0, 0, 0, 0, 0, 0, 0, 0, 0, 0, 0, 1, 0, 0, 0, 0, 0, 0, 0, 0, 0, 0, 0
d1-JPG9whs_jpg.rf.e6f4e2b438f372120f23ad44fc755e00.jpg, 0, 0, 0, 0, 0, 1, 0, 0, 0, 0, 0, 0, 0, 0, 0, 0, 0, 0, 0, 0, 0, 0, 0, 0, 0, 0, 0, 0, 0, 0
z1-JPG3dim_jpg.rf.e78715e00ba5ce90d3efe94f993e7225.jpg, 0, 0, 0, 0, 0, 0, 0, 0, 0, 0, 0, 0, 0, 0, 0, 0, 0, 0, 0, 0, 0, 0, 0, 0, 0, 0, 0, 0, 0, 1
Screen-Shot-2023-07-15-at-11-47-30-PM_png_jpg.rf.e788154672c3e116f73bc8813ad34b44.jpg, 0, 0, 0, 0, 0, 0, 0, 0, 0, 0, 0, 0, 0, 0, 0, 0, 0, 0, 0, 0, 0, 0, 0, 1, 0, 0, 0, 0, 0, 0
m1-JPG19dim_jpg.rf.e7c89fd6d7cd47f3b8d005411cab345e.jpg, 0, 0, 0, 0, 0, 0, 0, 0, 0, 0, 0, 0, 0, 0, 1, 0, 0, 0, 0, 0, 0, 0, 0, 0, 0, 0, 0, 0, 0, 0
Screen-Shot-2023-07-15-at-11-07-53-PM_png_jpg.rf.e81cc8829f1207d85be12cd297c2931c.jpg, 0, 0, 0, 0, 0, 0, 0, 0, 1, 0, 0, 0, 0, 0, 0, 0, 0, 0, 0, 0, 0, 0, 0, 0, 0, 0, 0, 0, 0, 0
b1-JPG17dim_jpg.rf.e73b343f6ef9177f4a078d81a2c09196.jpg, 0, 0, 1, 0, 0, 0, 0, 0, 0, 0, 0, 0, 0, 0, 0, 0, 0, 0, 0, 0, 0, 0, 0, 0, 0, 0, 0, 0, 0, 0
q1-JPG7whs_jpg.rf.e7cac004b6459bc0e5a0f3730b476dea.jpg, 0, 0, 0, 0, 0, 0, 0, 0, 0, 0, 0, 0, 0, 0, 0, 0, 0, 0, 0, 1, 0, 0, 0, 0, 0, 0, 0, 0, 0, 0
Screen-Shot-2023-07-17-at-12-09-20-AM_png_jpg.rf.e75e2ab4a4e12050ab5e3f582da19a79.jpg, 0, 0, 0, 0, 0, 0, 0, 0, 0, 0, 0, 0, 0, 0, 0, 0, 0, 1, 0, 0, 0, 0, 0, 0, 0, 0, 0, 0, 0, 0
Screen-Shot-2023-07-15-at-11-59-15-PM_png.rf.e84c371dc1b3dd41c0ad55e61c93d17a.jpg, 0, 0, 0, 0, 0, 0, 0, 0, 0, 0, 0, 0, 0, 0, 0, 0, 0, 0, 0, 0, 0, 0, 0, 0, 0, 0, 0, 1, 0, 0
Screen-Shot-2023-07-15-at-11-41-47-PM_png.rf.e8893824aa9404d822ff7cce753c762f.jpg, 0, 0, 0, 0, 0, 0, 0, 0, 0, 0, 0, 0, 0, 0, 0, 0, 0, 0, 0, 0, 0, 1, 0, 0, 0, 0, 0, 0, 0, 0
Screen-Shot-2023-07-16-at-11-46-48-PM_png_jpg.rf.e878488db55607d202b3908e9065bac0.jpg, 0, 0, 1, 0, 0, 0, 0, 0, 0, 0, 0, 0, 0, 0, 0, 0, 0, 0, 0, 0, 0, 0, 0, 0, 0, 0, 0, 0, 0, 0
Screen-Shot-2023-07-15-at-11-48-02-PM_png_jpg.rf.e70cac5efbc57ec89919bc7d288cb4c0.jpg, 0, 0, 0, 0, 0, 0, 0, 0, 0, 0, 0, 0, 0, 0, 0, 0, 0, 0, 0, 0, 0, 0, 0, 0, 1, 0, 0, 0, 0, 0
Screen-Shot-2023-07-15-at-10-54-55-PM_png_jpg.rf.e778fe7410d883661058ffb265d1b9d7.jpg, 0, 1, 0, 0, 0, 0, 0, 0, 0, 0, 0, 0, 0, 0, 0, 0, 0, 0, 0, 0, 0, 0, 0, 0, 0, 0, 0, 0, 0, 0
Screen-Shot-2023-07-17-at-12-02-08-AM_png_jpg.rf.e8821957ddc2cfbc6fbb8797e0d93220.jpg, 0, 0, 0, 0, 0, 0, 0, 0, 0, 0, 0, 0, 1, 0, 0, 0, 0, 0, 0, 0, 0, 0, 0, 0, 0, 0, 0, 0, 0, 0
l1-JPG11rot_jpg.rf.e773d4ed2985b8bcccbb4adf79b17bcc.jpg, 0, 0, 0, 0, 0, 0, 0, 0, 0, 0, 0, 0, 0, 1, 0, 0, 0, 0, 0, 0, 0, 0, 0, 0, 0, 0, 0, 0, 0, 0
Screen-Shot-2023-07-15-at-11-10-19-PM_png_jpg.rf.e933ece0a412b5d78d0a606cbfd9af92.jpg, 0, 0, 0, 0, 0, 0, 0, 0, 0, 1, 0, 0, 0, 0, 0, 0, 0, 0, 0, 0, 0, 0, 0, 0, 0, 0, 0, 0, 0, 0
Screen-Shot-2023-07-17-at-12-08-48-AM_png.rf.e91e4fd460b1ee5ca0fabd60cb29c81a.jpg, 0, 0, 0, 0, 0, 0, 0, 0, 0, 0, 0, 0, 0, 0, 0, 0, 0, 1, 0, 0, 0, 0, 0, 0, 0, 0, 0, 0, 0, 0
y1-JPG0whs_jpg.rf.e8fa2b7738456023d5dd9beec955cc09.jpg, 0, 0, 0, 0, 0, 0, 0, 0, 0, 0, 0, 0, 0, 0, 0, 0, 0, 0, 0, 0, 0, 0, 0, 0, 0, 0, 0, 0, 1, 0
Screen-Shot-2023-07-17-at-12-14-47-AM_png_jpg.rf.e958eee447951d7335bbfcd36b7bbfe5.jpg, 0, 0, 0, 0, 0, 0, 0, 0, 0, 0, 0, 0, 0, 0, 0, 0, 0, 0, 0, 0, 0, 0, 0, 0, 0, 1, 0, 0, 0, 0
Screen-Shot-2023-07-17-at-12-02-43-AM_png_jpg.rf.e8f75af4b620818610cce425950405b6.jpg, 0, 0, 0, 0, 0, 0, 0, 0, 0, 0, 0, 0, 1, 0, 0, 0, 0, 0, 0, 0, 0, 0, 0, 0, 0, 0, 0, 0, 0, 0
Screen-Shot-2023-07-16-at-12-10-37-AM_png_jpg.rf.e923562b5a5734418bdfbc0b4c067cda.jpg, 0, 0, 0, 0, 0, 0, 0, 0, 0, 0, 0, 0, 0, 0, 0, 0, 0, 0, 0, 0, 1, 0, 0, 0, 0, 0, 0, 0, 0, 0
Screen-Shot-2023-07-17-at-12-15-46-AM_png_jpg.rf.e943b159236a07ee315caa5fe9cd854e.jpg, 0, 0, 0, 0, 0, 0, 0, 0, 0, 0, 0, 0, 0, 0, 0, 0, 0, 0, 0, 0, 0, 0, 0, 0, 0, 0, 1, 0, 0, 0
Screen-Shot-2023-07-16-at-11-53-19-PM_png_jpg.rf.e7c66133c6cb4ea9a263b33c8e9657ce.jpg, 0, 0, 0, 0, 0, 1, 0, 0, 0, 0, 0, 0, 0, 0, 0, 0, 0, 0, 0, 0, 0, 0, 0, 0, 0, 0, 0, 0, 0, 0
j1-JPG15whs_jpg.rf.e9150b4bb40f2d350fabc130fc9291bd.jpg, 0, 0, 0, 0, 0, 0, 0, 0, 0, 0, 0, 1, 0, 0, 0, 0, 0, 0, 0, 0, 0, 0, 0, 0, 0, 0, 0, 0, 0, 0
Screen-Shot-2023-07-15-at-10-59-38-PM_png_jpg.rf.e99b1dea0373dd4cf4d7c1f76eb6ac58.jpg, 0, 0, 1, 0, 0, 0, 0, 0, 0, 0, 0, 0, 0, 0, 0, 0, 0, 0, 0, 0, 0, 0, 0, 0, 0, 0, 0, 0, 0, 0
Screen-Shot-2023-07-17-at-12-12-43-AM_png.rf.e97201e0ecc4b3c0a66a89da81589b48.jpg, 0, 0, 0, 0, 0, 0, 0, 0, 0, 0, 0, 0, 0, 0, 0, 0, 0, 0, 0, 0, 0, 0, 0, 1, 0, 0, 0, 0, 0, 0
Screen-Shot-2023-07-15-at-11-08-46-PM-copy-2_png_jpg.rf.e9504a7fd47692776663d97ea53bac1e.jpg, 0, 0, 0, 0, 0, 0, 0, 0, 1, 0, 0, 0, 0, 0, 0, 0, 0, 0, 0, 0, 0, 0, 0, 0, 0, 0, 0, 0, 0, 0
p1-JPG16rot_jpg.rf.ea69e56ecc2396948bd69f164338439d.jpg, 0, 0, 0, 0, 0, 0, 0, 0, 0, 0, 0, 0, 0, 0, 0, 0, 0, 1, 0, 0, 0, 0, 0, 0, 0, 0, 0, 0, 0, 0
Screen-Shot-2023-07-17-at-12-03-36-AM_png_jpg.rf.ea11477e0cafd0effd918c87a22c2bda.jpg, 0, 0, 0, 0, 0, 0, 0, 0, 0, 0, 0, 0, 0, 1, 0, 0, 0, 0, 0, 0, 0, 0, 0, 0, 0, 0, 0, 0, 0, 0
Screen-Shot-2023-07-16-at-11-52-30-PM_png_jpg.rf.ea1cfa08da5ca2d31dbe146225682acb.jpg, 0, 0, 0, 0, 0, 1, 0, 0, 0, 0, 0, 0, 0, 0, 0, 0, 0, 0, 0, 0, 0, 0, 0, 0, 0, 0, 0, 0, 0, 0
Screen-Shot-2023-07-17-at-12-14-35-AM_png_jpg.rf.ea48752a982ff0fc9f28854487a59b0b.jpg, 0, 0, 0, 0, 0, 0, 0, 0, 0, 0, 0, 0, 0, 0, 0, 0, 0, 0, 0, 0, 0, 0, 0, 0, 0, 1, 0, 0, 0, 0
u1-JPG0rot_jpg.rf.eaa7fa79683aa92da6137d8879650b81.jpg, 0, 0, 0, 0, 0, 0, 0, 0, 0, 0, 0, 0, 0, 0, 0, 0, 0, 0, 0, 0, 0, 0, 0, 0, 1, 0, 0, 0, 0, 0
Screen-Shot-2023-07-17-at-12-12-55-AM_png_jpg.rf.ea3c14a1ff7dc4fa1fc70f91a5c8afa3.jpg, 0, 0, 0, 0, 0, 0, 0, 0, 0, 0, 0, 0, 0, 0, 0, 0, 0, 0, 0, 0, 0, 0, 0, 1, 0, 0, 0, 0, 0, 0
Screen-Shot-2023-07-15-at-11-54-48-PM_png_jpg.rf.ea98f706c67df1da40c391e53048a83f.jpg, 0, 0, 0, 0, 0, 0, 0, 0, 0, 0, 0, 0, 0, 0, 0, 0, 0, 0, 0, 0, 0, 0, 0, 0, 0, 1, 0, 0, 0, 0
z1-JPG9whs_jpg.rf.eac44770c349cc07aa6758cec6b55a5c.jpg, 0, 0, 0, 0, 0, 0, 0, 0, 0, 0, 0, 0, 0, 0, 0, 0, 0, 0, 0, 0, 0, 0, 0, 0, 0, 0, 0, 0, 0, 1
Screen-Shot-2023-07-16-at-12-08-12-AM_png_jpg.rf.e93d8837e44927aaab1a8a366dcf48e9.jpg, 0, 0, 0, 0, 0, 0, 0, 0, 0, 0, 0, 0, 0, 0, 0, 0, 0, 0, 0, 0, 1, 0, 0, 0, 0, 0, 0, 0, 0, 0
a1-JPG19dim_jpg.rf.e987c9fc393eb9ee86272a816b1d0571.jpg, 0, 1, 0, 0, 0, 0, 0, 0, 0, 0, 0, 0, 0, 0, 0, 0, 0, 0, 0, 0, 0, 0, 0, 0, 0, 0, 0, 0, 0, 0
Screen-Shot-2023-07-15-at-11-21-34-PM_png_jpg.rf.e98ab6330ffae3a28e904d945d3df405.jpg, 0, 0, 0, 0, 0, 0, 0, 0, 0, 0, 0, 0, 0, 1, 0, 0, 0, 0, 0, 0, 0, 0, 0, 0, 0, 0, 0, 0, 0, 0
Screen-Shot-2023-07-17-at-12-12-46-AM_png_jpg.rf.e9bc5dbe7267f8b25989d306b3586788.jpg, 0, 0, 0, 0, 0, 0, 0, 0, 0, 0, 0, 0, 0, 0, 0, 0, 0, 0, 0, 0, 0, 0, 0, 1, 0, 0, 0, 0, 0, 0
Screen-Shot-2023-07-15-at-11-43-26-PM_png_jpg.rf.ea76ef7e89a80751cf1229dbfa848abc.jpg, 0, 0, 0, 0, 0, 0, 0, 0, 0, 0, 0, 0, 0, 0, 0, 0, 0, 0, 0, 0, 0, 0, 1, 0, 0, 0, 0, 0, 0, 0
Screen-Shot-2023-07-15-at-10-52-31-PM_png_jpg.rf.eb5e95b13e343599acb231161eefb8c9.jpg, 0, 0, 0, 0, 0, 0, 0, 1, 0, 0, 0, 0, 0, 0, 0, 0, 0, 0, 0, 0, 0, 0, 0, 0, 0, 0, 0, 0, 0, 0
Screen-Shot-2023-07-15-at-11-56-33-PM_png_jpg.rf.ea9ce16cfe5f96ee52d35e4aaafcaa62.jpg, 0, 0, 0, 0, 0, 0, 0, 0, 0, 0, 0, 0, 0, 0, 0, 0, 0, 0, 0, 0, 0, 0, 0, 0, 0, 0, 1, 0, 0, 0
Screen-Shot-2023-07-15-at-11-08-17-PM_png_jpg.rf.eb120dbdb466bd5f27a8a243d76fe681.jpg, 0, 0, 0, 0, 0, 0, 0, 0, 1, 0, 0, 0, 0, 0, 0, 0, 0, 0, 0, 0, 0, 0, 0, 0, 0, 0, 0, 0, 0, 0
Screen-Shot-2023-07-15-at-11-18-11-PM_png_jpg.rf.eb76738816f3e15a1f329332b43f55d0.jpg, 0, 0, 0, 0, 0, 0, 0, 0, 0, 0, 0, 0, 1, 0, 0, 0, 0, 0, 0, 0, 0, 0, 0, 0, 0, 0, 0, 0, 0, 0
Screen-Shot-2023-07-15-at-11-17-36-PM_png_jpg.rf.eb4874df8beb27733596b4f312a058f6.jpg, 0, 0, 0, 0, 0, 0, 0, 0, 0, 0, 0, 0, 1, 0, 0, 0, 0, 0, 0, 0, 0, 0, 0, 0, 0, 0, 0, 0, 0, 0
Screen-Shot-2023-07-17-at-12-22-30-AM_png_jpg.rf.e88ade659378752867fea8346487c8a2.jpg, 0, 0, 0, 0, 0, 0, 0, 0, 0, 0, 0, 0, 0, 0, 0, 0, 0, 0, 0, 0, 1, 0, 0, 0, 0, 0, 0, 0, 0, 0
Screen-Shot-2023-07-17-at-12-16-43-AM_png_jpg.rf.eb072fe8f2644484cf2f8ace3020d202.jpg, 0, 0, 0, 0, 0, 0, 0, 0, 0, 0, 0, 0, 0, 0, 0, 0, 0, 0, 0, 0, 0, 0, 0, 0, 0, 0, 0, 1, 0, 0
Screen-Shot-2023-07-15-at-10-59-38-PM_png_jpg.rf.eba326c0bec88326ee30e92dceb8c49d.jpg, 0, 0, 1, 0, 0, 0, 0, 0, 0, 0, 0, 0, 0, 0, 0, 0, 0, 0, 0, 0, 0, 0, 0, 0, 0, 0, 0, 0, 0, 0
Screen-Shot-2023-07-15-at-11-03-16-PM_png_jpg.rf.ea6e35802e88339c08dc381a87164339.jpg, 0, 0, 0, 0, 0, 1, 0, 0, 0, 0, 0, 0, 0, 0, 0, 0, 0, 0, 0, 0, 0, 0, 0, 0, 0, 0, 0, 0, 0, 0
Screen-Shot-2023-07-17-at-12-16-13-AM_png_jpg.rf.ec07837c4920afc9ebdf8afa7bdee546.jpg, 0, 0, 0, 0, 0, 0, 0, 0, 0, 0, 0, 0, 0, 0, 0, 0, 0, 0, 0, 0, 0, 0, 0, 0, 0, 0, 0, 1, 0, 0
Screen-Shot-2023-07-15-at-11-01-18-PM_png_jpg.rf.ebda26fbe83451ac52e4c9af24a08eff.jpg, 0, 0, 0, 1, 0, 0, 0, 0, 0, 0, 0, 0, 0, 0, 0, 0, 0, 0, 0, 0, 0, 0, 0, 0, 0, 0, 0, 0, 0, 0
Screen-Shot-2023-07-15-at-10-54-55-PM_png_jpg.rf.eb08c22ba121f110016c2363f79ba7b3.jpg, 0, 1, 0, 0, 0, 0, 0, 0, 0, 0, 0, 0, 0, 0, 0, 0, 0, 0, 0, 0, 0, 0, 0, 0, 0, 0, 0, 0, 0, 0
Screen-Shot-2023-07-16-at-12-03-29-AM_png_jpg.rf.eb9ed045d7f424c91086a1b28e91f500.jpg, 0, 0, 0, 0, 0, 0, 0, 0, 0, 0, 0, 0, 0, 0, 0, 0, 0, 0, 0, 0, 0, 0, 0, 0, 0, 0, 0, 0, 0, 1
Screen-Shot-2023-07-17-at-12-12-30-AM_png_jpg.rf.eb83b2457b7e6796c790ceada2e97c30.jpg, 0, 0, 0, 0, 0, 0, 0, 0, 0, 0, 0, 0, 0, 0, 0, 0, 0, 0, 0, 0, 0, 0, 0, 1, 0, 0, 0, 0, 0, 0
Screen-Shot-2023-07-17-at-12-09-20-AM_png_jpg.rf.e9b503f2fc0df7e5a4676a9756cd8b80.jpg, 0, 0, 0, 0, 0, 0, 0, 0, 0, 0, 0, 0, 0, 0, 0, 0, 0, 1, 0, 0, 0, 0, 0, 0, 0, 0, 0, 0, 0, 0
Screen-Shot-2023-07-17-at-12-11-15-AM_png_jpg.rf.eac7a4a267309e0faf0c80ab01b523db.jpg, 0, 0, 0, 0, 0, 0, 0, 0, 0, 0, 0, 0, 0, 0, 0, 0, 0, 0, 0, 0, 0, 1, 0, 0, 0, 0, 0, 0, 0, 0
s1-JPG12dim_jpg.rf.e76c4319a8fd8cb0e474abf400199e4b.jpg, 0, 0, 0, 0, 0, 0, 0, 0, 0, 0, 0, 0, 0, 0, 0, 0, 0, 0, 0, 0, 0, 0, 1, 0, 0, 0, 0, 0, 0, 0
Screen-Shot-2023-07-16-at-11-51-14-PM_png_jpg.rf.eaec062d6c0899c42bb4e3568446ea9c.jpg, 0, 0, 0, 0, 0, 1, 0, 0, 0, 0, 0, 0, 0, 0, 0, 0, 0, 0, 0, 0, 0, 0, 0, 0, 0, 0, 0, 0, 0, 0
f1-JPG5dim_jpg.rf.ec0c09866836c34ab234898bc762cb53.jpg, 0, 0, 0, 0, 0, 0, 0, 1, 0, 0, 0, 0, 0, 0, 0, 0, 0, 0, 0, 0, 0, 0, 0, 0, 0, 0, 0, 0, 0, 0
Screen-Shot-2023-07-15-at-11-10-45-PM_png_jpg.rf.ebe34409d120253ad38a1501c7780601.jpg, 0, 0, 0, 0, 0, 0, 0, 0, 0, 1, 0, 0, 0, 0, 0, 0, 0, 0, 0, 0, 0, 0, 0, 0, 0, 0, 0, 0, 0, 0
d1-JPG16whs_jpg.rf.ebff8d9cfc346b33a4e71e5def6ab222.jpg, 1, 0, 0, 0, 0, 0, 0, 0, 0, 0, 0, 0, 0, 0, 0, 0, 0, 0, 0, 0, 0, 0, 0, 0, 0, 0, 0, 0, 0, 0
b1-JPG7whs_jpg.rf.ec294324dcd82162e860fdc44907ce54.jpg, 0, 0, 1, 0, 0, 0, 0, 0, 0, 0, 0, 0, 0, 0, 0, 0, 0, 0, 0, 0, 0, 0, 0, 0, 0, 0, 0, 0, 0, 0
h1-JPG5rot_jpg.rf.ec5fd7ce6e0c14b84e4746cbf087a4d7.jpg, 0, 0, 0, 0, 0, 0, 0, 0, 0, 1, 0, 0, 0, 0, 0, 0, 0, 0, 0, 0, 0, 0, 0, 0, 0, 0, 0, 0, 0, 0
Screen-Shot-2023-07-16-at-11-47-09-PM_png_jpg.rf.ecdd0328ef2a6d664fb3a1cab75005f1.jpg, 0, 0, 1, 0, 0, 0, 0, 0, 0, 0, 0, 0, 0, 0, 0, 0, 0, 0, 0, 0, 0, 0, 0, 0, 0, 0, 0, 0, 0, 0
Screen-Shot-2023-07-15-at-10-56-29-PM_png_jpg.rf.ecd9ece774bedbda411d371c21c144d7.jpg, 0, 1, 0, 0, 0, 0, 0, 0, 0, 0, 0, 0, 0, 0, 0, 0, 0, 0, 0, 0, 0, 0, 0, 0, 0, 0, 0, 0, 0, 0
Screen-Shot-2023-07-15-at-10-49-05-PM_png_jpg.rf.ecd4a8843483f50729f08ad66bc75fcb.jpg, 0, 0, 0, 0, 0, 0, 0, 1, 0, 0, 0, 0, 0, 0, 0, 0, 0, 0, 0, 0, 0, 0, 0, 0, 0, 0, 0, 0, 0, 0
Screen-Shot-2023-07-15-at-11-59-05-PM_png_jpg.rf.ed0b8380f2eece3b8c5458a3546cd571.jpg, 0, 0, 0, 0, 0, 0, 0, 0, 0, 0, 0, 0, 0, 0, 0, 0, 0, 0, 0, 0, 0, 0, 0, 0, 0, 0, 0, 1, 0, 0
Screen-Shot-2023-07-15-at-11-00-27-PM_png_jpg.rf.ec76210dca07a5b98631a69d59975654.jpg, 0, 0, 0, 1, 0, 0, 0, 0, 0, 0, 0, 0, 0, 0, 0, 0, 0, 0, 0, 0, 0, 0, 0, 0, 0, 0, 0, 0, 0, 0
Screen-Shot-2023-07-15-at-11-58-03-PM_png_jpg.rf.ecf59f8b4be9cb43a1dba3a443198c98.jpg, 0, 0, 0, 0, 0, 0, 0, 0, 0, 0, 0, 0, 0, 0, 0, 0, 0, 0, 0, 0, 0, 0, 0, 0, 0, 0, 1, 0, 0, 0
Screen-Shot-2023-07-15-at-11-02-36-PM_png_jpg.rf.ec839480f01b4750e00b324ae048be74.jpg, 0, 0, 0, 0, 0, 1, 0, 0, 0, 0, 0, 0, 0, 0, 0, 0, 0, 0, 0, 0, 0, 0, 0, 0, 0, 0, 0, 0, 0, 0
Screen-Shot-2023-07-17-at-12-00-50-AM_png_jpg.rf.ecec546ec1576bc3eac1d5996b57c266.jpg, 0, 0, 0, 0, 0, 0, 0, 0, 0, 0, 1, 0, 0, 0, 0, 0, 0, 0, 0, 0, 0, 0, 0, 0, 0, 0, 0, 0, 0, 0
n1-JPG2rot_jpg.rf.eda03e6d189c3c1b6ac3e8d42b757474.jpg, 0, 0, 0, 0, 0, 0, 0, 0, 0, 0, 0, 0, 0, 0, 0, 1, 0, 0, 0, 0, 0, 0, 0, 0, 0, 0, 0, 0, 0, 0
Screen-Shot-2023-07-17-at-12-09-20-AM_png_jpg.rf.ed66c0667ec86bdeb6ae67ee4e71216c.jpg, 0, 0, 0, 0, 0, 0, 0, 0, 0, 0, 0, 0, 0, 0, 0, 0, 0, 1, 0, 0, 0, 0, 0, 0, 0, 0, 0, 0, 0, 0
Screen-Shot-2023-07-15-at-10-54-05-PM_png_jpg.rf.ed58dd753921227c18f79c29f3e504c8.jpg, 0, 0, 0, 0, 0, 0, 0, 1, 0, 0, 0, 0, 0, 0, 0, 0, 0, 0, 0, 0, 0, 0, 0, 0, 0, 0, 0, 0, 0, 0
Screen-Shot-2023-07-15-at-11-56-06-PM_png_jpg.rf.edaa3e80ab6059f7133c5835756df652.jpg, 0, 0, 0, 0, 0, 0, 0, 0, 0, 0, 0, 0, 0, 0, 0, 0, 0, 0, 0, 0, 0, 0, 0, 0, 0, 1, 0, 0, 0, 0
Screen-Shot-2023-07-16-at-12-05-44-AM_png_jpg.rf.ed80770e1727cb1f99b156d58931e054.jpg, 0, 0, 0, 0, 1, 0, 0, 0, 0, 0, 0, 0, 0, 0, 0, 0, 0, 0, 0, 0, 0, 0, 0, 0, 0, 0, 0, 0, 0, 0
Screen-Shot-2023-07-17-at-12-05-55-AM_png_jpg.rf.edf050d8dd3d94e3ed30d719ffc4f519.jpg, 0, 0, 0, 0, 0, 0, 0, 0, 0, 0, 0, 0, 0, 0, 1, 0, 0, 0, 0, 0, 0, 0, 0, 0, 0, 0, 0, 0, 0, 0
Screen-Shot-2023-07-15-at-11-46-20-PM_png_jpg.rf.ec72158638bd250a7295ec535ee56818.jpg, 0, 0, 0, 0, 0, 0, 0, 0, 0, 0, 0, 0, 0, 0, 0, 0, 0, 0, 0, 0, 0, 0, 0, 1, 0, 0, 0, 0, 0, 0
e1-JPG8whs_jpg.rf.ee136fec3f31a9d9e4ba05760b7b2f91.jpg, 0, 0, 0, 0, 0, 0, 1, 0, 0, 0, 0, 0, 0, 0, 0, 0, 0, 0, 0, 0, 0, 0, 0, 0, 0, 0, 0, 0, 0, 0
Screen-Shot-2023-07-17-at-12-20-40-AM_png_jpg.rf.ed1bbf7f04087c4b6af7e6beec29dd26.jpg, 0, 0, 0, 0, 1, 0, 0, 0, 0, 0, 0, 0, 0, 0, 0, 0, 0, 0, 0, 0, 0, 0, 0, 0, 0, 0, 0, 0, 0, 0
Screen-Shot-2023-07-15-at-11-26-57-PM_png_jpg.rf.ede1de91b107b80fb9957d9d66f25b33.jpg, 0, 0, 0, 0, 0, 0, 0, 0, 0, 0, 0, 0, 0, 0, 0, 1, 0, 0, 0, 0, 0, 0, 0, 0, 0, 0, 0, 0, 0, 0
Screen-Shot-2023-07-15-at-11-28-20-PM_png_jpg.rf.ee1a18ae21fd3a7bc3d2d7ef8a2f6e27.jpg, 0, 0, 0, 0, 0, 0, 0, 0, 0, 0, 0, 0, 0, 0, 0, 0, 1, 0, 0, 0, 0, 0, 0, 0, 0, 0, 0, 0, 0, 0
Screen-Shot-2023-07-15-at-11-07-47-PM_png_jpg.rf.edad3cad632e102fdcf39efe2897ca45.jpg, 0, 0, 0, 0, 0, 0, 0, 0, 1, 0, 0, 0, 0, 0, 0, 0, 0, 0, 0, 0, 0, 0, 0, 0, 0, 0, 0, 0, 0, 0
Screen-Shot-2023-07-15-at-11-22-49-PM_png_jpg.rf.ee2e5e481f522e13e6b32e6df2a725da.jpg, 0, 0, 0, 0, 0, 0, 0, 0, 0, 0, 0, 0, 0, 0, 1, 0, 0, 0, 0, 0, 0, 0, 0, 0, 0, 0, 0, 0, 0, 0
Screen-Shot-2023-07-16-at-12-17-28-PM_png.rf.ee7157055fbdcadbd56bd500645f53e0.jpg, 0, 0, 0, 0, 0, 0, 0, 0, 0, 0, 0, 0, 0, 0, 0, 0, 0, 0, 1, 0, 0, 0, 0, 0, 0, 0, 0, 0, 0, 0
Screen-Shot-2023-07-15-at-10-55-37-PM_png.rf.ed72c1f88397d0318eb3cec3e09d32e9.jpg, 0, 1, 0, 0, 0, 0, 0, 0, 0, 0, 0, 0, 0, 0, 0, 0, 0, 0, 0, 0, 0, 0, 0, 0, 0, 0, 0, 0, 0, 0
Screen-Shot-2023-07-15-at-11-05-01-PM_png_jpg.rf.ee4ae347fc68b9258cd7735b9e7b1bdd.jpg, 0, 0, 0, 0, 0, 0, 1, 0, 0, 0, 0, 0, 0, 0, 0, 0, 0, 0, 0, 0, 0, 0, 0, 0, 0, 0, 0, 0, 0, 0
y1-JPG5whs_jpg.rf.ef71183488a4d2a8ee405b51df2d111b.jpg, 0, 0, 0, 0, 0, 0, 0, 0, 0, 0, 0, 0, 0, 0, 0, 0, 0, 0, 0, 0, 0, 0, 0, 0, 0, 0, 0, 0, 1, 0
Screen-Shot-2023-07-15-at-11-57-26-PM_png_jpg.rf.eecb3db0c2e0c8f4d1f044b70645611d.jpg, 0, 0, 0, 0, 0, 0, 0, 0, 0, 0, 0, 0, 0, 0, 0, 0, 0, 0, 0, 0, 0, 0, 0, 0, 0, 0, 1, 0, 0, 0
Screen-Shot-2023-07-17-at-12-15-50-AM_png_jpg.rf.ee4863042755d96274974c97090d15d9.jpg, 0, 0, 0, 0, 0, 0, 0, 0, 0, 0, 0, 0, 0, 0, 0, 0, 0, 0, 0, 0, 0, 0, 0, 0, 0, 0, 1, 0, 0, 0
Screen-Shot-2023-07-15-at-10-54-55-PM_png_jpg.rf.ed042bc5461482575d0e8742ca502f5a.jpg, 0, 1, 0, 0, 0, 0, 0, 0, 0, 0, 0, 0, 0, 0, 0, 0, 0, 0, 0, 0, 0, 0, 0, 0, 0, 0, 0, 0, 0, 0
Screen-Shot-2023-07-17-at-12-05-35-AM_png_jpg.rf.eed208f8b225bdcdba30ea8f1c8f39ff.jpg, 0, 0, 0, 0, 0, 0, 0, 0, 0, 0, 0, 0, 0, 1, 0, 0, 0, 0, 0, 0, 0, 0, 0, 0, 0, 0, 0, 0, 0, 0
Screen-Shot-2023-07-17-at-12-07-06-AM_png_jpg.rf.ee6b4476b454cb10c2d58aacde853916.jpg, 0, 0, 0, 0, 0, 0, 0, 0, 0, 0, 0, 0, 0, 0, 0, 1, 0, 0, 0, 0, 0, 0, 0, 0, 0, 0, 0, 0, 0, 0
Screen-Shot-2023-07-17-at-12-07-43-AM_png_jpg.rf.ef3d74b7f577f35339cddeb40c991b6c.jpg, 0, 0, 0, 0, 0, 0, 0, 0, 0, 0, 0, 0, 0, 0, 0, 1, 0, 0, 0, 0, 0, 0, 0, 0, 0, 0, 0, 0, 0, 0
s1-JPG0whs_jpg.rf.eda84a5a67d20e2fcfda5d34718f9097.jpg, 0, 0, 0, 0, 0, 0, 0, 0, 0, 0, 0, 0, 0, 0, 0, 0, 0, 0, 0, 0, 0, 1, 1, 0, 0, 0, 0, 0, 0, 0
Screen-Shot-2023-07-16-at-11-52-18-PM_png_jpg.rf.ef935d25022d63b4182c91b99cf1133c.jpg, 0, 0, 0, 0, 0, 1, 0, 0, 0, 0, 0, 0, 0, 0, 0, 0, 0, 0, 0, 0, 0, 0, 0, 0, 0, 0, 0, 0, 0, 0
b1-JPG11rot_jpg.rf.eeb95692368c253b5d5b5a1f51abdffc.jpg, 0, 0, 1, 0, 0, 0, 0, 0, 0, 0, 0, 0, 0, 0, 0, 0, 0, 0, 0, 0, 0, 0, 0, 0, 0, 0, 0, 0, 0, 0
Screen-Shot-2023-07-15-at-11-55-44-PM_png_jpg.rf.ed90c55734b2f681ff3f9155a4a59623.jpg, 0, 0, 0, 0, 0, 0, 0, 0, 0, 0, 0, 0, 0, 0, 0, 0, 0, 0, 0, 0, 0, 0, 0, 0, 0, 1, 0, 0, 0, 0
Screen-Shot-2023-07-16-at-11-47-09-PM_png_jpg.rf.ef1b3318c96994d6a928e49a94d7f4f6.jpg, 0, 0, 1, 0, 0, 0, 0, 0, 0, 0, 0, 0, 0, 0, 0, 0, 0, 0, 0, 0, 0, 0, 0, 0, 0, 0, 0, 0, 0, 0
Screen-Shot-2023-07-17-at-12-08-48-AM_png_jpg.rf.efacf4d83d02bbedd106fccbf3b0f76e.jpg, 0, 0, 0, 0, 0, 0, 0, 0, 0, 0, 0, 0, 0, 0, 0, 0, 0, 1, 0, 0, 0, 0, 0, 0, 0, 0, 0, 0, 0, 0
Screen-Shot-2023-07-16-at-11-56-08-PM_png_jpg.rf.efc4dfc1187a7539fa6fbac7eab36a5f.jpg, 0, 0, 0, 0, 0, 0, 0, 1, 0, 0, 0, 0, 0, 0, 0, 0, 0, 0, 0, 0, 0, 0, 0, 0, 0, 0, 0, 0, 0, 0
Screen-Shot-2023-07-15-at-11-03-10-PM_png_jpg.rf.efaf92a0c458735db9aacd82e17497a4.jpg, 0, 0, 0, 0, 0, 1, 0, 0, 0, 0, 0, 0, 0, 0, 0, 0, 0, 0, 0, 0, 0, 0, 0, 0, 0, 0, 0, 0, 0, 0
Screen-Shot-2023-07-15-at-11-54-48-PM_png.rf.efd1eeb53927a390d4f1d66fe05b89f1.jpg, 0, 0, 0, 0, 0, 0, 0, 0, 0, 0, 0, 0, 0, 0, 0, 0, 0, 0, 0, 0, 0, 0, 0, 0, 0, 1, 0, 0, 0, 0
Screen-Shot-2023-07-17-at-12-03-48-AM_png_jpg.rf.f0ffcba69f1be19349b4988193ae1a78.jpg, 0, 0, 0, 0, 0, 0, 0, 0, 0, 0, 0, 0, 0, 1, 0, 0, 0, 0, 0, 0, 0, 0, 0, 0, 0, 0, 0, 0, 0, 0
Screen-Shot-2023-07-15-at-11-33-58-PM_png_jpg.rf.efa75085c5f73264396b25c233fc562c.jpg, 0, 0, 0, 0, 0, 0, 0, 0, 0, 0, 0, 0, 0, 0, 0, 0, 0, 1, 0, 0, 0, 0, 0, 0, 0, 0, 0, 0, 0, 0
a1-JPG9whs_jpg.rf.f0aecb745cba43e1069708f64422a6d9.jpg, 0, 1, 0, 0, 0, 0, 0, 0, 0, 0, 0, 0, 0, 0, 0, 0, 0, 0, 0, 0, 0, 0, 0, 0, 0, 0, 0, 0, 0, 0
m1-JPG17rot_jpg.rf.f04966c26eaf2b44373a243f5ee0c9dd.jpg, 0, 0, 0, 0, 0, 0, 0, 0, 0, 0, 0, 0, 0, 0, 1, 0, 0, 0, 0, 0, 0, 0, 0, 0, 0, 0, 0, 0, 0, 0
z1-JPG19dim_jpg.rf.f0fcb0ffc99a348a5f2ad912db08e2cc.jpg, 0, 0, 0, 0, 0, 0, 0, 0, 0, 0, 0, 0, 0, 0, 0, 0, 0, 0, 0, 0, 0, 0, 0, 0, 0, 0, 0, 0, 0, 1
o1-JPG2rot_jpg.rf.f00bc4cbd14e01bd13477ed1b0bababc.jpg, 0, 0, 0, 0, 0, 0, 0, 0, 0, 0, 0, 0, 0, 0, 0, 0, 1, 0, 0, 0, 0, 0, 0, 0, 0, 0, 0, 0, 0, 0
r1-JPG5rot_jpg.rf.f052275b7eaa320efa8e1e3cf1c0c997.jpg, 0, 0, 0, 0, 0, 0, 0, 0, 0, 0, 0, 0, 0, 0, 0, 0, 0, 0, 0, 0, 0, 1, 0, 0, 0, 0, 0, 0, 0, 0
b1-JPG4whs_jpg.rf.f0377bdfd53bb7541140e3660a1453e6.jpg, 0, 0, 1, 0, 0, 0, 0, 0, 0, 0, 0, 0, 0, 0, 0, 0, 0, 0, 0, 0, 0, 0, 0, 0, 0, 0, 0, 0, 0, 0
Screen-Shot-2023-07-15-at-11-05-10-PM_png_jpg.rf.f0cfda01eb921097ffe20dffe2ffa8df.jpg, 0, 0, 0, 0, 0, 0, 1, 0, 0, 0, 0, 0, 0, 0, 0, 0, 0, 0, 0, 0, 0, 0, 0, 0, 0, 0, 0, 0, 0, 0
k1-JPG4whs_jpg.rf.f03301cfaddef1ab6c9a940eb338c9d8.jpg, 0, 0, 0, 0, 0, 0, 0, 0, 0, 0, 0, 0, 1, 0, 0, 0, 0, 0, 0, 0, 0, 0, 0, 0, 0, 0, 0, 0, 0, 0
Screen-Shot-2023-07-17-at-12-11-47-AM_png.rf.efecaff72ad90207f5c0648fb33809be.jpg, 0, 0, 0, 0, 0, 0, 0, 0, 0, 0, 0, 0, 0, 0, 0, 0, 0, 0, 0, 0, 0, 0, 1, 0, 0, 0, 0, 0, 0, 0
h1-JPG10rot_jpg.rf.f1060d6568e38cbe802421278dc012f9.jpg, 0, 0, 0, 0, 0, 0, 0, 0, 0, 1, 0, 0, 0, 0, 0, 0, 0, 0, 0, 0, 0, 0, 0, 0, 0, 0, 0, 0, 0, 0
Screen-Shot-2023-07-17-at-12-01-31-AM_png_jpg.rf.f0154e89d80f7d8e09abaa6d4dd8ece0.jpg, 0, 0, 0, 0, 0, 0, 0, 0, 0, 0, 0, 1, 0, 0, 0, 0, 0, 0, 0, 0, 0, 0, 0, 0, 0, 0, 0, 0, 0, 0
Screen-Shot-2023-07-15-at-11-30-28-PM_png_jpg.rf.effe4ca092642bf0f5939e533c8f8dfb.jpg, 0, 0, 0, 0, 0, 0, 0, 0, 0, 0, 0, 0, 0, 0, 0, 0, 1, 0, 0, 0, 0, 0, 0, 0, 0, 0, 0, 0, 0, 0
e1-JPG2whs_jpg.rf.f054e6698c26edd7d7a9c9b72d292bb7.jpg, 0, 0, 0, 0, 0, 0, 1, 0, 0, 0, 0, 0, 0, 0, 0, 0, 0, 0, 0, 0, 0, 0, 0, 0, 0, 0, 0, 0, 0, 0
Screen-Shot-2023-07-15-at-11-02-17-PM_png_jpg.rf.efd20e48f9f8fa03d3b2e93c16c5ac00.jpg, 0, 0, 0, 1, 0, 0, 0, 0, 0, 0, 0, 0, 0, 0, 0, 0, 0, 0, 0, 0, 0, 0, 0, 0, 0, 0, 0, 0, 0, 0
Screen-Shot-2023-07-17-at-12-11-08-AM_png_jpg.rf.f14eb75b48c801b0569a1239fbba5e7d.jpg, 0, 0, 0, 0, 0, 0, 0, 0, 0, 0, 0, 0, 0, 0, 0, 0, 0, 0, 0, 0, 0, 1, 0, 0, 0, 0, 0, 0, 0, 0
Screen-Shot-2023-07-15-at-11-26-48-PM_png.rf.f12d73663004f1f733fd14be103640b4.jpg, 0, 0, 0, 0, 0, 0, 0, 0, 0, 0, 0, 0, 0, 0, 0, 1, 0, 0, 0, 0, 0, 0, 0, 0, 0, 0, 0, 0, 0, 0
Screen-Shot-2023-07-15-at-11-35-01-PM_png_jpg.rf.f171d6278c10f514595fcda4d5dcd153.jpg, 0, 0, 0, 0, 0, 0, 0, 0, 0, 0, 0, 0, 0, 0, 0, 0, 0, 0, 0, 1, 0, 0, 0, 0, 0, 0, 0, 0, 0, 0
Screen-Shot-2023-07-17-at-12-00-26-AM_png_jpg.rf.f1296d70fa2590ba147fb78efa20846d.jpg, 0, 0, 0, 0, 0, 0, 0, 0, 0, 0, 1, 0, 0, 0, 0, 0, 0, 0, 0, 0, 0, 0, 0, 0, 0, 0, 0, 0, 0, 0
Screen-Shot-2023-07-15-at-11-27-23-PM_png_jpg.rf.efe490f71a6f84862695d543b876172b.jpg, 0, 0, 0, 0, 0, 0, 0, 0, 0, 0, 0, 0, 0, 0, 0, 1, 0, 0, 0, 0, 0, 0, 0, 0, 0, 0, 0, 0, 0, 0
Screen-Shot-2023-07-16-at-12-15-15-PM_png.rf.f173d91e6c1a64247d8b34db52ac5993.jpg, 0, 0, 0, 0, 0, 0, 0, 0, 0, 0, 0, 0, 0, 0, 0, 0, 0, 0, 1, 0, 0, 0, 0, 0, 0, 0, 0, 0, 0, 0
Screen-Shot-2023-07-15-at-11-58-48-PM_png_jpg.rf.f0d656007221d0a46df5ea6d630322cf.jpg, 0, 0, 0, 0, 0, 0, 0, 0, 0, 0, 0, 0, 0, 0, 0, 0, 0, 0, 0, 0, 0, 0, 0, 0, 0, 0, 0, 1, 0, 0
Screen-Shot-2023-07-17-at-12-14-35-AM_png_jpg.rf.f1889ec84e08ba096d450e13df0571aa.jpg, 0, 0, 0, 0, 0, 0, 0, 0, 0, 0, 0, 0, 0, 0, 0, 0, 0, 0, 0, 0, 0, 0, 0, 0, 0, 1, 0, 0, 0, 0
Screen-Shot-2023-07-16-at-12-16-27-PM_png.rf.f1cce8a68a1182180324ef28b1afe5ea.jpg, 0, 0, 0, 0, 0, 0, 0, 0, 0, 0, 0, 0, 0, 0, 0, 0, 0, 0, 1, 0, 0, 0, 0, 0, 0, 0, 0, 0, 0, 0
Screen-Shot-2023-07-15-at-11-56-47-PM_png.rf.f1d27d6810f8cb8736c27d1f76b68a51.jpg, 0, 0, 0, 0, 0, 0, 0, 0, 0, 0, 0, 0, 0, 0, 0, 0, 0, 0, 0, 0, 0, 0, 0, 0, 0, 0, 1, 0, 0, 0
Screen-Shot-2023-07-16-at-11-56-08-PM_png_jpg.rf.f1b70a4f09efdb528de5be3ec4d35bc3.jpg, 0, 0, 0, 0, 0, 0, 0, 1, 0, 0, 0, 0, 0, 0, 0, 0, 0, 0, 0, 0, 0, 0, 0, 0, 0, 0, 0, 0, 0, 0
Screen-Shot-2023-07-15-at-11-33-46-PM_png_jpg.rf.f2a9d95388a308ee6d56859d69a4ce94.jpg, 0, 0, 0, 0, 0, 0, 0, 0, 0, 0, 0, 0, 0, 0, 0, 0, 0, 1, 0, 0, 0, 0, 0, 0, 0, 0, 0, 0, 0, 0
Screen-Shot-2023-07-16-at-11-43-22-PM_png_jpg.rf.f20b3ab6cd1ce6c19f670411bad9ed4b.jpg, 0, 1, 0, 0, 0, 0, 0, 0, 0, 0, 0, 0, 0, 0, 0, 0, 0, 0, 0, 0, 0, 0, 0, 0, 0, 0, 0, 0, 0, 0
Screen-Shot-2023-07-15-at-11-22-35-PM_png_jpg.rf.f173efe15969898a823c0e7bc996ac48.jpg, 0, 0, 0, 0, 0, 0, 0, 0, 0, 0, 0, 0, 0, 0, 1, 0, 0, 0, 0, 0, 0, 0, 0, 0, 0, 0, 0, 0, 0, 0
Screen-Shot-2023-07-15-at-11-44-36-PM_png_jpg.rf.f2804c3e623934ae1f13601e43997f5a.jpg, 0, 0, 0, 0, 0, 0, 0, 0, 0, 0, 0, 0, 0, 0, 0, 0, 0, 0, 0, 0, 0, 0, 0, 1, 0, 0, 0, 0, 0, 0
l1-JPG12whs_jpg.rf.f28abcd254592317643ab33f78d0a9d0.jpg, 0, 0, 0, 0, 0, 0, 0, 0, 0, 0, 0, 0, 0, 1, 0, 0, 0, 0, 0, 0, 0, 0, 0, 0, 0, 0, 0, 0, 0, 0
Screen-Shot-2023-07-17-at-12-15-39-AM_png_jpg.rf.f1d2f2e98322bf526a0a7588db8f8503.jpg, 0, 0, 0, 0, 0, 0, 0, 0, 0, 0, 0, 0, 0, 0, 0, 0, 0, 0, 0, 0, 0, 0, 0, 0, 0, 0, 1, 0, 0, 0
Screen-Shot-2023-07-15-at-10-48-30-PM_png_jpg.rf.f203a6a00399838f64fff5d2011de653.jpg, 0, 0, 0, 0, 0, 1, 0, 0, 0, 0, 0, 0, 0, 0, 0, 0, 0, 0, 0, 0, 0, 0, 0, 0, 0, 0, 0, 0, 0, 0
Screen-Shot-2023-07-16-at-12-15-15-PM_png_jpg.rf.f263d5fd8c5efada951a6082cf0e5163.jpg, 0, 0, 0, 0, 0, 0, 0, 0, 0, 0, 0, 0, 0, 0, 0, 0, 0, 0, 1, 0, 0, 0, 0, 0, 0, 0, 0, 0, 0, 0
z1-JPG2dim_jpg.rf.f26c83497eea0ea071992932bb36ac33.jpg, 0, 0, 0, 0, 0, 0, 0, 0, 0, 0, 0, 0, 0, 0, 0, 0, 0, 0, 0, 0, 0, 0, 0, 0, 0, 0, 0, 0, 0, 1
f1-JPG3rot_jpg.rf.f1fecb520294502d390b54f54066c6bc.jpg, 0, 0, 0, 0, 0, 0, 0, 1, 0, 0, 0, 0, 0, 0, 0, 0, 0, 0, 0, 0, 0, 0, 0, 0, 0, 0, 0, 0, 0, 0
b1-JPG9whs_jpg.rf.f1f7797441f8cd478c16fdf092dbe56e.jpg, 1, 0, 0, 0, 0, 0, 0, 0, 0, 0, 0, 0, 0, 0, 0, 0, 0, 0, 0, 0, 0, 0, 0, 0, 0, 0, 0, 0, 0, 0
j1-JPG13rot_jpg.rf.f253b6c6a53af8e5646e2b377aecb58f.jpg, 1, 0, 0, 0, 0, 0, 0, 0, 0, 0, 0, 0, 0, 0, 0, 0, 0, 0, 0, 0, 0, 0, 0, 0, 0, 0, 0, 0, 0, 0
l1-JPG6whs_jpg.rf.ea768695e9aa681b8dbaf27b4ea12d1d.jpg, 0, 0, 0, 0, 0, 0, 0, 0, 0, 0, 0, 0, 0, 1, 0, 0, 0, 0, 0, 0, 0, 0, 0, 0, 0, 0, 0, 0, 0, 0
Screen-Shot-2023-07-15-at-11-16-37-PM_png_jpg.rf.f3677d88bd251aaa7ff7c1d4f0454f21.jpg, 0, 0, 0, 0, 0, 0, 0, 0, 0, 0, 0, 1, 0, 0, 0, 0, 0, 0, 0, 0, 0, 0, 0, 0, 0, 0, 0, 0, 0, 0
k1-JPG13whs_jpg.rf.f2c55f5e047808ca6978cf3479e880fd.jpg, 0, 0, 0, 0, 0, 0, 0, 0, 0, 0, 0, 0, 1, 0, 0, 0, 0, 0, 0, 0, 0, 0, 0, 0, 0, 0, 0, 0, 0, 0
k1-JPG9rot_jpg.rf.f2d1d1ae659a0e251081f2b488f40008.jpg, 0, 0, 0, 0, 0, 0, 0, 0, 0, 0, 0, 0, 1, 0, 0, 0, 0, 0, 0, 0, 0, 0, 0, 0, 0, 0, 0, 0, 0, 0
Screen-Shot-2023-07-15-at-10-53-22-PM_png_jpg.rf.f2ff681ee4c9e16c422cf911f9f75ce3.jpg, 0, 0, 0, 0, 0, 0, 0, 1, 0, 0, 0, 0, 0, 0, 0, 0, 0, 0, 0, 0, 0, 0, 0, 0, 0, 0, 0, 0, 0, 0
Screen-Shot-2023-07-15-at-11-49-02-PM_png_jpg.rf.f38ba6f18da2e69d703e57d217aa6229.jpg, 0, 0, 0, 0, 0, 0, 0, 0, 0, 0, 0, 0, 0, 0, 0, 0, 0, 0, 0, 0, 0, 0, 0, 0, 1, 0, 0, 0, 0, 0
i1-JPG18rot_jpg.rf.f38cbdfdf204d76a318cdad96ef063f9.jpg, 1, 0, 0, 0, 0, 0, 0, 0, 0, 0, 0, 0, 0, 0, 0, 0, 0, 0, 0, 0, 0, 0, 0, 0, 0, 0, 0, 0, 0, 0
Screen-Shot-2023-07-17-at-12-11-37-AM_png.rf.f3024bb8c0644a9abd0dbe97ae0348c9.jpg, 0, 0, 0, 0, 0, 0, 0, 0, 0, 0, 0, 0, 0, 0, 0, 0, 0, 0, 0, 0, 0, 1, 0, 0, 0, 0, 0, 0, 0, 0
Screen-Shot-2023-07-17-at-12-15-39-AM_png_jpg.rf.f394f18209e51498a0cd14e291b9432b.jpg, 0, 0, 0, 0, 0, 0, 0, 0, 0, 0, 0, 0, 0, 0, 0, 0, 0, 0, 0, 0, 0, 0, 0, 0, 0, 0, 1, 0, 0, 0
Screen-Shot-2023-07-15-at-11-27-31-PM_png_jpg.rf.f35f28f4293cdd7e4e91cedca60dd81c.jpg, 0, 0, 0, 0, 0, 0, 0, 0, 0, 0, 0, 0, 0, 0, 0, 1, 0, 0, 0, 0, 0, 0, 0, 0, 0, 0, 0, 0, 0, 0
Screen-Shot-2023-07-15-at-11-06-18-PM_png_jpg.rf.f3bd748245d2860e4a7d3feb8d1c31bd.jpg, 0, 0, 0, 0, 0, 0, 1, 0, 0, 0, 0, 0, 0, 0, 0, 0, 0, 0, 0, 0, 0, 0, 0, 0, 0, 0, 0, 0, 0, 0
Screen-Shot-2023-07-16-at-11-47-52-PM_png.rf.f3a9842f63106dc426c2baeb732b1a35.jpg, 0, 0, 1, 0, 0, 0, 0, 0, 0, 0, 0, 0, 0, 0, 0, 0, 0, 0, 0, 0, 0, 0, 0, 0, 0, 0, 0, 0, 0, 0
Screen-Shot-2023-07-17-at-12-00-26-AM_png_jpg.rf.f3f40f83b9dd4f22218766009e52c04a.jpg, 0, 0, 0, 0, 0, 0, 0, 0, 0, 0, 1, 0, 0, 0, 0, 0, 0, 0, 0, 0, 0, 0, 0, 0, 0, 0, 0, 0, 0, 0
Screen-Shot-2023-07-15-at-11-32-26-PM_png_jpg.rf.f402866f467ee4544f453efce6b45ac1.jpg, 0, 0, 0, 0, 0, 0, 0, 0, 0, 0, 0, 0, 0, 0, 0, 0, 1, 0, 0, 0, 0, 0, 0, 0, 0, 0, 0, 0, 0, 0
Screen-Shot-2023-07-15-at-11-17-50-PM_png_jpg.rf.f481907e7d9e0864dc2b9dcb2beca1b6.jpg, 0, 0, 0, 0, 0, 0, 0, 0, 0, 0, 0, 0, 1, 0, 0, 0, 0, 0, 0, 0, 0, 0, 0, 0, 0, 0, 0, 0, 0, 0
a1-JPG3dim_jpg.rf.f3c74976a121b3358baf0abaf2be5704.jpg, 0, 1, 0, 0, 0, 0, 0, 0, 0, 0, 0, 0, 0, 0, 0, 0, 0, 0, 0, 0, 0, 0, 0, 0, 0, 0, 0, 0, 0, 0
l1-JPG0whs_jpg.rf.f430c3a637354c53048576eaabba2eef.jpg, 0, 0, 0, 0, 0, 0, 0, 0, 0, 0, 0, 0, 0, 1, 0, 0, 0, 0, 0, 0, 0, 0, 0, 0, 0, 0, 0, 0, 0, 0
Screen-Shot-2023-07-17-at-12-09-02-AM_png_jpg.rf.f43fdf68d3c6aad445eda18565bd2528.jpg, 0, 0, 0, 0, 0, 0, 0, 0, 0, 0, 0, 0, 0, 0, 0, 0, 0, 1, 0, 0, 0, 0, 0, 0, 0, 0, 0, 0, 0, 0
l1-JPG7rot_jpg.rf.f42c573acdf01eb96aff24e2fca93bbf.jpg, 0, 0, 0, 0, 0, 0, 0, 0, 0, 0, 0, 0, 0, 1, 0, 0, 0, 0, 0, 0, 0, 0, 0, 0, 0, 0, 0, 0, 0, 0
Screen-Shot-2023-07-16-at-11-48-41-PM_png_jpg.rf.f470f591eb4d4a7788e0d95101c2d9aa.jpg, 0, 0, 0, 1, 0, 0, 0, 0, 0, 0, 0, 0, 0, 0, 0, 0, 0, 0, 0, 0, 0, 0, 0, 0, 0, 0, 0, 0, 0, 0
z1-JPG13whs_jpg.rf.f4412556f37356cce7559dc63bf51ee2.jpg, 0, 0, 0, 0, 0, 0, 0, 0, 0, 0, 0, 0, 0, 0, 0, 0, 0, 0, 0, 0, 0, 0, 0, 0, 0, 0, 0, 0, 0, 1
Screen-Shot-2023-07-17-at-12-15-11-AM_png.rf.f4930826d0f4abeeab5aecd946ebb526.jpg, 0, 0, 0, 0, 0, 0, 0, 0, 0, 0, 0, 0, 0, 0, 0, 0, 0, 0, 0, 0, 0, 0, 0, 0, 0, 1, 0, 0, 0, 0
Screen-Shot-2023-07-15-at-10-58-39-PM_png_jpg.rf.f4823ccd71b48ae2c7df8cafb156f9d0.jpg, 0, 0, 1, 0, 0, 0, 0, 0, 0, 0, 0, 0, 0, 0, 0, 0, 0, 0, 0, 0, 0, 0, 0, 0, 0, 0, 0, 0, 0, 0
Screen-Shot-2023-07-15-at-10-47-45-PM_png_jpg.rf.f49c9934fe2f4c404c0a335f41f08f0c.jpg, 0, 0, 1, 0, 0, 0, 0, 0, 0, 0, 0, 0, 0, 0, 0, 0, 0, 0, 0, 0, 0, 0, 0, 0, 0, 0, 0, 0, 0, 0
Screen-Shot-2023-07-17-at-12-13-43-AM_png.rf.f4b9477518502ed61cf4ab019481d03b.jpg, 0, 0, 0, 0, 0, 0, 0, 0, 0, 0, 0, 0, 0, 0, 0, 0, 0, 0, 0, 0, 0, 0, 0, 0, 1, 0, 0, 0, 0, 0
Screen-Shot-2023-07-17-at-12-11-29-AM_png_jpg.rf.f521a8d678b9e0b8a24441ae603ec92e.jpg, 0, 0, 0, 0, 0, 0, 0, 0, 0, 0, 0, 0, 0, 0, 0, 0, 0, 0, 0, 0, 0, 1, 0, 0, 0, 0, 0, 0, 0, 0
Screen-Shot-2023-07-15-at-10-54-32-PM_png.rf.f4b54fd4e856a1b5005140c43ead0c8c.jpg, 0, 1, 0, 0, 0, 0, 0, 0, 0, 0, 0, 0, 0, 0, 0, 0, 0, 0, 0, 0, 0, 0, 0, 0, 0, 0, 0, 0, 0, 0
e1-JPG2rot_jpg.rf.f54e685dd23ff41a0d0d27c9d4f464f8.jpg, 0, 0, 0, 0, 0, 0, 1, 0, 0, 0, 0, 0, 0, 0, 0, 0, 0, 0, 0, 0, 0, 0, 0, 0, 0, 0, 0, 0, 0, 0
Screen-Shot-2023-07-17-at-12-08-48-AM_png_jpg.rf.f4ed5e966fdfb22c6cfa662916230f57.jpg, 0, 0, 0, 0, 0, 0, 0, 0, 0, 0, 0, 0, 0, 0, 0, 0, 0, 1, 0, 0, 0, 0, 0, 0, 0, 0, 0, 0, 0, 0
Screen-Shot-2023-07-17-at-12-04-03-AM_png_jpg.rf.f4e681f9a2dc61d0ef33ee1ce3eea5d2.jpg, 0, 0, 0, 0, 0, 0, 0, 0, 0, 0, 0, 0, 0, 1, 0, 0, 0, 0, 0, 0, 0, 0, 0, 0, 0, 0, 0, 0, 0, 0
Screen-Shot-2023-07-15-at-11-33-23-PM_png_jpg.rf.f530af72f61b5fd55f4a7420a156aae3.jpg, 0, 0, 0, 0, 0, 0, 0, 0, 0, 0, 0, 0, 0, 0, 0, 0, 0, 1, 0, 0, 0, 0, 0, 0, 0, 0, 0, 0, 0, 0
Screen-Shot-2023-07-15-at-10-47-56-PM_png_jpg.rf.f54350c137e9d4bf23c00d51098b0bfe.jpg, 0, 0, 0, 1, 0, 0, 0, 0, 0, 0, 0, 0, 0, 0, 0, 0, 0, 0, 0, 0, 0, 0, 0, 0, 0, 0, 0, 0, 0, 0
Screen-Shot-2023-07-15-at-10-56-29-PM_png_jpg.rf.f5c9ff13b5f1e54bfe6371b5f1836dba.jpg, 0, 1, 0, 0, 0, 0, 0, 0, 0, 0, 0, 0, 0, 0, 0, 0, 0, 0, 0, 0, 0, 0, 0, 0, 0, 0, 0, 0, 0, 0
x1-JPG19dim_jpg.rf.f55bc63119e93eacb8edc9313129ccc0.jpg, 0, 0, 0, 0, 0, 0, 0, 0, 0, 0, 0, 0, 0, 0, 0, 0, 0, 0, 0, 0, 0, 0, 0, 0, 0, 0, 0, 1, 0, 0
Screen-Shot-2023-07-15-at-11-27-07-PM_png_jpg.rf.f5aada5a7fb3ba936594197b6881c43a.jpg, 0, 0, 0, 0, 0, 0, 0, 0, 0, 0, 0, 0, 0, 0, 0, 1, 0, 0, 0, 0, 0, 0, 0, 0, 0, 0, 0, 0, 0, 0
Screen-Shot-2023-07-16-at-12-01-04-AM_png_jpg.rf.f5aed49b03abfd9fb8937675fb37149f.jpg, 0, 0, 0, 0, 0, 0, 0, 0, 0, 0, 0, 0, 0, 0, 0, 0, 0, 0, 0, 0, 0, 0, 0, 0, 0, 0, 0, 0, 1, 0
Screen-Shot-2023-07-17-at-12-03-36-AM_png_jpg.rf.f566d4f21c7e5e7cd1b8a8e524362349.jpg, 0, 0, 0, 0, 0, 0, 0, 0, 0, 0, 0, 0, 0, 1, 0, 0, 0, 0, 0, 0, 0, 0, 0, 0, 0, 0, 0, 0, 0, 0
z1-JPG0dim_jpg.rf.f5ab1d6592cca9eb416070581aab6cc3.jpg, 0, 0, 0, 0, 0, 0, 0, 0, 0, 0, 0, 0, 0, 0, 0, 0, 0, 0, 0, 0, 0, 0, 0, 0, 0, 0, 0, 0, 0, 1
Screen-Shot-2023-07-15-at-11-15-38-PM_png.rf.f5b837a27f1a46a996a3554c3f59cef2.jpg, 0, 0, 0, 0, 0, 0, 0, 0, 0, 0, 0, 1, 0, 0, 0, 0, 0, 0, 0, 0, 0, 0, 0, 0, 0, 0, 0, 0, 0, 0
Screen-Shot-2023-07-16-at-12-05-44-AM_png_jpg.rf.f5dd7a57756d2eff13c3a90436887856.jpg, 0, 0, 0, 0, 1, 0, 0, 0, 0, 0, 0, 0, 0, 0, 0, 0, 0, 0, 0, 0, 0, 0, 0, 0, 0, 0, 0, 0, 0, 0
Screen-Shot-2023-07-16-at-12-04-07-AM_png_jpg.rf.f5c09abde9d6eb91c56a9973baa15e7b.jpg, 0, 0, 0, 0, 0, 0, 0, 0, 0, 0, 0, 0, 0, 0, 0, 0, 0, 0, 0, 0, 0, 0, 0, 0, 0, 0, 0, 0, 0, 1
Screen-Shot-2023-07-15-at-11-40-08-PM_png.rf.f5e88f12f5e676a2b08f6d2e424909ff.jpg, 0, 0, 0, 0, 0, 0, 0, 0, 0, 0, 0, 0, 0, 0, 0, 0, 0, 0, 0, 0, 0, 1, 0, 0, 0, 0, 0, 0, 0, 0
Screen-Shot-2023-07-16-at-11-58-31-PM_png_jpg.rf.f5d3f3a4db7fa2b5621777c54faa44e0.jpg, 0, 0, 0, 0, 0, 0, 0, 0, 1, 0, 0, 0, 0, 0, 0, 0, 0, 0, 0, 0, 0, 0, 0, 0, 0, 0, 0, 0, 0, 0
j1-JPG8rot_jpg.rf.f292ee3ab82a2be3f1795080b5fcb11f.jpg, 1, 0, 0, 0, 0, 0, 0, 0, 0, 0, 0, 0, 0, 0, 0, 0, 0, 0, 0, 0, 0, 0, 0, 0, 0, 0, 0, 0, 0, 0
Screen-Shot-2023-07-17-at-12-04-47-AM_png_jpg.rf.f54e0415c31c9e5041ab0cb5da782ce9.jpg, 0, 0, 0, 0, 0, 0, 0, 0, 0, 0, 0, 0, 0, 1, 0, 0, 0, 0, 0, 0, 0, 0, 0, 0, 0, 0, 0, 0, 0, 0
Screen-Shot-2023-07-17-at-12-07-06-AM_png_jpg.rf.f40a7c06758d942a03dbfb216a6b30ad.jpg, 0, 0, 0, 0, 0, 0, 0, 0, 0, 0, 0, 0, 0, 0, 0, 1, 0, 0, 0, 0, 0, 0, 0, 0, 0, 0, 0, 0, 0, 0
Screen-Shot-2023-07-17-at-12-13-27-AM_png_jpg.rf.f61c2e96ac086f6463f8558a55729af1.jpg, 0, 0, 0, 0, 0, 0, 0, 0, 0, 0, 0, 0, 0, 0, 0, 0, 0, 0, 0, 0, 0, 0, 0, 0, 1, 0, 0, 0, 0, 0
Screen-Shot-2023-07-15-at-11-49-02-PM_png_jpg.rf.f4bbf6214ef26b264d563f4c88416d77.jpg, 0, 0, 0, 0, 0, 0, 0, 0, 0, 0, 0, 0, 0, 0, 0, 0, 0, 0, 0, 0, 0, 0, 0, 0, 1, 0, 0, 0, 0, 0
Screen-Shot-2023-07-15-at-11-57-50-PM_png_jpg.rf.f5e4bec8dbba8d05b3ec095caadf5570.jpg, 0, 0, 0, 0, 0, 0, 0, 0, 0, 0, 0, 0, 0, 0, 0, 0, 0, 0, 0, 0, 0, 0, 0, 0, 0, 0, 1, 0, 0, 0
Screen-Shot-2023-07-17-at-12-22-02-AM_png_jpg.rf.f5cde2e179a0e1011bb8f2d7b27d7f1a.jpg, 0, 0, 0, 0, 0, 0, 0, 0, 0, 0, 0, 0, 0, 0, 0, 0, 0, 0, 1, 0, 0, 0, 0, 0, 0, 0, 0, 0, 0, 0
Screen-Shot-2023-07-17-at-12-00-26-AM_png_jpg.rf.f5dcc639346006cd9cc3e4f4ae7f7757.jpg, 0, 0, 0, 0, 0, 0, 0, 0, 0, 0, 1, 0, 0, 0, 0, 0, 0, 0, 0, 0, 0, 0, 0, 0, 0, 0, 0, 0, 0, 0
Screen-Shot-2023-07-15-at-10-59-21-PM_png.rf.f600838d29d2f452522bff43f2b7ddd2.jpg, 0, 0, 1, 0, 0, 0, 0, 0, 0, 0, 0, 0, 0, 0, 0, 0, 0, 0, 0, 0, 0, 0, 0, 0, 0, 0, 0, 0, 0, 0
Screen-Shot-2023-07-15-at-11-43-01-PM_png_jpg.rf.f5ec3b64f09ac3b6a17f7cdc0d7f0c0b.jpg, 0, 0, 0, 0, 0, 0, 0, 0, 0, 0, 0, 0, 0, 0, 0, 0, 0, 0, 0, 0, 0, 0, 1, 0, 0, 0, 0, 0, 0, 0
r1-JPG5dim_jpg.rf.f65f252fa284168a8f4f33c4d8fe6f45.jpg, 0, 0, 0, 0, 0, 0, 0, 0, 0, 0, 0, 0, 0, 0, 0, 0, 0, 0, 0, 0, 0, 1, 0, 0, 0, 0, 0, 0, 0, 0
Screen-Shot-2023-07-17-at-12-01-43-AM_png_jpg.rf.f7253e1f355a149fad3c2bd3d8257925.jpg, 0, 0, 0, 0, 0, 0, 0, 0, 0, 0, 0, 1, 0, 0, 0, 0, 0, 0, 0, 0, 0, 0, 0, 0, 0, 0, 0, 0, 0, 0
Screen-Shot-2023-07-17-at-12-20-04-AM_png_jpg.rf.f71239ddb73e5f4c79dec80bad759c66.jpg, 0, 0, 0, 0, 1, 0, 0, 0, 0, 0, 0, 0, 0, 0, 0, 0, 0, 0, 0, 0, 0, 0, 0, 0, 0, 0, 0, 0, 0, 0
Screen-Shot-2023-07-17-at-12-12-05-AM_png_jpg.rf.f62bf223dfd11799d9c0ebb695800c3d.jpg, 0, 0, 0, 0, 0, 0, 0, 0, 0, 0, 0, 0, 0, 0, 0, 0, 0, 0, 0, 0, 0, 0, 1, 0, 0, 0, 0, 0, 0, 0
Screen-Shot-2023-07-16-at-12-07-43-AM_png.rf.f620dad768e7f06608344dcaa3ddf25a.jpg, 0, 0, 0, 0, 1, 0, 0, 0, 0, 0, 0, 0, 0, 0, 0, 0, 0, 0, 0, 0, 0, 0, 0, 0, 0, 0, 0, 0, 0, 0
i1-JPG15dim_jpg.rf.f68d6db5390621cb4d64fe8d5f29cde6.jpg, 0, 0, 0, 0, 0, 0, 0, 0, 0, 0, 1, 0, 0, 0, 0, 0, 0, 0, 0, 0, 0, 0, 0, 0, 0, 0, 0, 0, 0, 0
Screen-Shot-2023-07-16-at-12-15-31-PM_png_jpg.rf.f77bb3ef361881a62f4c37917ead7e90.jpg, 0, 0, 0, 0, 0, 0, 0, 0, 0, 0, 0, 0, 0, 0, 0, 0, 0, 0, 1, 0, 0, 0, 0, 0, 0, 0, 0, 0, 0, 0
x1-JPG16whs_jpg.rf.f661854d0d1c0e56d2b2dd36c80401da.jpg, 0, 0, 0, 0, 0, 0, 0, 0, 0, 0, 0, 0, 0, 0, 0, 0, 0, 0, 0, 0, 0, 0, 0, 0, 0, 0, 0, 1, 0, 0
Screen-Shot-2023-07-17-at-12-02-43-AM_png_jpg.rf.f7df5c7f513fd1e0f2b1e93cc22d8ec8.jpg, 0, 0, 0, 0, 0, 0, 0, 0, 0, 0, 0, 0, 1, 0, 0, 0, 0, 0, 0, 0, 0, 0, 0, 0, 0, 0, 0, 0, 0, 0
Screen-Shot-2023-07-16-at-11-47-15-PM_png_jpg.rf.f7a598c3f011d97a8f095803d98e4a8d.jpg, 0, 0, 1, 0, 0, 0, 0, 0, 0, 0, 0, 0, 0, 0, 0, 0, 0, 0, 0, 0, 0, 0, 0, 0, 0, 0, 0, 0, 0, 0
Screen-Shot-2023-07-17-at-12-05-55-AM_png_jpg.rf.f7b1a93ac1fa5d5677a002e6e203fa14.jpg, 0, 0, 0, 0, 0, 0, 0, 0, 0, 0, 0, 0, 0, 0, 1, 0, 0, 0, 0, 0, 0, 0, 0, 0, 0, 0, 0, 0, 0, 0
Screen-Shot-2023-07-15-at-11-03-16-PM_png.rf.f7ff5330645a04c18b267f3d858e6553.jpg, 0, 0, 0, 0, 0, 1, 0, 0, 0, 0, 0, 0, 0, 0, 0, 0, 0, 0, 0, 0, 0, 0, 0, 0, 0, 0, 0, 0, 0, 0
Screen-Shot-2023-07-15-at-11-08-46-PM-copy-2_png_jpg.rf.f7a75bc45c9309aa2a2d30cebd1b476e.jpg, 0, 0, 0, 0, 0, 0, 0, 0, 1, 0, 0, 0, 0, 0, 0, 0, 0, 0, 0, 0, 0, 0, 0, 0, 0, 0, 0, 0, 0, 0
Screen-Shot-2023-07-15-at-11-19-09-PM-copy_png_jpg.rf.f73dc03fb15c4330edccf4a710a03733.jpg, 0, 0, 0, 0, 0, 0, 0, 0, 0, 0, 0, 0, 1, 0, 0, 0, 0, 0, 0, 0, 0, 0, 0, 0, 0, 0, 0, 0, 0, 0
Screen-Shot-2023-07-17-at-12-21-35-AM_png_jpg.rf.f6a1ae5d08df9c98b3befa9904d28c38.jpg, 0, 0, 0, 0, 0, 0, 0, 0, 0, 0, 0, 0, 0, 0, 0, 0, 0, 0, 1, 0, 0, 0, 0, 0, 0, 0, 0, 0, 0, 0
Screen-Shot-2023-07-16-at-12-07-43-AM_png_jpg.rf.f745c7898715da7786dc4bc3fb22764e.jpg, 0, 0, 0, 0, 1, 0, 0, 0, 0, 0, 0, 0, 0, 0, 0, 0, 0, 0, 0, 0, 0, 0, 0, 0, 0, 0, 0, 0, 0, 0
Screen-Shot-2023-07-17-at-12-16-02-AM_png_jpg.rf.f7e59af47b110951029e2c37c9388b9e.jpg, 0, 0, 0, 0, 0, 0, 0, 0, 0, 0, 0, 0, 0, 0, 0, 0, 0, 0, 0, 0, 0, 0, 0, 0, 0, 0, 1, 0, 0, 0
f1-JPG18rot_jpg.rf.f883a7c1fa13f23ea594f3ef34f6babe.jpg, 0, 0, 0, 0, 0, 0, 0, 1, 0, 0, 0, 0, 0, 0, 0, 0, 0, 0, 0, 0, 0, 0, 0, 0, 0, 0, 0, 0, 0, 0
Screen-Shot-2023-07-17-at-12-01-12-AM_png_jpg.rf.f794483eb8deeefcff1485f633d2a663.jpg, 0, 0, 0, 0, 0, 0, 0, 0, 0, 0, 0, 1, 0, 0, 0, 0, 0, 0, 0, 0, 0, 0, 0, 0, 0, 0, 0, 0, 0, 0
Screen-Shot-2023-07-15-at-11-54-36-PM_png_jpg.rf.f768fbdc6ce14ee71ea4f203f129c2e5.jpg, 0, 0, 0, 0, 0, 0, 0, 0, 0, 0, 0, 0, 0, 0, 0, 0, 0, 0, 0, 0, 0, 0, 0, 0, 0, 1, 0, 0, 0, 0
Screen-Shot-2023-07-15-at-11-02-36-PM_png_jpg.rf.f81d2c358e1566f4f955151decd9125d.jpg, 0, 0, 0, 0, 0, 1, 0, 0, 0, 0, 0, 0, 0, 0, 0, 0, 0, 0, 0, 0, 0, 0, 0, 0, 0, 0, 0, 0, 0, 0
Screen-Shot-2023-07-15-at-11-55-50-PM_png.rf.f873e0e4f1853e2baecb33c849f8f3c5.jpg, 0, 0, 0, 0, 0, 0, 0, 0, 0, 0, 0, 0, 0, 0, 0, 0, 0, 0, 0, 0, 0, 0, 0, 0, 0, 1, 0, 0, 0, 0
Screen-Shot-2023-07-15-at-11-00-46-PM_png_jpg.rf.f8707e53f948a91ecaca9fdc763edaff.jpg, 0, 0, 0, 1, 0, 0, 0, 0, 0, 0, 0, 0, 0, 0, 0, 0, 0, 0, 0, 0, 0, 0, 0, 0, 0, 0, 0, 0, 0, 0
Screen-Shot-2023-07-15-at-11-58-37-PM_png.rf.f856ceb9dc1a71e99de382f2bbe665b3.jpg, 0, 0, 0, 0, 0, 0, 0, 0, 0, 0, 0, 0, 0, 0, 0, 0, 0, 0, 0, 0, 0, 0, 0, 0, 0, 0, 0, 1, 0, 0
Screen-Shot-2023-07-15-at-11-46-29-PM_png_jpg.rf.f8a1d2c254e464a091d9bf077cf063c7.jpg, 0, 0, 0, 0, 0, 0, 0, 0, 0, 0, 0, 0, 0, 0, 0, 0, 0, 0, 0, 0, 0, 0, 0, 1, 0, 0, 0, 0, 0, 0
Screen-Shot-2023-07-15-at-11-15-09-PM_png_jpg.rf.f88ca07fc332259b1a63e577b14e6e73.jpg, 0, 0, 0, 0, 0, 0, 0, 0, 0, 0, 0, 1, 0, 0, 0, 0, 0, 0, 0, 0, 0, 0, 0, 0, 0, 0, 0, 0, 0, 0
Screen-Shot-2023-07-17-at-12-18-38-AM_png_jpg.rf.f918f6d92cfa53071adddb6ee5be5fba.jpg, 0, 0, 0, 0, 0, 0, 0, 0, 0, 0, 0, 0, 0, 0, 0, 0, 0, 0, 0, 0, 0, 0, 0, 0, 0, 0, 0, 0, 0, 1
Screen-Shot-2023-07-15-at-11-54-55-PM_png_jpg.rf.f909b1dc719012c08d4c63016bcab383.jpg, 0, 0, 0, 0, 0, 0, 0, 0, 0, 0, 0, 0, 0, 0, 0, 0, 0, 0, 0, 0, 0, 0, 0, 0, 0, 1, 0, 0, 0, 0
g1-JPG9rot_jpg.rf.f94d473809ba48afd76a8d653dc5e18b.jpg, 1, 0, 0, 0, 0, 0, 0, 0, 0, 0, 0, 0, 0, 0, 0, 0, 0, 0, 0, 0, 0, 0, 0, 0, 0, 0, 0, 0, 0, 0
Screen-Shot-2023-07-16-at-11-58-31-PM_png_jpg.rf.f9052c5f75082bc8d835216bcaed5033.jpg, 0, 0, 0, 0, 0, 0, 0, 0, 1, 0, 0, 0, 0, 0, 0, 0, 0, 0, 0, 0, 0, 0, 0, 0, 0, 0, 0, 0, 0, 0
Screen-Shot-2023-07-15-at-11-03-30-PM_png_jpg.rf.f8a858e2d4ac276a2dc60f4d4bbc3aa9.jpg, 0, 0, 0, 0, 0, 1, 0, 0, 0, 0, 0, 0, 0, 0, 0, 0, 0, 0, 0, 0, 0, 0, 0, 0, 0, 0, 0, 0, 0, 0
x1-JPG3rot_jpg.rf.f8f3a4d11d7181be7eb161c07d228f32.jpg, 0, 0, 0, 0, 0, 0, 0, 0, 0, 0, 0, 0, 0, 0, 0, 0, 0, 0, 0, 0, 0, 0, 0, 0, 0, 0, 0, 1, 0, 0
Screen-Shot-2023-07-17-at-12-10-02-AM_png_jpg.rf.f8a340fb7568c327c562f1140421db2d.jpg, 0, 0, 0, 0, 0, 0, 0, 0, 0, 0, 0, 0, 0, 0, 0, 0, 0, 0, 0, 1, 0, 0, 0, 0, 0, 0, 0, 0, 0, 0
Screen-Shot-2023-07-15-at-10-51-06-PM_png_jpg.rf.f8d7e2660de611a19d74d46da26405ba.jpg, 0, 0, 0, 0, 0, 0, 0, 1, 0, 0, 0, 0, 0, 0, 0, 0, 0, 0, 0, 0, 0, 0, 0, 0, 0, 0, 0, 0, 0, 0
Screen-Shot-2023-07-15-at-11-41-33-PM_png_jpg.rf.f9589ab0727e3e7e414f56e1f96e12f7.jpg, 0, 0, 0, 0, 0, 0, 0, 0, 0, 0, 0, 0, 0, 0, 0, 0, 0, 0, 0, 0, 0, 1, 0, 0, 0, 0, 0, 0, 0, 0
Screen-Shot-2023-07-15-at-11-07-06-PM_png_jpg.rf.f92f2a0355f46d6bcc9d42d213f154ba.jpg, 0, 0, 0, 0, 0, 0, 1, 0, 0, 0, 0, 0, 0, 0, 0, 0, 0, 0, 0, 0, 0, 0, 0, 0, 0, 0, 0, 0, 0, 0
Screen-Shot-2023-07-15-at-11-40-12-PM_png_jpg.rf.f970fde3fce87b034f390ebec5e59877.jpg, 0, 0, 0, 0, 0, 0, 0, 0, 0, 0, 0, 0, 0, 0, 0, 0, 0, 0, 0, 0, 0, 1, 0, 0, 0, 0, 0, 0, 0, 0
b1-JPG16dim_jpg.rf.f918bc8034602a88c52c229f6539f83c.jpg, 0, 0, 1, 0, 0, 0, 0, 0, 0, 0, 0, 0, 0, 0, 0, 0, 0, 0, 0, 0, 0, 0, 0, 0, 0, 0, 0, 0, 0, 0
Screen-Shot-2023-07-16-at-12-05-20-AM_png_jpg.rf.f956765ff9c0bc612f7d75d90bd071d1.jpg, 0, 0, 0, 0, 1, 0, 0, 0, 0, 0, 0, 0, 0, 0, 0, 0, 0, 0, 0, 0, 0, 0, 0, 0, 0, 0, 0, 0, 0, 0
Screen-Shot-2023-07-15-at-10-52-11-PM_png_jpg.rf.f9dcff7b94c3b181177db3e4e6a5baf0.jpg, 0, 0, 0, 0, 0, 0, 0, 1, 0, 0, 0, 0, 0, 0, 0, 0, 0, 0, 0, 0, 0, 0, 0, 0, 0, 0, 0, 0, 0, 0
Screen-Shot-2023-07-17-at-12-12-59-AM_png_jpg.rf.f9784d00db173184251357e7a6d37321.jpg, 0, 0, 0, 0, 0, 0, 0, 0, 0, 0, 0, 0, 0, 0, 0, 0, 0, 0, 0, 0, 0, 0, 0, 1, 0, 0, 0, 0, 0, 0
Screen-Shot-2023-07-15-at-10-59-30-PM_png_jpg.rf.f97bbdc5ec2cb648770b49b5a6d4d19b.jpg, 0, 0, 1, 0, 0, 0, 0, 0, 0, 0, 0, 0, 0, 0, 0, 0, 0, 0, 0, 0, 0, 0, 0, 0, 0, 0, 0, 0, 0, 0
j1-JPG6whs_jpg.rf.fa63895ac0b3de051f163733c62f9eec.jpg, 1, 0, 0, 0, 0, 0, 0, 0, 0, 0, 0, 0, 0, 0, 0, 0, 0, 0, 0, 0, 0, 0, 0, 0, 0, 0, 0, 0, 0, 0
Screen-Shot-2023-07-16-at-12-04-07-AM_png_jpg.rf.f9ebd0fb6fecc46edca06d40a863fd31.jpg, 0, 0, 0, 0, 0, 0, 0, 0, 0, 0, 0, 0, 0, 0, 0, 0, 0, 0, 0, 0, 0, 0, 0, 0, 0, 0, 0, 0, 0, 1
Screen-Shot-2023-07-17-at-12-20-50-AM_png_jpg.rf.fa3f9b95dbe183a7b19c2734e7a2a3f6.jpg, 0, 0, 0, 0, 0, 0, 0, 0, 0, 0, 0, 0, 0, 0, 0, 0, 0, 0, 1, 0, 0, 0, 0, 0, 0, 0, 0, 0, 0, 0
Screen-Shot-2023-07-16-at-11-48-02-PM_png.rf.f8f941b0a381b78478e4ea9951bf6f99.jpg, 0, 0, 0, 1, 0, 0, 0, 0, 0, 0, 0, 0, 0, 0, 0, 0, 0, 0, 0, 0, 0, 0, 0, 0, 0, 0, 0, 0, 0, 0
Screen-Shot-2023-07-17-at-12-02-38-AM_png_jpg.rf.fafc6a64181920ec29bd8417a555b8b1.jpg, 0, 0, 0, 0, 0, 0, 0, 0, 0, 0, 0, 0, 1, 0, 0, 0, 0, 0, 0, 0, 0, 0, 0, 0, 0, 0, 0, 0, 0, 0
Screen-Shot-2023-07-17-at-12-07-02-AM_png_jpg.rf.fb33a4bbdc792ed3c0503e6f5c0be069.jpg, 0, 0, 0, 0, 0, 0, 0, 0, 0, 0, 0, 0, 0, 0, 0, 1, 0, 0, 0, 0, 0, 0, 0, 0, 0, 0, 0, 0, 0, 0
Screen-Shot-2023-07-17-at-12-08-33-AM_png_jpg.rf.fa75aaae8b137fe118cfc653df7a5e4b.jpg, 0, 0, 0, 0, 0, 0, 0, 0, 0, 0, 0, 0, 0, 0, 0, 0, 1, 0, 0, 0, 0, 0, 0, 0, 0, 0, 0, 0, 0, 0
v1-JPG18whs_jpg.rf.fa6a492d310769fdad7ac632f78577d3.jpg, 0, 0, 0, 0, 0, 0, 0, 0, 0, 0, 0, 0, 0, 0, 0, 0, 0, 0, 0, 0, 0, 0, 0, 0, 0, 1, 0, 0, 0, 0
Screen-Shot-2023-07-17-at-12-10-51-AM_png_jpg.rf.f66d4c6db3ac35dde392fbeb54c758b4.jpg, 0, 0, 0, 0, 0, 0, 0, 0, 0, 0, 0, 0, 0, 0, 0, 0, 0, 0, 0, 0, 0, 1, 0, 0, 0, 0, 0, 0, 0, 0
l1-JPG11whs_jpg.rf.f9b4f282927344521ad7fbf6b23c7099.jpg, 0, 0, 0, 0, 0, 0, 0, 0, 0, 0, 0, 0, 0, 1, 0, 0, 0, 0, 0, 0, 0, 0, 0, 0, 0, 0, 0, 0, 0, 0
Screen-Shot-2023-07-17-at-12-08-02-AM_png.rf.fb498fc8750f53023f01ef36bfd0c940.jpg, 0, 0, 0, 0, 0, 0, 0, 0, 0, 0, 0, 0, 0, 0, 0, 0, 1, 0, 0, 0, 0, 0, 0, 0, 0, 0, 0, 0, 0, 0
Screen-Shot-2023-07-17-at-12-13-27-AM_png_jpg.rf.f9a85620daab683fae32217dd11efba1.jpg, 0, 0, 0, 0, 0, 0, 0, 0, 0, 0, 0, 0, 0, 0, 0, 0, 0, 0, 0, 0, 0, 0, 0, 0, 1, 0, 0, 0, 0, 0
Screen-Shot-2023-07-15-at-10-57-00-PM_png_jpg.rf.fb5ff9e3df2e42aa529601d21353a5ba.jpg, 0, 1, 0, 0, 0, 0, 0, 0, 0, 0, 0, 0, 0, 0, 0, 0, 0, 0, 0, 0, 0, 0, 0, 0, 0, 0, 0, 0, 0, 0
Screen-Shot-2023-07-17-at-12-11-20-AM_png_jpg.rf.fb091402ca4c9ce6df68dbdf8080fcae.jpg, 0, 0, 0, 0, 0, 0, 0, 0, 0, 0, 0, 0, 0, 0, 0, 0, 0, 0, 0, 0, 0, 1, 0, 0, 0, 0, 0, 0, 0, 0
l1-JPG6dim_jpg.rf.fa9530001f9bddd596a1ff811a12f85f.jpg, 0, 0, 0, 0, 0, 0, 0, 0, 0, 0, 0, 0, 0, 1, 0, 0, 0, 0, 0, 0, 0, 0, 0, 0, 0, 0, 0, 0, 0, 0
Screen-Shot-2023-07-17-at-12-05-40-AM_png_jpg.rf.faf44ebff520645f9d22699da7cfa92e.jpg, 0, 0, 0, 0, 0, 0, 0, 0, 0, 0, 0, 0, 0, 1, 0, 0, 0, 0, 0, 0, 0, 0, 0, 0, 0, 0, 0, 0, 0, 0
Screen-Shot-2023-07-15-at-11-16-05-PM-copy_png_jpg.rf.fa8ee765ca1bdd32d000a164e98ddff5.jpg, 0, 0, 0, 0, 0, 0, 0, 0, 0, 0, 0, 1, 0, 0, 0, 0, 0, 0, 0, 0, 0, 0, 0, 0, 0, 0, 0, 0, 0, 0
a1-JPG4rot_jpg.rf.fbd7bb5c4b4209aae0252178aec2240a.jpg, 0, 1, 0, 0, 0, 0, 0, 0, 0, 0, 0, 0, 0, 0, 0, 0, 0, 0, 0, 0, 0, 0, 0, 0, 0, 0, 0, 0, 0, 0
m1-JPG0dim_jpg.rf.fbc90bf255740463a46bd20aac62fb55.jpg, 0, 0, 0, 0, 0, 0, 0, 0, 0, 0, 0, 0, 0, 0, 1, 0, 0, 0, 0, 0, 0, 0, 0, 0, 0, 0, 0, 0, 0, 0
j1-JPG0whs_jpg.rf.fa707223910a4cdeb4d565a187f03835.jpg, 0, 0, 0, 0, 0, 0, 0, 0, 0, 0, 0, 1, 0, 0, 0, 0, 0, 0, 0, 0, 0, 0, 0, 0, 0, 0, 0, 0, 0, 0
u1-JPG18dim_jpg.rf.f88d16527599d5817437a4c5e30dee20.jpg, 0, 0, 0, 0, 0, 0, 0, 0, 0, 0, 0, 0, 0, 0, 0, 0, 0, 0, 0, 0, 0, 0, 0, 0, 1, 0, 0, 0, 0, 0
Screen-Shot-2023-07-17-at-12-15-28-AM_png_jpg.rf.fbd589291bc23674076800839e4e8553.jpg, 0, 0, 0, 0, 0, 0, 0, 0, 0, 0, 0, 0, 0, 0, 0, 0, 0, 0, 0, 0, 0, 0, 0, 0, 0, 0, 1, 0, 0, 0
Screen-Shot-2023-07-15-at-11-11-05-PM-copy_png.rf.fb142e9393747e805f2912b8b1b7e3c7.jpg, 0, 0, 0, 0, 0, 0, 0, 0, 0, 1, 0, 0, 0, 0, 0, 0, 0, 0, 0, 0, 0, 0, 0, 0, 0, 0, 0, 0, 0, 0
Screen-Shot-2023-07-17-at-12-14-51-AM_png.rf.fc70067e49727c2e374731c43f20dbc8.jpg, 0, 0, 0, 0, 0, 0, 0, 0, 0, 0, 0, 0, 0, 0, 0, 0, 0, 0, 0, 0, 0, 0, 0, 0, 0, 1, 0, 0, 0, 0
Screen-Shot-2023-07-15-at-11-42-52-PM_png_jpg.rf.fbf380d9eb20ecacb2b906fe6a1bf51e.jpg, 0, 0, 0, 0, 0, 0, 0, 0, 0, 0, 0, 0, 0, 0, 0, 0, 0, 0, 0, 0, 0, 0, 1, 0, 0, 0, 0, 0, 0, 0
Screen-Shot-2023-07-15-at-11-30-28-PM_png_jpg.rf.fb32d55427ef5406063bebb971aef28e.jpg, 0, 0, 0, 0, 0, 0, 0, 0, 0, 0, 0, 0, 0, 0, 0, 0, 1, 0, 0, 0, 0, 0, 0, 0, 0, 0, 0, 0, 0, 0
Screen-Shot-2023-07-15-at-11-43-45-PM_png.rf.fc11c1d4c248741819e85ae2c8def1c5.jpg, 0, 0, 0, 0, 0, 0, 0, 0, 0, 0, 0, 0, 0, 0, 0, 0, 0, 0, 0, 0, 0, 0, 1, 0, 0, 0, 0, 0, 0, 0
Screen-Shot-2023-07-17-at-12-12-43-AM_png_jpg.rf.fc2936db0450f1193476077910af2e28.jpg, 0, 0, 0, 0, 0, 0, 0, 0, 0, 0, 0, 0, 0, 0, 0, 0, 0, 0, 0, 0, 0, 0, 0, 1, 0, 0, 0, 0, 0, 0
h1-JPG15whs_jpg.rf.fcd0a9e642267fc51cf613babc9c8ad8.jpg, 0, 0, 0, 0, 0, 0, 0, 0, 0, 1, 0, 0, 0, 0, 0, 0, 0, 0, 0, 0, 0, 0, 0, 0, 0, 0, 0, 0, 0, 0
Screen-Shot-2023-07-15-at-11-12-22-PM_png.rf.fadad680e8ad1dc328d3457623e21d69.jpg, 0, 0, 0, 0, 0, 0, 0, 0, 0, 0, 1, 0, 0, 0, 0, 0, 0, 0, 0, 0, 0, 0, 0, 0, 0, 0, 0, 0, 0, 0
Screen-Shot-2023-07-16-at-12-10-21-AM_png_jpg.rf.fb6e03b135fed6d3c7f9a6630087e993.jpg, 0, 0, 0, 0, 0, 0, 0, 0, 0, 0, 0, 0, 0, 0, 0, 0, 0, 0, 0, 0, 1, 0, 0, 0, 0, 0, 0, 0, 0, 0
Screen-Shot-2023-07-17-at-12-09-02-AM_png_jpg.rf.fbfbd6749895d309445eace156df2737.jpg, 0, 0, 0, 0, 0, 0, 0, 0, 0, 0, 0, 0, 0, 0, 0, 0, 0, 1, 0, 0, 0, 0, 0, 0, 0, 0, 0, 0, 0, 0
Screen-Shot-2023-07-15-at-11-42-41-PM_png_jpg.rf.fcb43547e49af6233d8d235cdeb3f45e.jpg, 0, 0, 0, 0, 0, 0, 0, 0, 0, 0, 0, 0, 0, 0, 0, 0, 0, 0, 0, 0, 0, 0, 1, 0, 0, 0, 0, 0, 0, 0
y1-JPG8dim_jpg.rf.fc070c588eb201288fc0169ca3b3122f.jpg, 0, 0, 0, 0, 0, 0, 0, 0, 0, 0, 0, 0, 0, 0, 0, 0, 0, 0, 0, 0, 0, 0, 0, 0, 0, 0, 0, 0, 0, 1
Screen-Shot-2023-07-11-at-12-28-23-PM_png-copy_jpg.rf.fc959551792e7a3642ba3a68dc099274.jpg, 0, 0, 0, 0, 0, 0, 0, 0, 0, 0, 0, 0, 0, 0, 0, 0, 0, 0, 1, 0, 0, 0, 0, 0, 0, 0, 0, 0, 0, 0
Screen-Shot-2023-07-16-at-12-15-42-PM_png_jpg.rf.fd01ea08ad8e9f47c04f0f3c1dbe3cd7.jpg, 0, 0, 0, 0, 0, 0, 0, 0, 0, 0, 0, 0, 0, 0, 0, 0, 0, 0, 1, 0, 0, 0, 0, 0, 0, 0, 0, 0, 0, 0
Screen-Shot-2023-07-17-at-12-04-03-AM_png_jpg.rf.fc413adc94cb14fffa5d052473837065.jpg, 0, 0, 0, 0, 0, 0, 0, 0, 0, 0, 0, 0, 0, 1, 0, 0, 0, 0, 0, 0, 0, 0, 0, 0, 0, 0, 0, 0, 0, 0
z1-JPG6rot_jpg.rf.fd6934df180b52e9c66597ee214c73d8.jpg, 0, 0, 0, 0, 0, 0, 0, 0, 0, 0, 0, 0, 0, 0, 0, 0, 0, 0, 0, 0, 0, 0, 0, 0, 0, 0, 0, 0, 0, 1
Screen-Shot-2023-07-16-at-11-42-48-PM_png_jpg.rf.fb01047a52b7b1732e96995f4a64fb67.jpg, 0, 1, 0, 0, 0, 0, 0, 0, 0, 0, 0, 0, 0, 0, 0, 0, 0, 0, 0, 0, 0, 0, 0, 0, 0, 0, 0, 0, 0, 0
h1-JPG6whs_jpg.rf.fd8cfa9a337c9478c0fd458a7c20273c.jpg, 0, 0, 0, 0, 0, 0, 0, 0, 0, 1, 0, 0, 0, 0, 0, 0, 0, 0, 0, 0, 0, 0, 0, 0, 0, 0, 0, 0, 0, 0
Screen-Shot-2023-07-17-at-12-11-15-AM_png_jpg.rf.fd9d748facb0d71de7e03b8cce69eb58.jpg, 0, 0, 0, 0, 0, 0, 0, 0, 0, 0, 0, 0, 0, 0, 0, 0, 0, 0, 0, 0, 0, 1, 0, 0, 0, 0, 0, 0, 0, 0
a1-JPG7rot_jpg.rf.fe086381bf3fe12af294f7d869d13687.jpg, 1, 0, 0, 0, 0, 0, 0, 0, 0, 0, 0, 0, 0, 0, 0, 0, 0, 0, 0, 0, 0, 0, 0, 0, 0, 0, 0, 0, 0, 0
o1-JPG1rot_jpg.rf.fe36b529cf8ac5f6e7fb6a2c40180ed9.jpg, 0, 0, 0, 0, 0, 0, 0, 0, 0, 0, 0, 0, 0, 0, 0, 0, 1, 0, 0, 0, 0, 0, 0, 0, 0, 0, 0, 0, 0, 0
Screen-Shot-2023-07-15-at-11-00-36-PM_png_jpg.rf.fd8ec95c61e6669ea7356605310b5b91.jpg, 0, 0, 0, 1, 0, 0, 0, 0, 0, 0, 0, 0, 0, 0, 0, 0, 0, 0, 0, 0, 0, 0, 0, 0, 0, 0, 0, 0, 0, 0
Screen-Shot-2023-07-17-at-12-03-36-AM_png_jpg.rf.fd1508814bf4c5843f07c19e2855375d.jpg, 0, 0, 0, 0, 0, 0, 0, 0, 0, 0, 0, 0, 0, 1, 0, 0, 0, 0, 0, 0, 0, 0, 0, 0, 0, 0, 0, 0, 0, 0
Screen-Shot-2023-07-16-at-12-17-28-PM_png_jpg.rf.fe17a6f715c839c315a3051821d9d871.jpg, 0, 0, 0, 0, 0, 0, 0, 0, 0, 0, 0, 0, 0, 0, 0, 0, 0, 0, 1, 0, 0, 0, 0, 0, 0, 0, 0, 0, 0, 0
v1-JPG17whs_jpg.rf.fdc29285d64133db1d173bcc3bfec965.jpg, 0, 0, 0, 0, 0, 0, 0, 0, 0, 0, 0, 0, 0, 0, 0, 0, 0, 0, 0, 0, 0, 0, 0, 0, 0, 1, 0, 0, 0, 0
Screen-Shot-2023-07-16-at-12-12-31-AM_png_jpg.rf.fe5d7ada70220b1db078bd95c2c8f0b3.jpg, 0, 0, 0, 0, 0, 0, 0, 0, 0, 0, 0, 0, 0, 0, 0, 0, 0, 0, 0, 0, 1, 0, 0, 0, 0, 0, 0, 0, 0, 0
t1-JPG4dim_jpg.rf.fcf1b2e0c4bc548205b8f6dfcd90b65d.jpg, 0, 0, 0, 0, 0, 0, 0, 0, 0, 0, 0, 0, 0, 0, 0, 0, 0, 0, 0, 0, 0, 0, 0, 1, 0, 0, 0, 0, 0, 0
Screen-Shot-2023-07-17-at-12-12-30-AM_png_jpg.rf.fd9011c8416ecef4ed6de5d10adaa20d.jpg, 0, 0, 0, 0, 0, 0, 0, 0, 0, 0, 0, 0, 0, 0, 0, 0, 0, 0, 0, 0, 0, 0, 0, 1, 0, 0, 0, 0, 0, 0
Screen-Shot-2023-07-16-at-11-47-02-PM_png_jpg.rf.fb3dea06cd2d20aba9a65f6c051aefde.jpg, 0, 0, 1, 0, 0, 0, 0, 0, 0, 0, 0, 0, 0, 0, 0, 0, 0, 0, 0, 0, 0, 0, 0, 0, 0, 0, 0, 0, 0, 0
Screen-Shot-2023-07-15-at-11-14-39-PM_png_jpg.rf.fd6fd9e353ad3f338f2f250726a71759.jpg, 0, 0, 0, 0, 0, 0, 0, 0, 0, 0, 0, 1, 0, 0, 0, 0, 0, 0, 0, 0, 0, 0, 0, 0, 0, 0, 0, 0, 0, 0
Screen-Shot-2023-07-16-at-12-00-58-AM_png_jpg.rf.fe8f08d3b03cb37c980619d00ab3c8b1.jpg, 0, 0, 0, 0, 0, 0, 0, 0, 0, 0, 0, 0, 0, 0, 0, 0, 0, 0, 0, 0, 0, 0, 0, 0, 0, 0, 0, 0, 1, 0
Screen-Shot-2023-07-16-at-11-42-41-PM_png_jpg.rf.fe61cbd1b4a7082539006e6e56c31d8b.jpg, 0, 1, 0, 0, 0, 0, 0, 0, 0, 0, 0, 0, 0, 0, 0, 0, 0, 0, 0, 0, 0, 0, 0, 0, 0, 0, 0, 0, 0, 0
z1-JPG13dim_jpg.rf.fde07d9ff061d89fd00a70d6e30f039d.jpg, 0, 0, 0, 0, 0, 0, 0, 0, 0, 0, 0, 0, 0, 0, 0, 0, 0, 0, 0, 0, 0, 0, 0, 0, 0, 0, 0, 0, 0, 1
y1-JPG9rot_jpg.rf.febd62253c484b27eec55df32ec65574.jpg, 0, 0, 0, 0, 0, 0, 0, 0, 0, 0, 0, 0, 0, 0, 0, 0, 0, 0, 0, 0, 0, 0, 0, 0, 0, 0, 0, 0, 1, 0
f1-JPG8rot_jpg.rf.fec1bbee1ead255695ef2cb9b1c6d3ce.jpg, 0, 0, 0, 0, 0, 0, 0, 1, 0, 0, 0, 0, 0, 0, 0, 0, 0, 0, 0, 0, 0, 0, 0, 0, 0, 0, 0, 0, 0, 0
Screen-Shot-2023-07-16-at-12-06-27-AM_png_jpg.rf.fe998bcca907cf5254e230438b7c8a79.jpg, 0, 0, 0, 0, 1, 0, 0, 0, 0, 0, 0, 0, 0, 0, 0, 0, 0, 0, 0, 0, 0, 0, 0, 0, 0, 0, 0, 0, 0, 0
Screen-Shot-2023-07-11-at-12-28-38-PM_png-copy-8_jpg.rf.fefd47288aa42a57b236c90d9d252f83.jpg, 0, 0, 0, 0, 1, 0, 0, 0, 0, 0, 0, 0, 0, 0, 0, 0, 0, 0, 0, 0, 0, 0, 0, 0, 0, 0, 0, 0, 0, 0
Screen-Shot-2023-07-17-at-12-17-41-AM_png_jpg.rf.ff86a7f1d189900020ee931d1a9acfdb.jpg, 0, 0, 0, 0, 0, 0, 0, 0, 0, 0, 0, 0, 0, 0, 0, 0, 0, 0, 0, 0, 0, 0, 0, 0, 0, 0, 0, 0, 1, 0
Screen-Shot-2023-07-17-at-12-10-55-AM_png.rf.fef103c4ec1c86629cf9b08624071154.jpg, 0, 0, 0, 0, 0, 0, 0, 0, 0, 0, 0, 0, 0, 0, 0, 0, 0, 0, 0, 0, 0, 1, 0, 0, 0, 0, 0, 0, 0, 0
Screen-Shot-2023-07-17-at-12-10-51-AM_png_jpg.rf.fd02bb512ad8681828c2a47a9ffd06e2.jpg, 0, 0, 0, 0, 0, 0, 0, 0, 0, 0, 0, 0, 0, 0, 0, 0, 0, 0, 0, 0, 0, 1, 0, 0, 0, 0, 0, 0, 0, 0
Screen-Shot-2023-07-16-at-11-59-08-PM_png_jpg.rf.fe87074e86cc827852f4f1d3a648dfdf.jpg, 0, 0, 0, 0, 0, 0, 0, 0, 0, 1, 0, 0, 0, 0, 0, 0, 0, 0, 0, 0, 0, 0, 0, 0, 0, 0, 0, 0, 0, 0
w1-JPG8whs_jpg.rf.ff76b37da71f89a249c9a3471428dceb.jpg, 0, 0, 0, 0, 0, 0, 0, 0, 0, 0, 0, 0, 0, 0, 0, 0, 0, 0, 0, 0, 0, 0, 0, 0, 0, 0, 1, 0, 0, 0
h1-JPG0dim_jpg.rf.fff96f8f27a369016e56f3f3a5770ee2.jpg, 0, 0, 0, 0, 0, 0, 0, 0, 0, 1, 0, 0, 0, 0, 0, 0, 0, 0, 0, 0, 0, 0, 0, 0, 0, 0, 0, 0, 0, 0
Screen-Shot-2023-07-16-at-11-50-52-PM_png_jpg.rf.ff2a0e06eb96a316aece384960143e4d.jpg, 0, 0, 0, 1, 0, 0, 0, 0, 0, 0, 0, 0, 0, 0, 0, 0, 0, 0, 0, 0, 0, 0, 0, 0, 0, 0, 0, 0, 0, 0
Screen-Shot-2023-07-15-at-11-22-35-PM_png_jpg.rf.ff510d9714a7e53ba89b1b61045553eb.jpg, 0, 0, 0, 0, 0, 0, 0, 0, 0, 0, 0, 0, 0, 0, 1, 0, 0, 0, 0, 0, 0, 0, 0, 0, 0, 0, 0, 0, 0, 0
Screen-Shot-2023-07-16-at-11-47-31-PM_png_jpg.rf.fefce0e3c7082f8cca7eb3231b7a2117.jpg, 0, 0, 1, 0, 0, 0, 0, 0, 0, 0, 0, 0, 0, 0, 0, 0, 0, 0, 0, 0, 0, 0, 0, 0, 0, 0, 0, 0, 0, 0
Screen-Shot-2023-07-17-at-12-03-57-AM_png_jpg.rf.ff3672e6df564bc1e48e72a37721152b.jpg, 0, 0, 0, 0, 0, 0, 0, 0, 0, 0, 0, 0, 0, 1, 0, 0, 0, 0, 0, 0, 0, 0, 0, 0, 0, 0, 0, 0, 0, 0
Screen-Shot-2023-07-17-at-12-19-19-AM_png_jpg.rf.ff8550047ac0240a1d6504217f71843d.jpg, 0, 0, 0, 0, 1, 0, 0, 0, 0, 0, 0, 0, 0, 0, 0, 0, 0, 0, 0, 0, 0, 0, 0, 0, 0, 0, 0, 0, 0, 0
Screen-Shot-2023-07-16-at-12-12-31-AM_png_jpg.rf.ff936d2d719f1f802c5d3c9718ad743e.jpg, 0, 0, 0, 0, 0, 0, 0, 0, 0, 0, 0, 0, 0, 0, 0, 0, 0, 0, 0, 0, 1, 0, 0, 0, 0, 0, 0, 0, 0, 0
Screen-Shot-2023-07-17-at-12-19-31-AM_png_jpg.rf.fe0d0f0cbf8a27cd822dbcf640e3114e.jpg, 0, 0, 0, 0, 1, 0, 0, 0, 0, 0, 0, 0, 0, 0, 0, 0, 0, 0, 0, 0, 0, 0, 0, 0, 0, 0, 0, 0, 0, 0
j1-JPG12dim_jpg.rf.fff38082de04a54f20022fe8bffbdeb0.jpg, 0, 0, 0, 0, 0, 0, 0, 0, 0, 0, 0, 1, 0, 0, 0, 0, 0, 0, 0, 0, 0, 0, 0, 0, 0, 0, 0, 0, 0, 0
Screen-Shot-2023-07-15-at-11-10-37-PM_png_jpg.rf.ff06b54bf083c7ebb24d403f8b54f34e.jpg, 0, 0, 0, 0, 0, 0, 0, 0, 0, 1, 0, 0, 0, 0, 0, 0, 0, 0, 0, 0, 0, 0, 0, 0, 0, 0, 0, 0, 0, 0
j1-JPG11dim_jpg.rf.ff2d5381db6cad1fb2245adb88ed537a.jpg, 0, 0, 0, 0, 0, 0, 0, 0, 0, 0, 0, 1, 0, 0, 0, 0, 0, 0, 0, 0, 0, 0, 0, 0, 0, 0, 0, 0, 0, 0
Screen-Shot-2023-07-15-at-11-34-48-PM_png_jpg.rf.fefac53081b3a52a58e23b07ba25fe21.jpg, 0, 0, 0, 0, 0, 0, 0, 0, 0, 0, 0, 0, 0, 0, 0, 0, 0, 0, 0, 1, 0, 0, 0, 0, 0, 0, 0, 0, 0, 0
Screen-Shot-2023-07-16-at-11-56-22-PM_png_jpg.rf.fe5817a4eee10a9d503a01860f1878a1.jpg, 0, 0, 0, 0, 0, 0, 0, 1, 0, 0, 0, 0, 0, 0, 0, 0, 0, 0, 0, 0, 0, 0, 0, 0, 0, 0, 0, 0, 0, 0
n1-JPG18rot_jpg.rf.fe8226826bf511115365ae066b0c1856.jpg, 0, 0, 0, 0, 0, 0, 0, 0, 0, 0, 0, 0, 0, 0, 0, 1, 0, 0, 0, 0, 0, 0, 0, 0, 0, 0, 0, 0, 0, 0
r1-JPG17rot_jpg.rf.9c61dce78f4d23508d0b036bfbe01159.jpg, 0, 0, 0, 0, 0, 0, 0, 0, 0, 0, 0, 0, 0, 0, 0, 0, 0, 0, 0, 0, 0, 1, 0, 0, 0, 0, 0, 0, 0, 0
Screen-Shot-2023-07-15-at-11-17-59-PM_png_jpg.rf.9c76e86540bebcbfaae71d66739458ed.jpg, 0, 0, 0, 0, 0, 0, 0, 0, 0, 0, 0, 0, 1, 0, 0, 0, 0, 0, 0, 0, 0, 0, 0, 0, 0, 0, 0, 0, 0, 0
Screen-Shot-2023-07-17-at-12-15-50-AM_png.rf.9c7818bc34522596b81e93df43af9732.jpg, 0, 0, 0, 0, 0, 0, 0, 0, 0, 0, 0, 0, 0, 0, 0, 0, 0, 0, 0, 0, 0, 0, 0, 0, 0, 0, 1, 0, 0, 0
Screen-Shot-2023-07-15-at-11-01-07-PM_png.rf.9c81e288d0363a2ff66bc9bfda621ba9.jpg, 0, 0, 0, 1, 0, 0, 0, 0, 0, 0, 0, 0, 0, 0, 0, 0, 0, 0, 0, 0, 0, 0, 0, 0, 0, 0, 0, 0, 0, 0
i1-JPG7dim_jpg.rf.9c8b3315f5599a7bc218b7fede98c683.jpg, 0, 0, 0, 0, 0, 0, 0, 0, 0, 0, 1, 0, 0, 0, 0, 0, 0, 0, 0, 0, 0, 0, 0, 0, 0, 0, 0, 0, 0, 0
Screen-Shot-2023-07-17-at-12-18-54-AM_png_jpg.rf.9c9d1ff51bdd8b1fd8110bebc15ed72a.jpg, 0, 0, 0, 0, 0, 0, 0, 0, 0, 0, 0, 0, 0, 0, 0, 0, 0, 0, 0, 0, 0, 0, 0, 0, 0, 0, 0, 0, 0, 1
Screen-Shot-2023-07-11-at-12-28-23-PM_png_jpg.rf.9ca1b63ad6ddc7b21d27904b18abff43.jpg, 0, 0, 0, 0, 0, 0, 0, 0, 0, 0, 0, 0, 0, 0, 0, 0, 0, 0, 1, 0, 0, 0, 0, 0, 0, 0, 0, 0, 0, 0
Screen-Shot-2023-07-15-at-10-57-24-PM_png_jpg.rf.9cadfb18d5dd5558148b952039bb53f8.jpg, 0, 0, 1, 0, 0, 0, 0, 0, 0, 0, 0, 0, 0, 0, 0, 0, 0, 0, 0, 0, 0, 0, 0, 0, 0, 0, 0, 0, 0, 0
h1-JPG13whs_jpg.rf.9caeedcf1a1cbefa5df10d1ecfbbdf21.jpg, 0, 0, 0, 0, 0, 0, 0, 0, 0, 1, 0, 0, 0, 0, 0, 0, 0, 0, 0, 0, 0, 0, 0, 0, 0, 0, 0, 0, 0, 0
Screen-Shot-2023-07-16-at-11-55-31-PM-copy_png_jpg.rf.9cb35e8c191190c2c63889296fc80ba3.jpg, 0, 0, 0, 0, 0, 0, 0, 1, 0, 0, 0, 0, 0, 0, 0, 0, 0, 0, 0, 0, 0, 0, 0, 0, 0, 0, 0, 0, 0, 0
Screen-Shot-2023-07-15-at-11-05-20-PM_png_jpg.rf.9cb6f777111f8421c95bc30664aafb1a.jpg, 0, 0, 0, 0, 0, 0, 1, 0, 0, 0, 0, 0, 0, 0, 0, 0, 0, 0, 0, 0, 0, 0, 0, 0, 0, 0, 0, 0, 0, 0
d1-JPG4rot_jpg.rf.9d0363de2b2489e0bf459d2fef023eab.jpg, 0, 0, 0, 0, 0, 1, 0, 0, 0, 0, 0, 0, 0, 0, 0, 0, 0, 0, 0, 0, 0, 0, 0, 0, 0, 0, 0, 0, 0, 0
Screen-Shot-2023-07-17-at-12-11-15-AM_png_jpg.rf.9d0485787ee532c442dacd764ee5741b.jpg, 0, 0, 0, 0, 0, 0, 0, 0, 0, 0, 0, 0, 0, 0, 0, 0, 0, 0, 0, 0, 0, 1, 0, 0, 0, 0, 0, 0, 0, 0
Screen-Shot-2023-07-16-at-11-43-16-PM_png_jpg.rf.9cd37f4e7012726c940c08cc241c1c58.jpg, 0, 1, 0, 0, 0, 0, 0, 0, 0, 0, 0, 0, 0, 0, 0, 0, 0, 0, 0, 0, 0, 0, 0, 0, 0, 0, 0, 0, 0, 0
Screen-Shot-2023-07-15-at-11-41-25-PM_png_jpg.rf.9d24531f22922b57f627c361f6481798.jpg, 0, 0, 0, 0, 0, 0, 0, 0, 0, 0, 0, 0, 0, 0, 0, 0, 0, 0, 0, 0, 0, 1, 0, 0, 0, 0, 0, 0, 0, 0
k1-JPG12whs_jpg.rf.9d26d8907a3612de1ba916afbb3dfffd.jpg, 0, 0, 0, 0, 0, 0, 0, 0, 0, 0, 0, 0, 1, 0, 0, 0, 0, 0, 0, 0, 0, 0, 0, 0, 0, 0, 0, 0, 0, 0
Screen-Shot-2023-07-17-at-12-15-50-AM_png_jpg.rf.9d3ebc16937da387bf7559f9200e0c43.jpg, 0, 0, 0, 0, 0, 0, 0, 0, 0, 0, 0, 0, 0, 0, 0, 0, 0, 0, 0, 0, 0, 0, 0, 0, 0, 0, 1, 0, 0, 0
Screen-Shot-2023-07-11-at-12-30-24-PM_png_jpg.rf.9d70d97232d5f952849a4a0010526b10.jpg, 0, 0, 0, 0, 0, 0, 0, 0, 0, 0, 0, 0, 0, 0, 0, 0, 0, 0, 0, 0, 1, 0, 0, 0, 0, 0, 0, 0, 0, 0
Screen-Shot-2023-07-17-at-12-16-17-AM_png_jpg.rf.9d7bdf91c24750b10bb51fd4218f7a61.jpg, 0, 0, 0, 0, 0, 0, 0, 0, 0, 0, 0, 0, 0, 0, 0, 0, 0, 0, 0, 0, 0, 0, 0, 0, 0, 0, 0, 1, 0, 0
Screen-Shot-2023-07-17-at-12-08-48-AM_png_jpg.rf.9d748c3d02dc9767daa82e31ee367bab.jpg, 0, 0, 0, 0, 0, 0, 0, 0, 0, 0, 0, 0, 0, 0, 0, 0, 0, 1, 0, 0, 0, 0, 0, 0, 0, 0, 0, 0, 0, 0
Screen-Shot-2023-07-16-at-11-48-41-PM_png_jpg.rf.9d7c8a2f593035a69c510980eb342117.jpg, 0, 0, 0, 1, 0, 0, 0, 0, 0, 0, 0, 0, 0, 0, 0, 0, 0, 0, 0, 0, 0, 0, 0, 0, 0, 0, 0, 0, 0, 0
Screen-Shot-2023-07-17-at-12-11-47-AM_png_jpg.rf.9da024a6ddd9935aadefe783af8b58df.jpg, 0, 0, 0, 0, 0, 0, 0, 0, 0, 0, 0, 0, 0, 0, 0, 0, 0, 0, 0, 0, 0, 0, 1, 0, 0, 0, 0, 0, 0, 0
Screen-Shot-2023-07-15-at-11-27-23-PM_png_jpg.rf.9e094811d65253cafddc769d48d2fd62.jpg, 0, 0, 0, 0, 0, 0, 0, 0, 0, 0, 0, 0, 0, 0, 0, 1, 0, 0, 0, 0, 0, 0, 0, 0, 0, 0, 0, 0, 0, 0
Screen-Shot-2023-07-15-at-11-10-19-PM_png_jpg.rf.9ecd9baec81e14961c38c5707b3546fe.jpg, 0, 0, 0, 0, 0, 0, 0, 0, 0, 1, 0, 0, 0, 0, 0, 0, 0, 0, 0, 0, 0, 0, 0, 0, 0, 0, 0, 0, 0, 0
Screen-Shot-2023-07-15-at-11-20-22-PM-copy_png_jpg.rf.9e2cd11063c1339816bb70d9e7d52d31.jpg, 0, 0, 0, 0, 0, 0, 0, 0, 0, 0, 0, 0, 0, 1, 0, 0, 0, 0, 0, 0, 0, 0, 0, 0, 0, 0, 0, 0, 0, 0
Screen-Shot-2023-07-15-at-10-56-47-PM_png_jpg.rf.9f3c4dfadafdb2aa44c48277710f93fe.jpg, 0, 1, 0, 0, 0, 0, 0, 0, 0, 0, 0, 0, 0, 0, 0, 0, 0, 0, 0, 0, 0, 0, 0, 0, 0, 0, 0, 0, 0, 0
Screen-Shot-2023-07-15-at-11-31-17-PM_png_jpg.rf.9deaa370968b4f95b08cdfe08dd36974.jpg, 0, 0, 0, 0, 0, 0, 0, 0, 0, 0, 0, 0, 0, 0, 0, 0, 1, 0, 0, 0, 0, 0, 0, 0, 0, 0, 0, 0, 0, 0
c1-JPG15dim_jpg.rf.9df7413195e810b89b26c2feccd56626.jpg, 0, 0, 0, 1, 0, 0, 0, 0, 0, 0, 0, 0, 0, 0, 0, 0, 0, 0, 0, 0, 0, 0, 0, 0, 0, 0, 0, 0, 0, 0
Screen-Shot-2023-07-15-at-11-13-23-PM_png_jpg.rf.9e32d9301eb7c6db7dad9d6a89f1dff3.jpg, 0, 0, 0, 0, 0, 0, 0, 0, 0, 0, 1, 0, 0, 0, 0, 0, 0, 0, 0, 0, 0, 0, 0, 0, 0, 0, 0, 0, 0, 0
Screen-Shot-2023-07-17-at-12-14-23-AM_png_jpg.rf.9ea2dc9d860059c49de0bf0af9a89437.jpg, 0, 0, 0, 0, 0, 0, 0, 0, 0, 0, 0, 0, 0, 0, 0, 0, 0, 0, 0, 0, 0, 0, 0, 0, 0, 1, 0, 0, 0, 0
f1-JPG17dim_jpg.rf.9e154dc727ab63334ed3727cd8bf2bed.jpg, 0, 0, 0, 0, 0, 0, 0, 1, 0, 0, 0, 0, 0, 0, 0, 0, 0, 0, 0, 0, 0, 0, 0, 0, 0, 0, 0, 0, 0, 0
Screen-Shot-2023-07-15-at-11-13-49-PM_png.rf.9ecf854e674c5e90a3cd46db3703a96f.jpg, 0, 0, 0, 0, 0, 0, 0, 0, 0, 0, 1, 0, 0, 0, 0, 0, 0, 0, 0, 0, 0, 0, 0, 0, 0, 0, 0, 0, 0, 0
Screen-Shot-2023-07-15-at-10-58-39-PM_png_jpg.rf.9f414db34084d73aa4c40ddd4e7fd15a.jpg, 0, 0, 1, 0, 0, 0, 0, 0, 0, 0, 0, 0, 0, 0, 0, 0, 0, 0, 0, 0, 0, 0, 0, 0, 0, 0, 0, 0, 0, 0
Screen-Shot-2023-07-15-at-11-32-41-PM_png_jpg.rf.9eafa5016c385bb722e4a67e7cb3a546.jpg, 0, 0, 0, 0, 0, 0, 0, 0, 0, 0, 0, 0, 0, 0, 0, 0, 0, 1, 0, 0, 0, 0, 0, 0, 0, 0, 0, 0, 0, 0
Screen-Shot-2023-07-16-at-11-56-16-PM_png_jpg.rf.9eb83f44c7ee564cac4def2fe160fc41.jpg, 0, 0, 0, 0, 0, 0, 0, 1, 0, 0, 0, 0, 0, 0, 0, 0, 0, 0, 0, 0, 0, 0, 0, 0, 0, 0, 0, 0, 0, 0
Screen-Shot-2023-07-17-at-12-18-58-AM_png_jpg.rf.9f5ee9a89f3414e8bdae339d0caaacf0.jpg, 0, 0, 0, 0, 0, 0, 0, 0, 0, 0, 0, 0, 0, 0, 0, 0, 0, 0, 0, 0, 0, 0, 0, 0, 0, 0, 0, 0, 0, 1
Screen-Shot-2023-07-15-at-10-47-45-PM_png.rf.9f70f6950b80b1fd5982d245162963a9.jpg, 0, 0, 1, 0, 0, 0, 0, 0, 0, 0, 0, 0, 0, 0, 0, 0, 0, 0, 0, 0, 0, 0, 0, 0, 0, 0, 0, 0, 0, 0
w1-JPG8rot_jpg.rf.9fa338c492984538d6f1547a20741b88.jpg, 0, 0, 0, 0, 0, 0, 0, 0, 0, 0, 0, 0, 0, 0, 0, 0, 0, 0, 0, 0, 0, 0, 0, 0, 0, 0, 1, 0, 0, 0
Screen-Shot-2023-07-17-at-12-23-08-AM_png.rf.9ede4ea6773d8c3420b7839cd6725b57.jpg, 0, 0, 0, 0, 0, 0, 0, 0, 0, 0, 0, 0, 0, 0, 0, 0, 0, 0, 0, 0, 1, 0, 0, 0, 0, 0, 0, 0, 0, 0
g1-JPG18rot_jpg.rf.9e6d6e69a2fe66bfeb73d034ea341b7b.jpg, 0, 0, 0, 0, 0, 0, 0, 0, 1, 0, 0, 0, 0, 0, 0, 0, 0, 0, 0, 0, 0, 0, 0, 0, 0, 0, 0, 0, 0, 0
e1-JPG10rot_jpg.rf.9edb3d199ea2b9ab535bade5e169451a.jpg, 0, 0, 0, 0, 0, 0, 1, 0, 0, 0, 0, 0, 0, 0, 0, 0, 0, 0, 0, 0, 0, 0, 0, 0, 0, 0, 0, 0, 0, 0
Screen-Shot-2023-07-17-at-12-12-39-AM_png_jpg.rf.9f66b161be639870b3d06ba2e5ce82db.jpg, 0, 0, 0, 0, 0, 0, 0, 0, 0, 0, 0, 0, 0, 0, 0, 0, 0, 0, 0, 0, 0, 0, 0, 1, 0, 0, 0, 0, 0, 0
Screen-Shot-2023-07-16-at-11-42-48-PM_png_jpg.rf.9efc4337aff5f96e5a02b5f389e05bdd.jpg, 0, 1, 0, 0, 0, 0, 0, 0, 0, 0, 0, 0, 0, 0, 0, 0, 0, 0, 0, 0, 0, 0, 0, 0, 0, 0, 0, 0, 0, 0
Screen-Shot-2023-07-15-at-11-58-18-PM_png_jpg.rf.9fcf051c5c9af806a8b970b994d16e94.jpg, 0, 0, 0, 0, 0, 0, 0, 0, 0, 0, 0, 0, 0, 0, 0, 0, 0, 0, 0, 0, 0, 0, 0, 0, 0, 0, 0, 1, 0, 0
Screen-Shot-2023-07-16-at-12-02-25-AM_png_jpg.rf.9f1e6ad65cf39f6dbf4427ad70aa1d96.jpg, 0, 0, 0, 0, 0, 0, 0, 0, 0, 0, 0, 0, 0, 0, 0, 0, 0, 0, 0, 0, 0, 0, 0, 0, 0, 0, 0, 0, 1, 0
Screen-Shot-2023-07-15-at-11-20-36-PM_png_jpg.rf.9f7088f135a6971af7f3dcab8a64c52c.jpg, 0, 0, 0, 0, 0, 0, 0, 0, 0, 0, 0, 0, 0, 1, 0, 0, 0, 0, 0, 0, 0, 0, 0, 0, 0, 0, 0, 0, 0, 0
Screen-Shot-2023-07-15-at-11-28-48-PM_png_jpg.rf.a0370ddd38b38c9afc62941e96e8086e.jpg, 0, 0, 0, 0, 0, 0, 0, 0, 0, 0, 0, 0, 0, 0, 0, 0, 1, 0, 0, 0, 0, 0, 0, 0, 0, 0, 0, 0, 0, 0
Screen-Shot-2023-07-15-at-11-27-31-PM_png_jpg.rf.9db927f3891c5123e21575e7b1dcef9d.jpg, 0, 0, 0, 0, 0, 0, 0, 0, 0, 0, 0, 0, 0, 0, 0, 1, 0, 0, 0, 0, 0, 0, 0, 0, 0, 0, 0, 0, 0, 0
Screen-Shot-2023-07-17-at-12-02-18-AM_png_jpg.rf.9ff0b34400d55d30105bef5ad868590d.jpg, 0, 0, 0, 0, 0, 0, 0, 0, 0, 0, 0, 0, 1, 0, 0, 0, 0, 0, 0, 0, 0, 0, 0, 0, 0, 0, 0, 0, 0, 0
a1-JPG17rot_jpg.rf.9effbf829910729b9538f162920e7aa5.jpg, 1, 0, 0, 0, 0, 0, 0, 0, 0, 0, 0, 0, 0, 0, 0, 0, 0, 0, 0, 0, 0, 0, 0, 0, 0, 0, 0, 0, 0, 0
Screen-Shot-2023-07-15-at-11-10-00-PM_png_jpg.rf.a029bd6b5d021b978efe905b36c047c5.jpg, 0, 0, 0, 0, 0, 0, 0, 0, 0, 1, 0, 0, 0, 0, 0, 0, 0, 0, 0, 0, 0, 0, 0, 0, 0, 0, 0, 0, 0, 0
Screen-Shot-2023-07-17-at-12-21-58-AM_png_jpg.rf.a04e51814e4cd64b7ef44f925a363460.jpg, 0, 0, 0, 0, 0, 0, 0, 0, 0, 0, 0, 0, 0, 0, 0, 0, 0, 0, 1, 0, 0, 0, 0, 0, 0, 0, 0, 0, 0, 0
Screen-Shot-2023-07-16-at-12-05-20-AM_png.rf.9fa7eb76ba4eb148490018692cb62050.jpg, 0, 0, 0, 0, 1, 0, 0, 0, 0, 0, 0, 0, 0, 0, 0, 0, 0, 0, 0, 0, 0, 0, 0, 0, 0, 0, 0, 0, 0, 0
Screen-Shot-2023-07-15-at-10-58-09-PM_png_jpg.rf.a014c453e0d2655abcc6c2fc3310b631.jpg, 0, 0, 1, 0, 0, 0, 0, 0, 0, 0, 0, 0, 0, 0, 0, 0, 0, 0, 0, 0, 0, 0, 0, 0, 0, 0, 0, 0, 0, 0
x1-JPG9whs_jpg.rf.a0d919c8c9606d8a3632d611613347c8.jpg, 0, 0, 0, 0, 0, 0, 0, 0, 0, 0, 0, 0, 0, 0, 0, 0, 0, 0, 0, 0, 0, 0, 0, 0, 0, 0, 0, 1, 0, 0
Screen-Shot-2023-07-16-at-12-16-54-PM_png_jpg.rf.a051a1c3ecf89a9d50b84d089c838a9b.jpg, 0, 0, 0, 0, 0, 0, 0, 0, 0, 0, 0, 0, 0, 0, 0, 0, 0, 0, 1, 0, 0, 0, 0, 0, 0, 0, 0, 0, 0, 0
Screen-Shot-2023-07-17-at-12-10-02-AM_png_jpg.rf.a047ed8efe8b9f8622645600fb30939c.jpg, 0, 0, 0, 0, 0, 0, 0, 0, 0, 0, 0, 0, 0, 0, 0, 0, 0, 0, 0, 1, 0, 0, 0, 0, 0, 0, 0, 0, 0, 0
Screen-Shot-2023-07-11-at-12-30-24-PM_png_jpg.rf.9f8b05deeec97d050a2b9132773bbf04.jpg, 0, 0, 0, 0, 0, 0, 0, 0, 0, 0, 0, 0, 0, 0, 0, 0, 0, 0, 0, 0, 1, 0, 0, 0, 0, 0, 0, 0, 0, 0
Screen-Shot-2023-07-16-at-12-02-54-AM_png_jpg.rf.a0d633ec9b0eb63a2e2f43e9cdfe6f8b.jpg, 0, 0, 0, 0, 0, 0, 0, 0, 0, 0, 0, 0, 0, 0, 0, 0, 0, 0, 0, 0, 0, 0, 0, 0, 0, 0, 0, 0, 0, 1
Screen-Shot-2023-07-16-at-11-50-52-PM_png.rf.a0ac259e04172830e3dbbb9659fe9d22.jpg, 0, 0, 0, 1, 0, 0, 0, 0, 0, 0, 0, 0, 0, 0, 0, 0, 0, 0, 0, 0, 0, 0, 0, 0, 0, 0, 0, 0, 0, 0
Screen-Shot-2023-07-15-at-11-23-41-PM_png_jpg.rf.9fcf06cbb6c032428e375f3bbe3706c8.jpg, 0, 0, 0, 0, 0, 0, 0, 0, 0, 0, 0, 0, 0, 0, 1, 0, 0, 0, 0, 0, 0, 0, 0, 0, 0, 0, 0, 0, 0, 0
Screen-Shot-2023-07-15-at-11-30-28-PM_png_jpg.rf.a0f380018d38dcfa8697aab7e48d0062.jpg, 0, 0, 0, 0, 0, 0, 0, 0, 0, 0, 0, 0, 0, 0, 0, 0, 1, 0, 0, 0, 0, 0, 0, 0, 0, 0, 0, 0, 0, 0
Screen-Shot-2023-07-17-at-12-15-07-AM_png_jpg.rf.a1063df083d8b0d127856f552688b36d.jpg, 0, 0, 0, 0, 0, 0, 0, 0, 0, 0, 0, 0, 0, 0, 0, 0, 0, 0, 0, 0, 0, 0, 0, 0, 0, 1, 0, 0, 0, 0
Screen-Shot-2023-07-16-at-11-52-45-PM_png_jpg.rf.a0bd1c2195cf2b15c241138446b3f75c.jpg, 0, 0, 0, 0, 0, 1, 0, 0, 0, 0, 0, 0, 0, 0, 0, 0, 0, 0, 0, 0, 0, 0, 0, 0, 0, 0, 0, 0, 0, 0
Screen-Shot-2023-07-17-at-12-08-22-AM_png_jpg.rf.a108f82dfe40343cbac1ec3c895f040d.jpg, 0, 0, 0, 0, 0, 0, 0, 0, 0, 0, 0, 0, 0, 0, 0, 0, 1, 0, 0, 0, 0, 0, 0, 0, 0, 0, 0, 0, 0, 0
Screen-Shot-2023-07-15-at-10-58-29-PM_png_jpg.rf.a0ebdf6946add5a88bc9953d25f18922.jpg, 0, 0, 1, 0, 0, 0, 0, 0, 0, 0, 0, 0, 0, 0, 0, 0, 0, 0, 0, 0, 0, 0, 0, 0, 0, 0, 0, 0, 0, 0
p1-JPG17whs_jpg.rf.a040da07311c8c40cb2a551d3a415422.jpg, 0, 0, 0, 0, 0, 0, 0, 0, 0, 0, 0, 0, 0, 0, 0, 0, 0, 1, 0, 0, 0, 0, 0, 0, 0, 0, 0, 0, 0, 0
Screen-Shot-2023-07-16-at-11-59-32-PM_png_jpg.rf.9f6b9a7fc82415ccf004e7de42c1876a.jpg, 0, 0, 0, 0, 0, 0, 0, 0, 0, 1, 0, 0, 0, 0, 0, 0, 0, 0, 0, 0, 0, 0, 0, 0, 0, 0, 0, 0, 0, 0
y1-JPG4dim_jpg.rf.a1faca26b21dfb9c77ff0ec00d7288bf.jpg, 0, 0, 0, 0, 0, 0, 0, 0, 0, 0, 0, 0, 0, 0, 0, 0, 0, 0, 0, 0, 0, 0, 0, 0, 0, 0, 0, 0, 1, 0
Screen-Shot-2023-07-17-at-12-18-54-AM_png_jpg.rf.9f942a3f846e08ea9a807b12b7452470.jpg, 0, 0, 0, 0, 0, 0, 0, 0, 0, 0, 0, 0, 0, 0, 0, 0, 0, 0, 0, 0, 0, 0, 0, 0, 0, 0, 0, 0, 0, 1
Screen-Shot-2023-07-15-at-11-59-15-PM_png_jpg.rf.a2113ff8992eff8257588cdca8cc9492.jpg, 0, 0, 0, 0, 0, 0, 0, 0, 0, 0, 0, 0, 0, 0, 0, 0, 0, 0, 0, 0, 0, 0, 0, 0, 0, 0, 0, 1, 0, 0
g1-JPG0whs_jpg.rf.a21e871dd041673a7ca9e6900f8f7bbf.jpg, 0, 0, 0, 0, 0, 0, 0, 0, 1, 0, 0, 0, 0, 0, 0, 0, 0, 0, 0, 0, 0, 0, 0, 0, 0, 0, 0, 0, 0, 0
Screen-Shot-2023-07-15-at-11-36-25-PM_png_jpg.rf.a1d4585ecab042307e348524f8912610.jpg, 0, 0, 0, 0, 0, 0, 0, 0, 0, 0, 0, 0, 0, 0, 0, 0, 0, 0, 0, 1, 0, 0, 0, 0, 0, 0, 0, 0, 0, 0
b1-JPG6whs_jpg.rf.a1123fe9bbb526bc33e92cb232642bec.jpg, 0, 0, 1, 0, 0, 0, 0, 0, 0, 0, 0, 0, 0, 0, 0, 0, 0, 0, 0, 0, 0, 0, 0, 0, 0, 0, 0, 0, 0, 0
d1-JPG19whs_jpg.rf.a1eb6e92b283d1cc8ae85b685070c52f.jpg, 0, 0, 0, 0, 0, 1, 0, 0, 0, 0, 0, 0, 0, 0, 0, 0, 0, 0, 0, 0, 0, 0, 0, 0, 0, 0, 0, 0, 0, 0
Screen-Shot-2023-07-16-at-12-00-26-AM_png_jpg.rf.a00379fbd7c08c93d056fab3a2f7e5e4.jpg, 0, 0, 0, 0, 0, 0, 0, 0, 0, 0, 0, 0, 0, 0, 0, 0, 0, 0, 0, 0, 0, 0, 0, 0, 0, 0, 0, 1, 0, 0
Screen-Shot-2023-07-17-at-12-12-43-AM_png_jpg.rf.a29534a0adf81449286ff6ceb6445469.jpg, 0, 0, 0, 0, 0, 0, 0, 0, 0, 0, 0, 0, 0, 0, 0, 0, 0, 0, 0, 0, 0, 0, 0, 1, 0, 0, 0, 0, 0, 0
a1-JPG0whs_jpg.rf.a1cad86aca31b2dedd7706a3339c3c19.jpg, 1, 0, 0, 0, 0, 0, 0, 0, 0, 0, 0, 0, 0, 0, 0, 0, 0, 0, 0, 0, 0, 0, 0, 0, 0, 0, 0, 0, 0, 0
Screen-Shot-2023-07-16-at-11-43-16-PM_png_jpg.rf.a15904d4b85483fffa1da6d323ee2bfe.jpg, 0, 1, 0, 0, 0, 0, 0, 0, 0, 0, 0, 0, 0, 0, 0, 0, 0, 0, 0, 0, 0, 0, 0, 0, 0, 0, 0, 0, 0, 0
Screen-Shot-2023-07-15-at-11-36-25-PM_png.rf.a29cd54d16e92e05077949c75bdec169.jpg, 0, 0, 0, 0, 0, 0, 0, 0, 0, 0, 0, 0, 0, 0, 0, 0, 0, 0, 0, 1, 0, 0, 0, 0, 0, 0, 0, 0, 0, 0
Screen-Shot-2023-07-16-at-12-01-32-AM_png.rf.a05a614a58268569bf723974f9a6a27d.jpg, 0, 0, 0, 0, 0, 0, 0, 0, 0, 0, 0, 0, 0, 0, 0, 0, 0, 0, 0, 0, 0, 0, 0, 0, 0, 0, 0, 0, 1, 0
Screen-Shot-2023-07-15-at-11-34-43-PM_png_jpg.rf.a2c069b67ede780546328ab643744bb5.jpg, 0, 0, 0, 0, 0, 0, 0, 0, 0, 0, 0, 0, 0, 0, 0, 0, 0, 0, 0, 1, 0, 0, 0, 0, 0, 0, 0, 0, 0, 0
Screen-Shot-2023-07-15-at-10-51-06-PM_png_jpg.rf.a32cc44e54e964b1da3dc9907d61e65c.jpg, 0, 0, 0, 0, 0, 0, 0, 1, 0, 0, 0, 0, 0, 0, 0, 0, 0, 0, 0, 0, 0, 0, 0, 0, 0, 0, 0, 0, 0, 0
Screen-Shot-2023-07-17-at-12-01-48-AM_png_jpg.rf.a32efe150da58ed50a370c802d0f0a4c.jpg, 0, 0, 0, 0, 0, 0, 0, 0, 0, 0, 0, 1, 0, 0, 0, 0, 0, 0, 0, 0, 0, 0, 0, 0, 0, 0, 0, 0, 0, 0
Screen-Shot-2023-07-17-at-12-10-33-AM_png_jpg.rf.a3d83398126453d79158b623f9a587e1.jpg, 0, 0, 0, 0, 0, 0, 0, 0, 0, 0, 0, 0, 0, 0, 0, 0, 0, 0, 0, 1, 0, 0, 0, 0, 0, 0, 0, 0, 0, 0
Screen-Shot-2023-07-16-at-11-53-19-PM_png_jpg.rf.a37d1da251f833715679867fa5917229.jpg, 0, 0, 0, 0, 0, 1, 0, 0, 0, 0, 0, 0, 0, 0, 0, 0, 0, 0, 0, 0, 0, 0, 0, 0, 0, 0, 0, 0, 0, 0
Screen-Shot-2023-07-17-at-12-02-18-AM_png_jpg.rf.a33f37ca146f0d47f8bf7631d950222f.jpg, 0, 0, 0, 0, 0, 0, 0, 0, 0, 0, 0, 0, 1, 0, 0, 0, 0, 0, 0, 0, 0, 0, 0, 0, 0, 0, 0, 0, 0, 0
Screen-Shot-2023-07-15-at-11-10-37-PM_png.rf.a2d61b42c713393adbb2849683f27eab.jpg, 0, 0, 0, 0, 0, 0, 0, 0, 0, 1, 0, 0, 0, 0, 0, 0, 0, 0, 0, 0, 0, 0, 0, 0, 0, 0, 0, 0, 0, 0
i1-JPG17rot_jpg.rf.a39f4e7f87a8bc9586d7d4f5eec7be65.jpg, 0, 0, 0, 0, 0, 0, 0, 0, 0, 0, 1, 0, 0, 0, 0, 0, 0, 0, 0, 0, 0, 0, 0, 0, 0, 0, 0, 0, 0, 0
Screen-Shot-2023-07-16-at-12-01-39-AM_png_jpg.rf.a3a89e348e9cd585e97e90dc3c6c399b.jpg, 0, 0, 0, 0, 0, 0, 0, 0, 0, 0, 0, 0, 0, 0, 0, 0, 0, 0, 0, 0, 0, 0, 0, 0, 0, 0, 0, 0, 1, 0
Screen-Shot-2023-07-17-at-12-06-13-AM_png_jpg.rf.a35dda67249a4bd8125009711cfc67f2.jpg, 0, 0, 0, 0, 0, 0, 0, 0, 0, 0, 0, 0, 0, 0, 1, 0, 0, 0, 0, 0, 0, 0, 0, 0, 0, 0, 0, 0, 0, 0
Screen-Shot-2023-07-15-at-11-43-50-PM-copy_png_jpg.rf.a3b6b4c85f3d2f2307151c1a2f04a131.jpg, 0, 0, 0, 0, 0, 0, 0, 0, 0, 0, 0, 0, 0, 0, 0, 0, 0, 0, 0, 0, 0, 0, 1, 0, 0, 0, 0, 0, 0, 0
Screen-Shot-2023-07-15-at-11-59-45-PM_png_jpg.rf.a36132c9bd7df922f49a344798ad3fc2.jpg, 0, 0, 0, 0, 0, 0, 0, 0, 0, 0, 0, 0, 0, 0, 0, 0, 0, 0, 0, 0, 0, 0, 0, 0, 0, 0, 0, 1, 0, 0
Screen-Shot-2023-07-15-at-11-01-07-PM_png_jpg.rf.a40826f37a5076bda19e0389e228e06b.jpg, 0, 0, 0, 1, 0, 0, 0, 0, 0, 0, 0, 0, 0, 0, 0, 0, 0, 0, 0, 0, 0, 0, 0, 0, 0, 0, 0, 0, 0, 0
Screen-Shot-2023-07-15-at-11-09-53-PM_png_jpg.rf.a3e39b413d77e7479c5b8beebc60ea56.jpg, 0, 0, 0, 0, 0, 0, 0, 0, 0, 1, 0, 0, 0, 0, 0, 0, 0, 0, 0, 0, 0, 0, 0, 0, 0, 0, 0, 0, 0, 0
u1-JPG7whs_jpg.rf.a402057764a5da20d186b8d3d2a5a984.jpg, 0, 0, 0, 0, 0, 0, 0, 0, 0, 0, 0, 0, 0, 0, 0, 0, 0, 0, 0, 0, 0, 0, 0, 0, 1, 0, 0, 0, 0, 0
Screen-Shot-2023-07-17-at-12-00-56-AM_png_jpg.rf.a4251c74812d745b96e56f98892ce8ca.jpg, 0, 0, 0, 0, 0, 0, 0, 0, 0, 0, 1, 0, 0, 0, 0, 0, 0, 0, 0, 0, 0, 0, 0, 0, 0, 0, 0, 0, 0, 0
Screen-Shot-2023-07-15-at-11-20-16-PM_png.rf.a408499fe6c327732f6c145c23bbc24b.jpg, 0, 0, 0, 0, 0, 0, 0, 0, 0, 0, 0, 0, 0, 1, 0, 0, 0, 0, 0, 0, 0, 0, 0, 0, 0, 0, 0, 0, 0, 0
Screen-Shot-2023-07-15-at-11-28-48-PM_png_jpg.rf.a43d4dae91bbcb9164c6a2da01208573.jpg, 0, 0, 0, 0, 0, 0, 0, 0, 0, 0, 0, 0, 0, 0, 0, 0, 1, 0, 0, 0, 0, 0, 0, 0, 0, 0, 0, 0, 0, 0
a1-JPG11dim_jpg.rf.a3dde77b8543f3d209acb1a198906acd.jpg, 1, 0, 0, 0, 0, 0, 0, 0, 0, 0, 0, 0, 0, 0, 0, 0, 0, 0, 0, 0, 0, 0, 0, 0, 0, 0, 0, 0, 0, 0
Screen-Shot-2023-07-15-at-11-08-25-PM_png_jpg.rf.a2b84b9bc8fbce6cd4a1f613af78aa8a.jpg, 0, 0, 0, 0, 0, 0, 0, 0, 1, 0, 0, 0, 0, 0, 0, 0, 0, 0, 0, 0, 0, 0, 0, 0, 0, 0, 0, 0, 0, 0
Screen-Shot-2023-07-17-at-12-17-41-AM_png.rf.a430ce6564f24507f5cd9f0d5c89ac6c.jpg, 0, 0, 0, 0, 0, 0, 0, 0, 0, 0, 0, 0, 0, 0, 0, 0, 0, 0, 0, 0, 0, 0, 0, 0, 0, 0, 0, 0, 1, 0
Screen-Shot-2023-07-17-at-12-02-18-AM_png_jpg.rf.a47ea8d47c24fc6a449062d4d080a1ab.jpg, 0, 0, 0, 0, 0, 0, 0, 0, 0, 0, 0, 0, 1, 0, 0, 0, 0, 0, 0, 0, 0, 0, 0, 0, 0, 0, 0, 0, 0, 0
Screen-Shot-2023-07-17-at-12-12-59-AM_png_jpg.rf.a43f39a9973321e68100cea7974b2a81.jpg, 0, 0, 0, 0, 0, 0, 0, 0, 0, 0, 0, 0, 0, 0, 0, 0, 0, 0, 0, 0, 0, 0, 0, 1, 0, 0, 0, 0, 0, 0
Screen-Shot-2023-07-17-at-12-20-33-AM_png_jpg.rf.a4a99eb16331aa2785f0725fc9b576bb.jpg, 0, 0, 0, 0, 1, 0, 0, 0, 0, 0, 0, 0, 0, 0, 0, 0, 0, 0, 0, 0, 0, 0, 0, 0, 0, 0, 0, 0, 0, 0
t1-JPG19dim_jpg.rf.a4263ade51bbcc5c1c39fdb7822921a0.jpg, 0, 0, 0, 0, 0, 0, 0, 0, 0, 0, 0, 0, 0, 0, 0, 0, 0, 0, 0, 0, 0, 0, 0, 1, 0, 0, 0, 0, 0, 0
z1-JPG2rot_jpg.rf.a5190bf0492f5c57c91ff847d02d280a.jpg, 0, 0, 0, 0, 0, 0, 0, 0, 0, 0, 0, 0, 0, 0, 0, 0, 0, 0, 0, 0, 0, 0, 0, 0, 0, 0, 0, 0, 0, 1
Screen-Shot-2023-07-15-at-11-56-06-PM_png.rf.a158948ce6552d4fae17c0ca0d40186d.jpg, 0, 0, 0, 0, 0, 0, 0, 0, 0, 0, 0, 0, 0, 0, 0, 0, 0, 0, 0, 0, 0, 0, 0, 0, 0, 1, 0, 0, 0, 0
Screen-Shot-2023-07-17-at-12-11-51-AM_png_jpg.rf.a40bb8a1b4bf0a66d3da2b21127d5adb.jpg, 0, 0, 0, 0, 0, 0, 0, 0, 0, 0, 0, 0, 0, 0, 0, 0, 0, 0, 0, 0, 0, 0, 1, 0, 0, 0, 0, 0, 0, 0
Screen-Shot-2023-07-16-at-12-02-01-AM_png_jpg.rf.a44440a635d3228b27a6263ea3cd8c8f.jpg, 0, 0, 0, 0, 0, 0, 0, 0, 0, 0, 0, 0, 0, 0, 0, 0, 0, 0, 0, 0, 0, 0, 0, 0, 0, 0, 0, 0, 1, 0
Screen-Shot-2023-07-15-at-11-12-32-PM_png_jpg.rf.a5b8f36c32e03f3287ac5125143a6450.jpg, 0, 0, 0, 0, 0, 0, 0, 0, 0, 0, 1, 0, 0, 0, 0, 0, 0, 0, 0, 0, 0, 0, 0, 0, 0, 0, 0, 0, 0, 0
Screen-Shot-2023-07-16-at-11-58-18-PM_png_jpg.rf.a4956dbc0ed519692280946e8fb426f1.jpg, 0, 0, 0, 0, 0, 0, 0, 0, 1, 0, 0, 0, 0, 0, 0, 0, 0, 0, 0, 0, 0, 0, 0, 0, 0, 0, 0, 0, 0, 0
n1-JPG11rot_jpg.rf.a40f5647eac81bcb2e8f50a3d9570597.jpg, 0, 0, 0, 0, 0, 0, 0, 0, 0, 0, 0, 0, 0, 0, 0, 1, 0, 0, 0, 0, 0, 0, 0, 0, 0, 0, 0, 0, 0, 0
Screen-Shot-2023-07-15-at-11-14-24-PM_png_jpg.rf.a5a61388c41df822fd684915cee7c90b.jpg, 0, 0, 0, 0, 0, 0, 0, 0, 0, 0, 0, 1, 0, 0, 0, 0, 0, 0, 0, 0, 0, 0, 0, 0, 0, 0, 0, 0, 0, 0
Screen-Shot-2023-07-15-at-11-03-54-PM_png_jpg.rf.a4845edcd6d101a1427102236b1f6e6c.jpg, 0, 0, 0, 0, 0, 1, 0, 0, 0, 0, 0, 0, 0, 0, 0, 0, 0, 0, 0, 0, 0, 0, 0, 0, 0, 0, 0, 0, 0, 0
Screen-Shot-2023-07-17-at-12-13-49-AM_png_jpg.rf.a5ce9c4c7596460517ed53682a9cedd9.jpg, 0, 0, 0, 0, 0, 0, 0, 0, 0, 0, 0, 0, 0, 0, 0, 0, 0, 0, 0, 0, 0, 0, 0, 0, 1, 0, 0, 0, 0, 0
Screen-Shot-2023-07-15-at-11-47-57-PM_png_jpg.rf.a62a70ad8972b9c1f8c663dead39d946.jpg, 0, 0, 0, 0, 0, 0, 0, 0, 0, 0, 0, 0, 0, 0, 0, 0, 0, 0, 0, 0, 0, 0, 0, 0, 1, 0, 0, 0, 0, 0
a1-JPG4whs_jpg.rf.a4d563f4f38ad1a6f9222119adc410b1.jpg, 1, 0, 0, 0, 0, 0, 0, 0, 0, 0, 0, 0, 0, 0, 0, 0, 0, 0, 0, 0, 0, 0, 0, 0, 0, 0, 0, 0, 0, 0
Screen-Shot-2023-07-16-at-12-00-43-AM_png_jpg.rf.a4b63858d286e7bdcf1e98d7543a130a.jpg, 0, 0, 0, 0, 0, 0, 0, 0, 0, 0, 0, 0, 0, 0, 0, 0, 0, 0, 0, 0, 0, 0, 0, 0, 0, 0, 0, 0, 1, 0
Screen-Shot-2023-07-15-at-11-07-47-PM_png_jpg.rf.a5219dcbdd0f6c4dfb40063421c65192.jpg, 0, 0, 0, 0, 0, 0, 0, 0, 1, 0, 0, 0, 0, 0, 0, 0, 0, 0, 0, 0, 0, 0, 0, 0, 0, 0, 0, 0, 0, 0
b1-JPG1whs_jpg.rf.a5d1cfb41defcb18fb30aad481616550.jpg, 0, 0, 1, 0, 0, 0, 0, 0, 0, 0, 0, 0, 0, 0, 0, 0, 0, 0, 0, 0, 0, 0, 0, 0, 0, 0, 0, 0, 0, 0
Screen-Shot-2023-07-16-at-11-46-19-PM_png.rf.a5eb84c476a3d0fdcdb1657460510dce.jpg, 0, 1, 0, 0, 0, 0, 0, 0, 0, 0, 0, 0, 0, 0, 0, 0, 0, 0, 0, 0, 0, 0, 0, 0, 0, 0, 0, 0, 0, 0
d1-JPG7whs_jpg.rf.a68407dc50896857adee295f1e1207b6.jpg, 0, 0, 0, 0, 0, 1, 0, 0, 0, 0, 0, 0, 0, 0, 0, 0, 0, 0, 0, 0, 0, 0, 0, 0, 0, 0, 0, 0, 0, 0
v1-JPG5rot_jpg.rf.a651ac5563dc93346d0a3850560b85b9.jpg, 0, 0, 0, 0, 0, 0, 0, 0, 0, 0, 0, 0, 0, 0, 0, 0, 0, 0, 0, 0, 0, 0, 0, 0, 0, 1, 0, 0, 0, 0
Screen-Shot-2023-07-15-at-11-20-36-PM_png_jpg.rf.a649f9f4e12b88665afd9e078ac3c458.jpg, 0, 0, 0, 0, 0, 0, 0, 0, 0, 0, 0, 0, 0, 1, 0, 0, 0, 0, 0, 0, 0, 0, 0, 0, 0, 0, 0, 0, 0, 0
Screen-Shot-2023-07-16-at-12-03-05-AM_png_jpg.rf.a64cdaac1de0570d12d76d5b8b877045.jpg, 0, 0, 0, 0, 0, 0, 0, 0, 0, 0, 0, 0, 0, 0, 0, 0, 0, 0, 0, 0, 0, 0, 0, 0, 0, 0, 0, 0, 0, 1
z1-JPG15dim_jpg.rf.a64272c71d357633656aa446f1181a5a.jpg, 0, 0, 0, 0, 0, 0, 0, 0, 0, 0, 0, 0, 0, 0, 0, 0, 0, 0, 0, 0, 0, 0, 0, 0, 0, 0, 0, 0, 0, 1
Screen-Shot-2023-07-17-at-12-15-39-AM_png_jpg.rf.a54e7266ad54434fea3a2d63fac02a36.jpg, 0, 0, 0, 0, 0, 0, 0, 0, 0, 0, 0, 0, 0, 0, 0, 0, 0, 0, 0, 0, 0, 0, 0, 0, 0, 0, 1, 0, 0, 0
Screen-Shot-2023-07-16-at-12-05-20-AM_png_jpg.rf.a666f674190003996ec83024f366b86c.jpg, 0, 0, 0, 0, 1, 0, 0, 0, 0, 0, 0, 0, 0, 0, 0, 0, 0, 0, 0, 0, 0, 0, 0, 0, 0, 0, 0, 0, 0, 0
Screen-Shot-2023-07-15-at-11-48-52-PM-copy-2_png_jpg.rf.a6ea0443f745e12789bcb3378b5c5f85.jpg, 0, 0, 0, 0, 0, 0, 0, 0, 0, 0, 0, 0, 0, 0, 0, 0, 0, 0, 0, 0, 0, 0, 0, 0, 1, 0, 0, 0, 0, 0
Screen-Shot-2023-07-15-at-11-42-47-PM_png_jpg.rf.a64c65f9cd3a0a8e28d4a60d55fc3e86.jpg, 0, 0, 0, 0, 0, 0, 0, 0, 0, 0, 0, 0, 0, 0, 0, 0, 0, 0, 0, 0, 0, 0, 1, 0, 0, 0, 0, 0, 0, 0
Screen-Shot-2023-07-15-at-10-59-00-PM_png_jpg.rf.a6c55899952dfeb1272b5765bdd4529b.jpg, 0, 0, 1, 0, 0, 0, 0, 0, 0, 0, 0, 0, 0, 0, 0, 0, 0, 0, 0, 0, 0, 0, 0, 0, 0, 0, 0, 0, 0, 0
j1-JPG5whs_jpg.rf.a6b6956cd55494acad783c8de083c6fd.jpg, 0, 0, 0, 0, 0, 0, 0, 0, 0, 0, 0, 1, 0, 0, 0, 0, 0, 0, 0, 0, 0, 0, 0, 0, 0, 0, 0, 0, 0, 0
z1-JPG17rot_jpg.rf.a584625b87dc6ccad0f93c19f8856c96.jpg, 0, 0, 0, 0, 0, 0, 0, 0, 0, 0, 0, 0, 0, 0, 0, 0, 0, 0, 0, 0, 0, 0, 0, 0, 0, 0, 0, 0, 0, 1
Screen-Shot-2023-07-16-at-11-47-15-PM_png_jpg.rf.a718f58a378c3bd3829d8121aa3aa10e.jpg, 0, 0, 1, 0, 0, 0, 0, 0, 0, 0, 0, 0, 0, 0, 0, 0, 0, 0, 0, 0, 0, 0, 0, 0, 0, 0, 0, 0, 0, 0
Screen-Shot-2023-07-15-at-11-33-58-PM_png_jpg.rf.a6ed1ffdfcfbd5ab4c0d09e693c089d5.jpg, 0, 0, 0, 0, 0, 0, 0, 0, 0, 0, 0, 0, 0, 0, 0, 0, 0, 1, 0, 0, 0, 0, 0, 0, 0, 0, 0, 0, 0, 0
Screen-Shot-2023-07-17-at-12-18-28-AM_png_jpg.rf.a6d7ccd264c73639a4f01c1c1e2059e3.jpg, 0, 0, 0, 0, 0, 0, 0, 0, 0, 0, 0, 0, 0, 0, 0, 0, 0, 0, 0, 0, 0, 0, 0, 0, 0, 0, 0, 0, 0, 1
Screen-Shot-2023-07-15-at-11-08-17-PM_png_jpg.rf.a6e122709bb5c8b5adbaa4cf0523ecf4.jpg, 0, 0, 0, 0, 0, 0, 0, 0, 1, 0, 0, 0, 0, 0, 0, 0, 0, 0, 0, 0, 0, 0, 0, 0, 0, 0, 0, 0, 0, 0
p1-JPG17rot_jpg.rf.a7d0d8cba5959876c6ffe1feedbd38e1.jpg, 1, 0, 0, 0, 0, 0, 0, 0, 0, 0, 0, 0, 0, 0, 0, 0, 0, 0, 0, 0, 0, 0, 0, 0, 0, 0, 0, 0, 0, 0
Screen-Shot-2023-07-16-at-12-00-18-AM_png_jpg.rf.a63618adefa3fd36215e82968430b0f4.jpg, 0, 0, 0, 0, 0, 0, 0, 0, 0, 0, 0, 0, 0, 0, 0, 0, 0, 0, 0, 0, 0, 0, 0, 0, 0, 0, 0, 1, 0, 0
i1-JPG16whs_jpg.rf.a74063c95f39689229c2d60ae616e86c.jpg, 0, 0, 0, 0, 0, 0, 0, 0, 0, 0, 1, 0, 0, 0, 0, 0, 0, 0, 0, 0, 0, 0, 0, 0, 0, 0, 0, 0, 0, 0
Screen-Shot-2023-07-17-at-12-10-43-AM_png_jpg.rf.a775389e5e61fd43bae346230bee0bbc.jpg, 0, 0, 0, 0, 0, 0, 0, 0, 0, 0, 0, 0, 0, 0, 0, 0, 0, 0, 0, 1, 0, 0, 0, 0, 0, 0, 0, 0, 0, 0
Screen-Shot-2023-07-17-at-12-19-19-AM_png_jpg.rf.a7470b373adfb60befcf61bbd4fb448e.jpg, 0, 0, 0, 0, 1, 0, 0, 0, 0, 0, 0, 0, 0, 0, 0, 0, 0, 0, 0, 0, 0, 0, 0, 0, 0, 0, 0, 0, 0, 0
Screen-Shot-2023-07-17-at-12-12-21-AM_png_jpg.rf.a7780e6b0f773b194b7f0b2398384552.jpg, 0, 0, 0, 0, 0, 0, 0, 0, 0, 0, 0, 0, 0, 0, 0, 0, 0, 0, 0, 0, 0, 0, 1, 0, 0, 0, 0, 0, 0, 0
Screen-Shot-2023-07-17-at-12-16-02-AM_png_jpg.rf.a6a44e92d56108c978ef023455dce97f.jpg, 0, 0, 0, 0, 0, 0, 0, 0, 0, 0, 0, 0, 0, 0, 0, 0, 0, 0, 0, 0, 0, 0, 0, 0, 0, 0, 1, 0, 0, 0
Screen-Shot-2023-07-15-at-11-19-40-PM_png_jpg.rf.a7ff2031d30d76cd5be2e0200512d253.jpg, 0, 0, 0, 0, 0, 0, 0, 0, 0, 0, 0, 0, 0, 1, 0, 0, 0, 0, 0, 0, 0, 0, 0, 0, 0, 0, 0, 0, 0, 0
Screen-Shot-2023-07-16-at-11-59-24-PM_png_jpg.rf.a80b3876bd7b559fa9ddad92eaab6851.jpg, 0, 0, 0, 0, 0, 0, 0, 0, 0, 1, 0, 0, 0, 0, 0, 0, 0, 0, 0, 0, 0, 0, 0, 0, 0, 0, 0, 0, 0, 0
Screen-Shot-2023-07-15-at-11-55-05-PM_png_jpg.rf.a77d589f73d1ad05862805cbaea580d1.jpg, 0, 0, 0, 0, 0, 0, 0, 0, 0, 0, 0, 0, 0, 0, 0, 0, 0, 0, 0, 0, 0, 0, 0, 0, 0, 1, 0, 0, 0, 0
Screen-Shot-2023-07-16-at-12-01-16-AM_png_jpg.rf.a7d554b8c62d79bf5c25a27e9ea85102.jpg, 0, 0, 0, 0, 0, 0, 0, 0, 0, 0, 0, 0, 0, 0, 0, 0, 0, 0, 0, 0, 0, 0, 0, 0, 0, 0, 0, 0, 1, 0
Screen-Shot-2023-07-16-at-12-11-45-AM_png_jpg.rf.a808d7a8fde92710f6984133c8cc8d77.jpg, 0, 0, 0, 0, 0, 0, 0, 0, 0, 0, 0, 0, 0, 0, 0, 0, 0, 0, 0, 0, 1, 0, 0, 0, 0, 0, 0, 0, 0, 0
Screen-Shot-2023-07-15-at-10-56-00-PM_png_jpg.rf.a775be9dc91d2b8b2d884424868bd3d0.jpg, 0, 1, 0, 0, 0, 0, 0, 0, 0, 0, 0, 0, 0, 0, 0, 0, 0, 0, 0, 0, 0, 0, 0, 0, 0, 0, 0, 0, 0, 0
Screen-Shot-2023-07-15-at-11-08-08-PM_png_jpg.rf.a74b1e12755865b8188a91a8e3688e40.jpg, 0, 0, 0, 0, 0, 0, 0, 0, 1, 0, 0, 0, 0, 0, 0, 0, 0, 0, 0, 0, 0, 0, 0, 0, 0, 0, 0, 0, 0, 0
Screen-Shot-2023-07-15-at-11-41-33-PM_png_jpg.rf.a78de038e54262e88c00a59f77c31fa4.jpg, 0, 0, 0, 0, 0, 0, 0, 0, 0, 0, 0, 0, 0, 0, 0, 0, 0, 0, 0, 0, 0, 1, 0, 0, 0, 0, 0, 0, 0, 0
Screen-Shot-2023-07-15-at-11-28-20-PM_png_jpg.rf.a6b821a173dc17416682c90b741c7203.jpg, 0, 0, 0, 0, 0, 0, 0, 0, 0, 0, 0, 0, 0, 0, 0, 0, 1, 0, 0, 0, 0, 0, 0, 0, 0, 0, 0, 0, 0, 0
Screen-Shot-2023-07-16-at-11-58-25-PM_png.rf.a6ca00289d52daba813c387db896e8a0.jpg, 0, 0, 0, 0, 0, 0, 0, 0, 1, 0, 0, 0, 0, 0, 0, 0, 0, 0, 0, 0, 0, 0, 0, 0, 0, 0, 0, 0, 0, 0
Screen-Shot-2023-07-15-at-11-42-36-PM_png_jpg.rf.a8310eeee8a066c3e4a15316c276434b.jpg, 0, 0, 0, 0, 0, 0, 0, 0, 0, 0, 0, 0, 0, 0, 0, 0, 0, 0, 0, 0, 0, 0, 1, 0, 0, 0, 0, 0, 0, 0
v1-JPG7whs_jpg.rf.a810a14e9edee090710b3581677f432e.jpg, 0, 0, 0, 0, 0, 0, 0, 0, 0, 0, 0, 0, 0, 0, 0, 0, 0, 0, 0, 0, 0, 0, 0, 0, 0, 1, 0, 0, 0, 0
Screen-Shot-2023-07-15-at-10-47-29-PM_png_jpg.rf.a824d253cfa9bbbd356f171590626b20.jpg, 0, 1, 0, 0, 0, 0, 0, 0, 0, 0, 0, 0, 0, 0, 0, 0, 0, 0, 0, 0, 0, 0, 0, 0, 0, 0, 0, 0, 0, 0
Screen-Shot-2023-07-15-at-11-24-06-PM_png_jpg.rf.a84a45cf112fdd284c21020e923e72b1.jpg, 0, 0, 0, 0, 0, 0, 0, 0, 0, 0, 0, 0, 0, 0, 1, 0, 0, 0, 0, 0, 0, 0, 0, 0, 0, 0, 0, 0, 0, 0
Screen-Shot-2023-07-15-at-11-16-37-PM_png_jpg.rf.a78216def24c033e25f8f8092bc872b1.jpg, 0, 0, 0, 0, 0, 0, 0, 0, 0, 0, 0, 1, 0, 0, 0, 0, 0, 0, 0, 0, 0, 0, 0, 0, 0, 0, 0, 0, 0, 0
Screen-Shot-2023-07-15-at-11-07-06-PM_png_jpg.rf.a856ad24d5526a600e476eda98c4d1ae.jpg, 0, 0, 0, 0, 0, 0, 1, 0, 0, 0, 0, 0, 0, 0, 0, 0, 0, 0, 0, 0, 0, 0, 0, 0, 0, 0, 0, 0, 0, 0
Screen-Shot-2023-07-15-at-10-53-35-PM_png_jpg.rf.a768a0aa1e30adc7b4df81f189896764.jpg, 0, 0, 0, 0, 0, 0, 0, 1, 0, 0, 0, 0, 0, 0, 0, 0, 0, 0, 0, 0, 0, 0, 0, 0, 0, 0, 0, 0, 0, 0
Screen-Shot-2023-07-15-at-10-48-30-PM_png_jpg.rf.a86c2f97a976ae985e50d84bba1fc61b.jpg, 0, 0, 0, 0, 0, 1, 0, 0, 0, 0, 0, 0, 0, 0, 0, 0, 0, 0, 0, 0, 0, 0, 0, 0, 0, 0, 0, 0, 0, 0
Screen-Shot-2023-07-15-at-11-01-56-PM_png_jpg.rf.a84b1e50e3095953e4b244017404295d.jpg, 0, 0, 0, 1, 0, 0, 0, 0, 0, 0, 0, 0, 0, 0, 0, 0, 0, 0, 0, 0, 0, 0, 0, 0, 0, 0, 0, 0, 0, 0
Screen-Shot-2023-07-16-at-11-47-15-PM_png.rf.a86cd557090ade2fdffe24b09dbe041d.jpg, 0, 0, 1, 0, 0, 0, 0, 0, 0, 0, 0, 0, 0, 0, 0, 0, 0, 0, 0, 0, 0, 0, 0, 0, 0, 0, 0, 0, 0, 0
Screen-Shot-2023-07-16-at-12-03-54-AM_png_jpg.rf.a800eb571ff73d20f8d082dac3d18c11.jpg, 0, 0, 0, 0, 0, 0, 0, 0, 0, 0, 0, 0, 0, 0, 0, 0, 0, 0, 0, 0, 0, 0, 0, 0, 0, 0, 0, 0, 0, 1
Screen-Shot-2023-07-15-at-11-08-01-PM_png_jpg.rf.a8c5f2c53f075b4217d1e43ff7650191.jpg, 0, 0, 0, 0, 0, 0, 0, 0, 1, 0, 0, 0, 0, 0, 0, 0, 0, 0, 0, 0, 0, 0, 0, 0, 0, 0, 0, 0, 0, 0
Screen-Shot-2023-07-17-at-12-18-28-AM_png_jpg.rf.a84240fcdcc5f9c870a9acdfff0e1575.jpg, 0, 0, 0, 0, 0, 0, 0, 0, 0, 0, 0, 0, 0, 0, 0, 0, 0, 0, 0, 0, 0, 0, 0, 0, 0, 0, 0, 0, 0, 1
Screen-Shot-2023-07-15-at-11-00-46-PM_png_jpg.rf.a8b3ae01c26daa48c53209a4e32cc397.jpg, 0, 0, 0, 1, 0, 0, 0, 0, 0, 0, 0, 0, 0, 0, 0, 0, 0, 0, 0, 0, 0, 0, 0, 0, 0, 0, 0, 0, 0, 0
w1-JPG6rot_jpg.rf.a8b0238175e0456742b7af5a7cdf13a8.jpg, 0, 0, 0, 0, 0, 0, 0, 0, 0, 0, 0, 0, 0, 0, 0, 0, 0, 0, 0, 0, 0, 0, 0, 0, 0, 0, 1, 0, 0, 0
h1-JPG0whs_jpg.rf.a9406d5623774028c1d5901e44a9d718.jpg, 0, 0, 0, 0, 0, 0, 0, 0, 0, 1, 0, 0, 0, 0, 0, 0, 0, 0, 0, 0, 0, 0, 0, 0, 0, 0, 0, 0, 0, 0
Screen-Shot-2023-07-16-at-11-42-33-PM_png_jpg.rf.a961721c35da46f37620db4509bf19ed.jpg, 0, 1, 0, 0, 0, 0, 0, 0, 0, 0, 0, 0, 0, 0, 0, 0, 0, 0, 0, 0, 0, 0, 0, 0, 0, 0, 0, 0, 0, 0
Screen-Shot-2023-07-15-at-11-42-20-PM_png.rf.a8e604554c78c9a9c2a1c7e78e03f0b7.jpg, 0, 0, 0, 0, 0, 0, 0, 0, 0, 0, 0, 0, 0, 0, 0, 0, 0, 0, 0, 0, 0, 0, 1, 0, 0, 0, 0, 0, 0, 0
Screen-Shot-2023-07-15-at-10-56-29-PM_png.rf.a98a91e5eb8b94c07f8a89ee6a259f39.jpg, 0, 1, 0, 0, 0, 0, 0, 0, 0, 0, 0, 0, 0, 0, 0, 0, 0, 0, 0, 0, 0, 0, 0, 0, 0, 0, 0, 0, 0, 0
c1-JPG15rot_jpg.rf.a894afe40c1a4f1bca1d83a52441ef8c.jpg, 0, 0, 0, 1, 0, 0, 0, 0, 0, 0, 0, 0, 0, 0, 0, 0, 0, 0, 0, 0, 0, 0, 0, 0, 0, 0, 0, 0, 0, 0
d1-JPG0rot_jpg.rf.a876e145e309866dacb31eeecf9f5b8a.jpg, 0, 0, 0, 0, 0, 1, 0, 0, 0, 0, 0, 0, 0, 0, 0, 0, 0, 0, 0, 0, 0, 0, 0, 0, 0, 0, 0, 0, 0, 0
Screen-Shot-2023-07-15-at-10-59-30-PM_png.rf.a8a4318beb947c69c639c151298380c8.jpg, 0, 0, 1, 0, 0, 0, 0, 0, 0, 0, 0, 0, 0, 0, 0, 0, 0, 0, 0, 0, 0, 0, 0, 0, 0, 0, 0, 0, 0, 0
j1-JPG16whs_jpg.rf.a94cf68dd612f98f493cb3439681ba5b.jpg, 0, 0, 0, 0, 0, 0, 0, 0, 0, 0, 0, 1, 0, 0, 0, 0, 0, 0, 0, 0, 0, 0, 0, 0, 0, 0, 0, 0, 0, 0
Screen-Shot-2023-07-15-at-11-28-40-PM_png_jpg.rf.a9a766d9bd042c8a42c92621f2a551c0.jpg, 0, 0, 0, 0, 0, 0, 0, 0, 0, 0, 0, 0, 0, 0, 0, 0, 1, 0, 0, 0, 0, 0, 0, 0, 0, 0, 0, 0, 0, 0
Screen-Shot-2023-07-15-at-11-34-43-PM_png_jpg.rf.a8a2011506a9b3dff04d4c8591fb077e.jpg, 0, 0, 0, 0, 0, 0, 0, 0, 0, 0, 0, 0, 0, 0, 0, 0, 0, 0, 0, 1, 0, 0, 0, 0, 0, 0, 0, 0, 0, 0
q1-JPG17whs_jpg.rf.a96240b0483016175069f2efda0d2a43.jpg, 0, 0, 0, 0, 0, 0, 0, 0, 0, 0, 0, 0, 0, 0, 0, 0, 0, 0, 0, 1, 0, 0, 0, 0, 0, 0, 0, 0, 0, 0
m1-JPG17whs_jpg.rf.a8d0668666c5c841461a3d420f77c92b.jpg, 0, 0, 0, 0, 0, 0, 0, 0, 0, 0, 0, 0, 0, 0, 1, 0, 0, 0, 0, 0, 0, 0, 0, 0, 0, 0, 0, 0, 0, 0
Screen-Shot-2023-07-17-at-12-08-56-AM_png.rf.a918ccbaae3b9383a8e3b0d84b8a707d.jpg, 0, 0, 0, 0, 0, 0, 0, 0, 0, 0, 0, 0, 0, 0, 0, 0, 0, 1, 0, 0, 0, 0, 0, 0, 0, 0, 0, 0, 0, 0
p1-JPG2whs_jpg.rf.a9a9962ebfc8cbe41442aa58e2fda25d.jpg, 0, 0, 0, 0, 0, 0, 0, 0, 0, 0, 0, 0, 0, 0, 0, 0, 0, 1, 0, 0, 0, 0, 0, 0, 0, 0, 0, 0, 0, 0
Screen-Shot-2023-07-17-at-12-22-44-AM_png_jpg.rf.a964016f88d39749098fc41f8618c194.jpg, 0, 0, 0, 0, 0, 0, 0, 0, 0, 0, 0, 0, 0, 0, 0, 0, 0, 0, 0, 0, 1, 0, 0, 0, 0, 0, 0, 0, 0, 0
Screen-Shot-2023-07-15-at-11-59-15-PM_png_jpg.rf.a91c64da3497236d38c2ef285de66c2c.jpg, 0, 0, 0, 0, 0, 0, 0, 0, 0, 0, 0, 0, 0, 0, 0, 0, 0, 0, 0, 0, 0, 0, 0, 0, 0, 0, 0, 1, 0, 0
o1-JPG7whs_jpg.rf.aa28d5e3c37deaea0d5debeb33385ac7.jpg, 0, 0, 0, 0, 0, 0, 0, 0, 0, 0, 0, 0, 0, 0, 0, 0, 1, 0, 0, 0, 0, 0, 0, 0, 0, 0, 0, 0, 0, 0
Screen-Shot-2023-07-15-at-10-52-11-PM_png_jpg.rf.aa4e9660938ed0a3ca81dc6891354632.jpg, 0, 0, 0, 0, 0, 0, 0, 1, 0, 0, 0, 0, 0, 0, 0, 0, 0, 0, 0, 0, 0, 0, 0, 0, 0, 0, 0, 0, 0, 0
Screen-Shot-2023-07-15-at-10-57-11-PM_png_jpg.rf.aa542a75eadc303dec4edb58930f31ef.jpg, 0, 1, 0, 0, 0, 0, 0, 0, 0, 0, 0, 0, 0, 0, 0, 0, 0, 0, 0, 0, 0, 0, 0, 0, 0, 0, 0, 0, 0, 0
Screen-Shot-2023-07-16-at-11-42-48-PM_png_jpg.rf.aa39b73f19534b65175c5032201ea3ab.jpg, 0, 1, 0, 0, 0, 0, 0, 0, 0, 0, 0, 0, 0, 0, 0, 0, 0, 0, 0, 0, 0, 0, 0, 0, 0, 0, 0, 0, 0, 0
Screen-Shot-2023-07-15-at-11-15-09-PM_png_jpg.rf.a9b762063c90bba7dd4fc3314decca86.jpg, 0, 0, 0, 0, 0, 0, 0, 0, 0, 0, 0, 1, 0, 0, 0, 0, 0, 0, 0, 0, 0, 0, 0, 0, 0, 0, 0, 0, 0, 0
Screen-Shot-2023-07-17-at-12-14-51-AM_png_jpg.rf.aa987278ff6fe2fdf319ade8b371e088.jpg, 0, 0, 0, 0, 0, 0, 0, 0, 0, 0, 0, 0, 0, 0, 0, 0, 0, 0, 0, 0, 0, 0, 0, 0, 0, 1, 0, 0, 0, 0
y1-JPG18rot_jpg.rf.aaad0bdf6288a7110fe75d7cd49e2f42.jpg, 0, 0, 0, 0, 0, 0, 0, 0, 0, 0, 0, 0, 0, 0, 0, 0, 0, 0, 0, 0, 0, 0, 0, 0, 0, 0, 0, 0, 1, 0
z1-JPG14whs_jpg.rf.aac7ce6fde009d96d2d086dea6628ef1.jpg, 0, 0, 0, 0, 0, 0, 0, 0, 0, 0, 0, 0, 0, 0, 0, 0, 0, 0, 0, 0, 0, 0, 0, 0, 0, 0, 0, 0, 0, 1
Screen-Shot-2023-07-15-at-11-08-08-PM_png_jpg.rf.a86b8ab3c1b2fafbbf6aa2a2e52ea73f.jpg, 0, 0, 0, 0, 0, 0, 0, 0, 1, 0, 0, 0, 0, 0, 0, 0, 0, 0, 0, 0, 0, 0, 0, 0, 0, 0, 0, 0, 0, 0
Screen-Shot-2023-07-17-at-12-07-38-AM_png_jpg.rf.aab49750b0cc79c19c954a6a8f57b7dd.jpg, 0, 0, 0, 0, 0, 0, 0, 0, 0, 0, 0, 0, 0, 0, 0, 1, 0, 0, 0, 0, 0, 0, 0, 0, 0, 0, 0, 0, 0, 0
d1-JPG5whs_jpg.rf.aab4f3bea77a5b21f9dc3a4431f0de37.jpg, 0, 0, 0, 0, 0, 1, 0, 0, 0, 0, 0, 0, 0, 0, 0, 0, 0, 0, 0, 0, 0, 0, 0, 0, 0, 0, 0, 0, 0, 0
Screen-Shot-2023-07-16-at-11-50-52-PM_png_jpg.rf.aab53738346877777c80be887d11dc38.jpg, 0, 0, 0, 1, 0, 0, 0, 0, 0, 0, 0, 0, 0, 0, 0, 0, 0, 0, 0, 0, 0, 0, 0, 0, 0, 0, 0, 0, 0, 0
Screen-Shot-2023-07-15-at-11-55-05-PM_png.rf.aadfcfe9c9bcf7baf287b6f0ef443b7f.jpg, 0, 0, 0, 0, 0, 0, 0, 0, 0, 0, 0, 0, 0, 0, 0, 0, 0, 0, 0, 0, 0, 0, 0, 0, 0, 1, 0, 0, 0, 0
Screen-Shot-2023-07-15-at-11-09-30-PM-copy_png_jpg.rf.aaebc69fc8da276d592326e0131973f3.jpg, 0, 0, 0, 0, 0, 0, 0, 0, 1, 0, 0, 0, 0, 0, 0, 0, 0, 0, 0, 0, 0, 0, 0, 0, 0, 0, 0, 0, 0, 0
Screen-Shot-2023-07-15-at-11-37-01-PM_png_jpg.rf.aaed19e50b7cd7169237e32d8bf0ec41.jpg, 0, 0, 0, 0, 0, 0, 0, 0, 0, 0, 0, 0, 0, 0, 0, 0, 0, 0, 0, 1, 0, 0, 0, 0, 0, 0, 0, 0, 0, 0
Screen-Shot-2023-07-15-at-11-33-08-PM_png_jpg.rf.a94302fea129176dd66a72cec2e8202f.jpg, 0, 0, 0, 0, 0, 0, 0, 0, 0, 0, 0, 0, 0, 0, 0, 0, 0, 1, 0, 0, 0, 0, 0, 0, 0, 0, 0, 0, 0, 0
Screen-Shot-2023-07-16-at-11-52-36-PM_png_jpg.rf.aaf687dccdd88add9069a570bfef1cfd.jpg, 0, 0, 0, 0, 0, 1, 0, 0, 0, 0, 0, 0, 0, 0, 0, 0, 0, 0, 0, 0, 0, 0, 0, 0, 0, 0, 0, 0, 0, 0
c1-JPG13rot_jpg.rf.aae56b59680ba5d800b3c266c1364db6.jpg, 0, 0, 0, 1, 0, 0, 0, 0, 0, 0, 0, 0, 0, 0, 0, 0, 0, 0, 0, 0, 0, 0, 0, 0, 0, 0, 0, 0, 0, 0
Screen-Shot-2023-07-17-at-12-11-33-AM_png_jpg.rf.abf2e2143013d90ddcbfaf8f3bbb4a89.jpg, 0, 0, 0, 0, 0, 0, 0, 0, 0, 0, 0, 0, 0, 0, 0, 0, 0, 0, 0, 0, 0, 1, 0, 0, 0, 0, 0, 0, 0, 0
Screen-Shot-2023-07-15-at-11-17-36-PM_png_jpg.rf.ab451964ecf9ba61fb1a049593467986.jpg, 0, 0, 0, 0, 0, 0, 0, 0, 0, 0, 0, 0, 1, 0, 0, 0, 0, 0, 0, 0, 0, 0, 0, 0, 0, 0, 0, 0, 0, 0
Screen-Shot-2023-07-17-at-12-12-30-AM_png.rf.aa798dc1cbe6bdb82ebc1f7b75001092.jpg, 0, 0, 0, 0, 0, 0, 0, 0, 0, 0, 0, 0, 0, 0, 0, 0, 0, 0, 0, 0, 0, 0, 0, 1, 0, 0, 0, 0, 0, 0
Screen-Shot-2023-07-17-at-12-18-54-AM_png_jpg.rf.aa502c833931f2f2c381ed802f76e2fa.jpg, 0, 0, 0, 0, 0, 0, 0, 0, 0, 0, 0, 0, 0, 0, 0, 0, 0, 0, 0, 0, 0, 0, 0, 0, 0, 0, 0, 0, 0, 1
Screen-Shot-2023-07-16-at-11-43-22-PM_png.rf.ab762ace0dcbde983d38c4ea663760b9.jpg, 0, 1, 0, 0, 0, 0, 0, 0, 0, 0, 0, 0, 0, 0, 0, 0, 0, 0, 0, 0, 0, 0, 0, 0, 0, 0, 0, 0, 0, 0
Screen-Shot-2023-07-16-at-11-46-11-PM_png_jpg.rf.abef0b4fce7da1db548842ca1d742c93.jpg, 0, 1, 0, 0, 0, 0, 0, 0, 0, 0, 0, 0, 0, 0, 0, 0, 0, 0, 0, 0, 0, 0, 0, 0, 0, 0, 0, 0, 0, 0
j1-JPG1whs_jpg.rf.ac3b8309382cf3e33afd23c12610770e.jpg, 0, 0, 0, 0, 0, 0, 0, 0, 0, 0, 0, 1, 0, 0, 0, 0, 0, 0, 0, 0, 0, 0, 0, 0, 0, 0, 0, 0, 0, 0
k1-JPG0rot_jpg.rf.ab227b4e712094693191c81e0536b961.jpg, 0, 0, 0, 0, 0, 0, 0, 0, 0, 0, 0, 0, 1, 0, 0, 0, 0, 0, 0, 0, 0, 0, 0, 0, 0, 0, 0, 0, 0, 0
Screen-Shot-2023-07-17-at-12-07-20-AM_png_jpg.rf.ac47efe9272dbe7a0b243c8dd1038ba1.jpg, 0, 0, 0, 0, 0, 0, 0, 0, 0, 0, 0, 0, 0, 0, 0, 1, 0, 0, 0, 0, 0, 0, 0, 0, 0, 0, 0, 0, 0, 0
Screen-Shot-2023-07-15-at-10-53-22-PM_png_jpg.rf.ac4b90908ccfee310cecb938cf44bd37.jpg, 0, 0, 0, 0, 0, 0, 0, 1, 0, 0, 0, 0, 0, 0, 0, 0, 0, 0, 0, 0, 0, 0, 0, 0, 0, 0, 0, 0, 0, 0
f1-JPG5rot_jpg.rf.ab4c412844b2856216d50fc19a5bae5d.jpg, 1, 0, 0, 0, 0, 0, 0, 0, 0, 0, 0, 0, 0, 0, 0, 0, 0, 0, 0, 0, 0, 0, 0, 0, 0, 0, 0, 0, 0, 0
Screen-Shot-2023-07-17-at-12-18-20-AM_png_jpg.rf.abf5a312972f5fa3911666a8af22830b.jpg, 0, 0, 0, 0, 0, 0, 0, 0, 0, 0, 0, 0, 0, 0, 0, 0, 0, 0, 0, 0, 0, 0, 0, 0, 0, 0, 0, 0, 0, 1
Screen-Shot-2023-07-15-at-11-03-16-PM_png_jpg.rf.ac8629e1eb9edfb5bc824cf0303175d4.jpg, 0, 0, 0, 0, 0, 1, 0, 0, 0, 0, 0, 0, 0, 0, 0, 0, 0, 0, 0, 0, 0, 0, 0, 0, 0, 0, 0, 0, 0, 0
Screen-Shot-2023-07-15-at-10-51-36-PM_png_jpg.rf.ac0cd3bb5f4af83829cfe0c1f8887f0a.jpg, 0, 0, 0, 0, 0, 0, 0, 1, 0, 0, 0, 0, 0, 0, 0, 0, 0, 0, 0, 0, 0, 0, 0, 0, 0, 0, 0, 0, 0, 0
q1-JPG16dim_jpg.rf.ac49815a887a961e9844d0cfec8a3b4a.jpg, 0, 0, 0, 0, 0, 0, 0, 0, 0, 0, 0, 0, 0, 0, 0, 0, 0, 0, 0, 1, 0, 0, 0, 0, 0, 0, 0, 0, 0, 0
Screen-Shot-2023-07-17-at-12-10-02-AM_png_jpg.rf.ac49f7dab9f659e74860621fd3d1e31d.jpg, 0, 0, 0, 0, 0, 0, 0, 0, 0, 0, 0, 0, 0, 0, 0, 0, 0, 0, 0, 1, 0, 0, 0, 0, 0, 0, 0, 0, 0, 0
Screen-Shot-2023-07-15-at-10-54-46-PM_png_jpg.rf.ab350879282145eaef51eba5019ef9f1.jpg, 0, 1, 0, 0, 0, 0, 0, 0, 0, 0, 0, 0, 0, 0, 0, 0, 0, 0, 0, 0, 0, 0, 0, 0, 0, 0, 0, 0, 0, 0
Screen-Shot-2023-07-17-at-12-12-30-AM_png_jpg.rf.acf842423f721f160e71b3e5f51ef417.jpg, 0, 0, 0, 0, 0, 0, 0, 0, 0, 0, 0, 0, 0, 0, 0, 0, 0, 0, 0, 0, 0, 0, 0, 1, 0, 0, 0, 0, 0, 0
r1-JPG7rot_jpg.rf.acade3253bd7fb10bbe7210e6789325a.jpg, 0, 0, 0, 0, 0, 0, 0, 0, 0, 0, 0, 0, 0, 0, 0, 0, 0, 0, 0, 0, 0, 1, 0, 0, 0, 0, 0, 0, 0, 0
Screen-Shot-2023-07-17-at-12-13-22-AM_png_jpg.rf.acc79fb09d4f9eb31d4ba341460b6b3e.jpg, 0, 0, 0, 0, 0, 0, 0, 0, 0, 0, 0, 0, 0, 0, 0, 0, 0, 0, 0, 0, 0, 0, 0, 0, 1, 0, 0, 0, 0, 0
Screen-Shot-2023-07-17-at-12-08-40-AM_png_jpg.rf.ad2926045de0641b56d874aa295e0380.jpg, 0, 0, 0, 0, 0, 0, 0, 0, 0, 0, 0, 0, 0, 0, 0, 0, 0, 1, 0, 0, 0, 0, 0, 0, 0, 0, 0, 0, 0, 0
Screen-Shot-2023-07-15-at-11-48-02-PM_png.rf.ad501fd796df0d84f24d0a07f5209d54.jpg, 0, 0, 0, 0, 0, 0, 0, 0, 0, 0, 0, 0, 0, 0, 0, 0, 0, 0, 0, 0, 0, 0, 0, 0, 1, 0, 0, 0, 0, 0
Screen-Shot-2023-07-16-at-11-46-19-PM_png_jpg.rf.ad1ebe0059225808530ebfe1f02b5b2c.jpg, 0, 1, 0, 0, 0, 0, 0, 0, 0, 0, 0, 0, 0, 0, 0, 0, 0, 0, 0, 0, 0, 0, 0, 0, 0, 0, 0, 0, 0, 0
Screen-Shot-2023-07-16-at-11-48-02-PM_png_jpg.rf.ad3f3423182c4d3d8fbaa48b2fd245f7.jpg, 0, 0, 0, 1, 0, 0, 0, 0, 0, 0, 0, 0, 0, 0, 0, 0, 0, 0, 0, 0, 0, 0, 0, 0, 0, 0, 0, 0, 0, 0
Screen-Shot-2023-07-17-at-12-09-20-AM_png_jpg.rf.ac2f5fd389583b9fa4d6a5ab62673383.jpg, 0, 0, 0, 0, 0, 0, 0, 0, 0, 0, 0, 0, 0, 0, 0, 0, 0, 1, 0, 0, 0, 0, 0, 0, 0, 0, 0, 0, 0, 0
Screen-Shot-2023-07-15-at-11-14-17-PM_png_jpg.rf.ad756a66ed0028976cdc9c5039fbb743.jpg, 0, 0, 0, 0, 0, 0, 0, 0, 0, 0, 0, 1, 0, 0, 0, 0, 0, 0, 0, 0, 0, 0, 0, 0, 0, 0, 0, 0, 0, 0
r1-JPG9rot_jpg.rf.ad7a9e4a449749a57d5571cba2e065f3.jpg, 0, 0, 0, 0, 0, 0, 0, 0, 0, 0, 0, 0, 0, 0, 0, 0, 0, 0, 0, 0, 0, 1, 0, 0, 0, 0, 0, 0, 0, 0
f1-JPG19whs_jpg.rf.ad6e16a603cd8e7ff4d90d0ff2179b1f.jpg, 0, 0, 0, 0, 0, 0, 0, 1, 0, 0, 0, 0, 0, 0, 0, 0, 0, 0, 0, 0, 0, 0, 0, 0, 0, 0, 0, 0, 0, 0
Screen-Shot-2023-07-15-at-10-51-06-PM_png_jpg.rf.adacdb67de19bc375d978e010d8c9c6b.jpg, 0, 0, 0, 0, 0, 0, 0, 1, 0, 0, 0, 0, 0, 0, 0, 0, 0, 0, 0, 0, 0, 0, 0, 0, 0, 0, 0, 0, 0, 0
Screen-Shot-2023-07-15-at-11-27-40-PM-copy_png_jpg.rf.add810a7c4d3138393d42f1314c57786.jpg, 0, 0, 0, 0, 0, 0, 0, 0, 0, 0, 0, 0, 0, 0, 0, 1, 0, 0, 0, 0, 0, 0, 0, 0, 0, 0, 0, 0, 0, 0
Screen-Shot-2023-07-16-at-11-43-16-PM_png_jpg.rf.ade191ae2137f6316329ee02263676d0.jpg, 0, 1, 0, 0, 0, 0, 0, 0, 0, 0, 0, 0, 0, 0, 0, 0, 0, 0, 0, 0, 0, 0, 0, 0, 0, 0, 0, 0, 0, 0
Screen-Shot-2023-07-17-at-12-12-39-AM_png.rf.ae7f3fd4cbf7b8573cb64eb2b8b53b7f.jpg, 0, 0, 0, 0, 0, 0, 0, 0, 0, 0, 0, 0, 0, 0, 0, 0, 0, 0, 0, 0, 0, 0, 0, 1, 0, 0, 0, 0, 0, 0
u1-JPG0whs_jpg.rf.ae0bf78f5abb167cd2b855e430b49c06.jpg, 0, 0, 0, 0, 0, 0, 0, 0, 0, 0, 0, 0, 0, 0, 0, 0, 0, 0, 0, 0, 0, 0, 0, 0, 1, 0, 0, 0, 0, 0
Screen-Shot-2023-07-15-at-11-20-36-PM_png_jpg.rf.ad9c718d3df9ee1efabe041b3bf1e344.jpg, 0, 0, 0, 0, 0, 0, 0, 0, 0, 0, 0, 0, 0, 1, 0, 0, 0, 0, 0, 0, 0, 0, 0, 0, 0, 0, 0, 0, 0, 0
Screen-Shot-2023-07-15-at-11-56-39-PM_png_jpg.rf.aed2c15becfe30900c1262b290db2c72.jpg, 0, 0, 0, 0, 0, 0, 0, 0, 0, 0, 0, 0, 0, 0, 0, 0, 0, 0, 0, 0, 0, 0, 0, 0, 0, 0, 1, 0, 0, 0
Screen-Shot-2023-07-17-at-12-15-02-AM_png_jpg.rf.ae4cbbee2840f427b7a986bb08047727.jpg, 0, 0, 0, 0, 0, 0, 0, 0, 0, 0, 0, 0, 0, 0, 0, 0, 0, 0, 0, 0, 0, 0, 0, 0, 0, 1, 0, 0, 0, 0
Screen-Shot-2023-07-15-at-11-20-22-PM-copy_png_jpg.rf.ad6c5f256026e198ecab10029f68ca2a.jpg, 0, 0, 0, 0, 0, 0, 0, 0, 0, 0, 0, 0, 0, 1, 0, 0, 0, 0, 0, 0, 0, 0, 0, 0, 0, 0, 0, 0, 0, 0
Screen-Shot-2023-07-15-at-11-44-32-PM_png_jpg.rf.aec24a0c3d1e307e024e4f9cd8bce805.jpg, 0, 0, 0, 0, 0, 0, 0, 0, 0, 0, 0, 0, 0, 0, 0, 0, 0, 0, 0, 0, 0, 0, 0, 1, 0, 0, 0, 0, 0, 0
k1-JPG8dim_jpg.rf.af37ce742c0cd5b7b723e5bd1e3a4e34.jpg, 0, 0, 0, 0, 0, 0, 0, 0, 0, 0, 0, 0, 1, 0, 0, 0, 0, 0, 0, 0, 0, 0, 0, 0, 0, 0, 0, 0, 0, 0
Screen-Shot-2023-07-15-at-11-12-05-PM_png_jpg.rf.aef7e49ea39dc6a0a0f56a248dd3ad23.jpg, 0, 0, 0, 0, 0, 0, 0, 0, 0, 0, 1, 0, 0, 0, 0, 0, 0, 0, 0, 0, 0, 0, 0, 0, 0, 0, 0, 0, 0, 0
Screen-Shot-2023-07-17-at-12-16-13-AM_png_jpg.rf.aedf2dab1c140dc43284bc7601ecd952.jpg, 0, 0, 0, 0, 0, 0, 0, 0, 0, 0, 0, 0, 0, 0, 0, 0, 0, 0, 0, 0, 0, 0, 0, 0, 0, 0, 0, 1, 0, 0
Screen-Shot-2023-07-16-at-12-01-49-AM_png.rf.af59d032f8218e35d0c9334ca3d7721d.jpg, 0, 0, 0, 0, 0, 0, 0, 0, 0, 0, 0, 0, 0, 0, 0, 0, 0, 0, 0, 0, 0, 0, 0, 0, 0, 0, 0, 0, 1, 0
Screen-Shot-2023-07-15-at-11-23-26-PM_png_jpg.rf.ae1e0f6fcc6d296d32d018eb69656c34.jpg, 0, 0, 0, 0, 0, 0, 0, 0, 0, 0, 0, 0, 0, 0, 1, 0, 0, 0, 0, 0, 0, 0, 0, 0, 0, 0, 0, 0, 0, 0
Screen-Shot-2023-07-17-at-12-03-41-AM_png_jpg.rf.af28589b3b25a1c7289c298c72e68c68.jpg, 0, 0, 0, 0, 0, 0, 0, 0, 0, 0, 0, 0, 0, 1, 0, 0, 0, 0, 0, 0, 0, 0, 0, 0, 0, 0, 0, 0, 0, 0
Screen-Shot-2023-07-17-at-12-08-22-AM_png_jpg.rf.aefc9558b4ba95731e03c96c82ffbb85.jpg, 0, 0, 0, 0, 0, 0, 0, 0, 0, 0, 0, 0, 0, 0, 0, 0, 1, 0, 0, 0, 0, 0, 0, 0, 0, 0, 0, 0, 0, 0
Screen-Shot-2023-07-17-at-12-17-35-AM_png_jpg.rf.af56d52e8a194e013fd7ea37a70c81f1.jpg, 0, 0, 0, 0, 0, 0, 0, 0, 0, 0, 0, 0, 0, 0, 0, 0, 0, 0, 0, 0, 0, 0, 0, 0, 0, 0, 0, 0, 1, 0
p1-JPG3dim_jpg.rf.af6904b919b98c4c4e5a8bf47886a43b.jpg, 0, 0, 0, 0, 0, 0, 0, 0, 0, 0, 0, 0, 0, 0, 0, 0, 0, 1, 0, 0, 0, 0, 0, 0, 0, 0, 0, 0, 0, 0
Screen-Shot-2023-07-15-at-11-08-17-PM_png.rf.adf2335ad2f2d3ea82a0024f377dc5a2.jpg, 0, 0, 0, 0, 0, 0, 0, 0, 1, 0, 0, 0, 0, 0, 0, 0, 0, 0, 0, 0, 0, 0, 0, 0, 0, 0, 0, 0, 0, 0
Screen-Shot-2023-07-15-at-11-10-45-PM_png_jpg.rf.af723de98315a33c1fdff85d9f5f3b1a.jpg, 0, 0, 0, 0, 0, 0, 0, 0, 0, 1, 0, 0, 0, 0, 0, 0, 0, 0, 0, 0, 0, 0, 0, 0, 0, 0, 0, 0, 0, 0
Screen-Shot-2023-07-15-at-11-02-36-PM_png_jpg.rf.af885a46dd2e067fc20efaf8002b6fe4.jpg, 0, 0, 0, 0, 0, 1, 0, 0, 0, 0, 0, 0, 0, 0, 0, 0, 0, 0, 0, 0, 0, 0, 0, 0, 0, 0, 0, 0, 0, 0
Screen-Shot-2023-07-17-at-12-11-08-AM_png_jpg.rf.b0279c5bf56df7cae94287b5fc4e18e8.jpg, 0, 0, 0, 0, 0, 0, 0, 0, 0, 0, 0, 0, 0, 0, 0, 0, 0, 0, 0, 0, 0, 1, 0, 0, 0, 0, 0, 0, 0, 0
Screen-Shot-2023-07-15-at-10-50-51-PM_png_jpg.rf.afdf27110bee478fc556becf2238a257.jpg, 0, 0, 0, 0, 0, 0, 0, 1, 0, 0, 0, 0, 0, 0, 0, 0, 0, 0, 0, 0, 0, 0, 0, 0, 0, 0, 0, 0, 0, 0
Screen-Shot-2023-07-15-at-11-12-22-PM_png_jpg.rf.af3ae867105809f90728849aee6a657c.jpg, 0, 0, 0, 0, 0, 0, 0, 0, 0, 0, 1, 0, 0, 0, 0, 0, 0, 0, 0, 0, 0, 0, 0, 0, 0, 0, 0, 0, 0, 0
Screen-Shot-2023-07-16-at-11-50-27-PM_png_jpg.rf.afa2ee9d0893562d24ef14a7585eaab0.jpg, 0, 0, 0, 1, 0, 0, 0, 0, 0, 0, 0, 0, 0, 0, 0, 0, 0, 0, 0, 0, 0, 0, 0, 0, 0, 0, 0, 0, 0, 0
Screen-Shot-2023-07-15-at-11-26-33-PM_png_jpg.rf.b00043f6dddb48cfec3dd3ce46e1a9ad.jpg, 0, 0, 0, 0, 0, 0, 0, 0, 0, 0, 0, 0, 0, 0, 0, 1, 0, 0, 0, 0, 0, 0, 0, 0, 0, 0, 0, 0, 0, 0
Screen-Shot-2023-07-15-at-11-47-57-PM_png_jpg.rf.afaff826cbb8fa01b209194e40de8298.jpg, 0, 0, 0, 0, 0, 0, 0, 0, 0, 0, 0, 0, 0, 0, 0, 0, 0, 0, 0, 0, 0, 0, 0, 0, 1, 0, 0, 0, 0, 0
Screen-Shot-2023-07-17-at-12-11-15-AM_png_jpg.rf.b0731fe122c6d5f09cc758cf738a20ad.jpg, 0, 0, 0, 0, 0, 0, 0, 0, 0, 0, 0, 0, 0, 0, 0, 0, 0, 0, 0, 0, 0, 1, 0, 0, 0, 0, 0, 0, 0, 0
Screen-Shot-2023-07-15-at-11-12-05-PM_png_jpg.rf.aef656056a1849662bb7144e34750407.jpg, 0, 0, 0, 0, 0, 0, 0, 0, 0, 0, 1, 0, 0, 0, 0, 0, 0, 0, 0, 0, 0, 0, 0, 0, 0, 0, 0, 0, 0, 0
Screen-Shot-2023-07-15-at-11-14-17-PM_png_jpg.rf.af8c03fa537c9be376d2e147f2fc33ee.jpg, 0, 0, 0, 0, 0, 0, 0, 0, 0, 0, 0, 1, 0, 0, 0, 0, 0, 0, 0, 0, 0, 0, 0, 0, 0, 0, 0, 0, 0, 0
Screen-Shot-2023-07-15-at-11-43-50-PM-copy_png_jpg.rf.b03d1917522a0f98ee71e95243ea09de.jpg, 0, 0, 0, 0, 0, 0, 0, 0, 0, 0, 0, 0, 0, 0, 0, 0, 0, 0, 0, 0, 0, 0, 1, 0, 0, 0, 0, 0, 0, 0
s1-JPG12whs_jpg.rf.afdc22e3f59ab73f14686889817012e6.jpg, 0, 0, 0, 0, 0, 0, 0, 0, 0, 0, 0, 0, 0, 0, 0, 0, 0, 0, 0, 0, 0, 0, 1, 0, 0, 0, 0, 0, 0, 0
Screen-Shot-2023-07-16-at-12-01-32-AM_png_jpg.rf.affce3338c2619eedbfddde7e09a2440.jpg, 0, 0, 0, 0, 0, 0, 0, 0, 0, 0, 0, 0, 0, 0, 0, 0, 0, 0, 0, 0, 0, 0, 0, 0, 0, 0, 0, 0, 1, 0
Screen-Shot-2023-07-17-at-12-14-23-AM_png_jpg.rf.b03f6442d7d3d26825d3e2f63ed91d84.jpg, 0, 0, 0, 0, 0, 0, 0, 0, 0, 0, 0, 0, 0, 0, 0, 0, 0, 0, 0, 0, 0, 0, 0, 0, 0, 1, 0, 0, 0, 0
j1-JPG13dim_jpg.rf.ae17904e58c3053c318a3fe4ffac2f45.jpg, 0, 0, 0, 0, 0, 0, 0, 0, 0, 0, 0, 1, 0, 0, 0, 0, 0, 0, 0, 0, 0, 0, 0, 0, 0, 0, 0, 0, 0, 0
h1-JPG14dim_jpg.rf.b0f6aa2859ef4644705a9abbfa0e0e9a.jpg, 0, 0, 0, 0, 0, 0, 0, 0, 0, 1, 0, 0, 0, 0, 0, 0, 0, 0, 0, 0, 0, 0, 0, 0, 0, 0, 0, 0, 0, 0
Screen-Shot-2023-07-16-at-12-09-08-AM_png_jpg.rf.aee1ca210c433d87031c30312ba8ebaf.jpg, 0, 0, 0, 0, 0, 0, 0, 0, 0, 0, 0, 0, 0, 0, 0, 0, 0, 0, 0, 0, 1, 0, 0, 0, 0, 0, 0, 0, 0, 0
Screen-Shot-2023-07-17-at-12-07-02-AM_png_jpg.rf.b0a59b9dd1de7791b401a9da3a70ffb7.jpg, 0, 0, 0, 0, 0, 0, 0, 0, 0, 0, 0, 0, 0, 0, 0, 1, 0, 0, 0, 0, 0, 0, 0, 0, 0, 0, 0, 0, 0, 0
Screen-Shot-2023-07-15-at-11-12-32-PM_png_jpg.rf.b13326aaf77dc267509a772b15a6c998.jpg, 0, 0, 0, 0, 0, 0, 0, 0, 0, 0, 1, 0, 0, 0, 0, 0, 0, 0, 0, 0, 0, 0, 0, 0, 0, 0, 0, 0, 0, 0
Screen-Shot-2023-07-15-at-11-03-01-PM_png_jpg.rf.b14ba3cb697c1b9070d8180e937c935c.jpg, 0, 0, 0, 0, 0, 1, 0, 0, 0, 0, 0, 0, 0, 0, 0, 0, 0, 0, 0, 0, 0, 0, 0, 0, 0, 0, 0, 0, 0, 0
Screen-Shot-2023-07-17-at-12-09-26-AM_png.rf.b1525edf76423f83d1ca0c451643a561.jpg, 0, 0, 0, 0, 0, 0, 0, 0, 0, 0, 0, 0, 0, 0, 0, 0, 0, 1, 0, 0, 0, 0, 0, 0, 0, 0, 0, 0, 0, 0
Screen-Shot-2023-07-15-at-10-48-30-PM_png_jpg.rf.b14fa0273cbc810aff7c0a7e33242312.jpg, 0, 0, 0, 0, 0, 1, 0, 0, 0, 0, 0, 0, 0, 0, 0, 0, 0, 0, 0, 0, 0, 0, 0, 0, 0, 0, 0, 0, 0, 0
i1-JPG10rot_jpg.rf.b10bc56cbf7f5bc78f04562e1cc6393e.jpg, 1, 0, 0, 0, 0, 0, 0, 0, 0, 0, 0, 0, 0, 0, 0, 0, 0, 0, 0, 0, 0, 0, 0, 0, 0, 0, 0, 0, 0, 0
Screen-Shot-2023-07-15-at-11-43-50-PM-copy_png.rf.b180caaa070e7429200307a0c65f009e.jpg, 0, 0, 0, 0, 0, 0, 0, 0, 0, 0, 0, 0, 0, 0, 0, 0, 0, 0, 0, 0, 0, 0, 1, 0, 0, 0, 0, 0, 0, 0
Screen-Shot-2023-07-15-at-11-55-58-PM_png_jpg.rf.b1e7e2f948c2346d17a6a4a7b1950ddc.jpg, 0, 0, 0, 0, 0, 0, 0, 0, 0, 0, 0, 0, 0, 0, 0, 0, 0, 0, 0, 0, 0, 0, 0, 0, 0, 1, 0, 0, 0, 0
Screen-Shot-2023-07-17-at-12-03-03-AM_png_jpg.rf.b0b61d0c396d59b070e71059f7ae4e4a.jpg, 0, 0, 0, 0, 0, 0, 0, 0, 0, 0, 0, 0, 1, 0, 0, 0, 0, 0, 0, 0, 0, 0, 0, 0, 0, 0, 0, 0, 0, 0
i1-JPG12dim_jpg.rf.b182d72b4170b78da6ef7c5bfe5a0ae2.jpg, 0, 0, 0, 0, 0, 0, 0, 0, 0, 0, 1, 0, 0, 0, 0, 0, 0, 0, 0, 0, 0, 0, 0, 0, 0, 0, 0, 0, 0, 0
Screen-Shot-2023-07-17-at-12-12-21-AM_png_jpg.rf.b1c00653376ccea846bb56b63d35dc81.jpg, 0, 0, 0, 0, 0, 0, 0, 0, 0, 0, 0, 0, 0, 0, 0, 0, 0, 0, 0, 0, 0, 0, 1, 0, 0, 0, 0, 0, 0, 0
n1-JPG15rot_jpg.rf.b2db8e703b45ab9d137e5bb5d9632786.jpg, 0, 0, 0, 0, 0, 0, 0, 0, 0, 0, 0, 0, 0, 0, 0, 1, 0, 0, 0, 0, 0, 0, 0, 0, 0, 0, 0, 0, 0, 0
Screen-Shot-2023-07-15-at-10-58-39-PM_png_jpg.rf.b1a5af7a997140486cbeb13c934de951.jpg, 0, 0, 1, 0, 0, 0, 0, 0, 0, 0, 0, 0, 0, 0, 0, 0, 0, 0, 0, 0, 0, 0, 0, 0, 0, 0, 0, 0, 0, 0
Screen-Shot-2023-07-15-at-11-17-05-PM_png_jpg.rf.b147ab3cbbfc389fd820b7dfe949612f.jpg, 0, 0, 0, 0, 0, 0, 0, 0, 0, 0, 0, 0, 1, 0, 0, 0, 0, 0, 0, 0, 0, 0, 0, 0, 0, 0, 0, 0, 0, 0
Screen-Shot-2023-07-17-at-12-15-02-AM_png_jpg.rf.b2269e1c3a2940ae9058e1747426fa76.jpg, 0, 0, 0, 0, 0, 0, 0, 0, 0, 0, 0, 0, 0, 0, 0, 0, 0, 0, 0, 0, 0, 0, 0, 0, 0, 1, 0, 0, 0, 0
Screen-Shot-2023-07-15-at-11-34-07-PM_png.rf.b278deaf955e0f65dc52926091935af2.jpg, 0, 0, 0, 0, 0, 0, 0, 0, 0, 0, 0, 0, 0, 0, 0, 0, 0, 1, 0, 0, 0, 0, 0, 0, 0, 0, 0, 0, 0, 0
y1-JPG2rot_jpg.rf.b168b27ddb1b5e974d48f0bf524ac32c.jpg, 0, 0, 0, 0, 0, 0, 0, 0, 0, 0, 0, 0, 0, 0, 0, 0, 0, 0, 0, 0, 0, 0, 0, 0, 0, 0, 0, 0, 1, 0
Screen-Shot-2023-07-17-at-12-10-18-AM_png_jpg.rf.b19bf256be17e6db501d4e1c77856d44.jpg, 0, 0, 0, 0, 0, 0, 0, 0, 0, 0, 0, 0, 0, 0, 0, 0, 0, 0, 0, 1, 0, 0, 0, 0, 0, 0, 0, 0, 0, 0
Screen-Shot-2023-07-17-at-12-17-27-AM_png_jpg.rf.b0eac256f247efae9eb0308862880cd3.jpg, 0, 0, 0, 0, 0, 0, 0, 0, 0, 0, 0, 0, 0, 0, 0, 0, 0, 0, 0, 0, 0, 0, 0, 0, 0, 0, 0, 0, 1, 0
Screen-Shot-2023-07-15-at-11-33-29-PM_png_jpg.rf.b2819ef9bf1a1898705cbdbff5e1d9c1.jpg, 0, 0, 0, 0, 0, 0, 0, 0, 0, 0, 0, 0, 0, 0, 0, 0, 0, 1, 0, 0, 0, 0, 0, 0, 0, 0, 0, 0, 0, 0
Screen-Shot-2023-07-15-at-11-01-07-PM_png_jpg.rf.b1ff7cde40d7482cd6e413f512e3ee92.jpg, 0, 0, 0, 1, 0, 0, 0, 0, 0, 0, 0, 0, 0, 0, 0, 0, 0, 0, 0, 0, 0, 0, 0, 0, 0, 0, 0, 0, 0, 0
Screen-Shot-2023-07-15-at-11-11-28-PM-copy_png_jpg.rf.b1c0accfc1cbe46a60a16e868fd42142.jpg, 0, 0, 0, 0, 0, 0, 0, 0, 0, 1, 0, 0, 0, 0, 0, 0, 0, 0, 0, 0, 0, 0, 0, 0, 0, 0, 0, 0, 0, 0
Screen-Shot-2023-07-15-at-11-09-30-PM-copy_png_jpg.rf.b276b7b5a89b5a808e54eb413a87c1d5.jpg, 0, 0, 0, 0, 0, 0, 0, 0, 1, 0, 0, 0, 0, 0, 0, 0, 0, 0, 0, 0, 0, 0, 0, 0, 0, 0, 0, 0, 0, 0
e1-JPG1rot_jpg.rf.b2ee1015706bd72789bbb1cae15fba59.jpg, 0, 0, 0, 0, 0, 0, 1, 0, 0, 0, 0, 0, 0, 0, 0, 0, 0, 0, 0, 0, 0, 0, 0, 0, 0, 0, 0, 0, 0, 0
Screen-Shot-2023-07-15-at-10-59-00-PM_png_jpg.rf.b17b86a7357f3bf11be5e12c140a3d61.jpg, 0, 0, 1, 0, 0, 0, 0, 0, 0, 0, 0, 0, 0, 0, 0, 0, 0, 0, 0, 0, 0, 0, 0, 0, 0, 0, 0, 0, 0, 0
Screen-Shot-2023-07-15-at-11-35-01-PM_png_jpg.rf.b2edfdae52b056162d276626b1849a96.jpg, 0, 0, 0, 0, 0, 0, 0, 0, 0, 0, 0, 0, 0, 0, 0, 0, 0, 0, 0, 1, 0, 0, 0, 0, 0, 0, 0, 0, 0, 0
n1-JPG18whs_jpg.rf.b23c39f057f506ec751a01822b554c98.jpg, 0, 0, 0, 0, 0, 0, 0, 0, 0, 0, 0, 0, 0, 0, 0, 1, 0, 0, 0, 0, 0, 0, 0, 0, 0, 0, 0, 0, 0, 0
s1-JPG3rot_jpg.rf.b345267e40b26729ff4ce4e14ac8d93c.jpg, 0, 0, 0, 0, 0, 0, 0, 0, 0, 0, 0, 0, 0, 0, 0, 0, 0, 0, 0, 0, 0, 0, 1, 0, 0, 0, 0, 0, 0, 0
Screen-Shot-2023-07-15-at-11-35-07-PM_png_jpg.rf.b342d524958fc7dcee55700fa5fb8c32.jpg, 0, 0, 0, 0, 0, 0, 0, 0, 0, 0, 0, 0, 0, 0, 0, 0, 0, 0, 0, 1, 0, 0, 0, 0, 0, 0, 0, 0, 0, 0
e1-JPG11whs_jpg.rf.b08ae167efb0c7f09474ea7a807e5156.jpg, 0, 0, 0, 0, 0, 0, 1, 0, 0, 0, 0, 0, 0, 0, 0, 0, 0, 0, 0, 0, 0, 0, 0, 0, 0, 0, 0, 0, 0, 0
u1-JPG16dim_jpg.rf.b346e804f57543739c9cca52155772d5.jpg, 0, 0, 0, 0, 0, 0, 0, 0, 0, 0, 0, 0, 0, 0, 0, 0, 0, 0, 0, 0, 0, 0, 0, 0, 1, 0, 0, 0, 0, 0
Screen-Shot-2023-07-15-at-11-09-53-PM_png_jpg.rf.b3564e83ffa80359fb7e204d312cc746.jpg, 0, 0, 0, 0, 0, 0, 0, 0, 0, 1, 0, 0, 0, 0, 0, 0, 0, 0, 0, 0, 0, 0, 0, 0, 0, 0, 0, 0, 0, 0
u1-JPG14whs_jpg.rf.b37b9d84f1863d313d99b267d0451621.jpg, 0, 0, 0, 0, 0, 0, 0, 0, 0, 0, 0, 0, 0, 0, 0, 0, 0, 0, 0, 0, 0, 0, 0, 0, 1, 0, 0, 0, 0, 0
t1-JPG2whs_jpg.rf.b3aa1eb7af41d71fe753355dc5985b23.jpg, 0, 0, 0, 0, 0, 0, 0, 0, 0, 0, 0, 0, 0, 0, 0, 0, 0, 0, 0, 0, 0, 0, 0, 1, 0, 0, 0, 0, 0, 0
Screen-Shot-2023-07-17-at-12-07-14-AM_png_jpg.rf.b3a753317370b6971671534ad3a3e6f4.jpg, 0, 0, 0, 0, 0, 0, 0, 0, 0, 0, 0, 0, 0, 0, 0, 1, 0, 0, 0, 0, 0, 0, 0, 0, 0, 0, 0, 0, 0, 0
Screen-Shot-2023-07-17-at-12-16-48-AM_png_jpg.rf.b3954a8515b15e4209eab4e377221874.jpg, 0, 0, 0, 0, 0, 0, 0, 0, 0, 0, 0, 0, 0, 0, 0, 0, 0, 0, 0, 0, 0, 0, 0, 0, 0, 0, 0, 1, 0, 0
Screen-Shot-2023-07-15-at-11-24-24-PM_png_jpg.rf.b35a2ec92930f6d2acb1e43b6a796b5e.jpg, 0, 0, 0, 0, 0, 0, 0, 0, 0, 0, 0, 0, 0, 0, 1, 0, 0, 0, 0, 0, 0, 0, 0, 0, 0, 0, 0, 0, 0, 0
d1-JPG13rot_jpg.rf.b406c2c5344b8c25711e2b31aa706f5c.jpg, 0, 0, 0, 0, 0, 1, 0, 0, 0, 0, 0, 0, 0, 0, 0, 0, 0, 0, 0, 0, 0, 0, 0, 0, 0, 0, 0, 0, 0, 0
Screen-Shot-2023-07-16-at-12-09-57-AM_png_jpg.rf.b4488c735fc99a9e0092b6aae0ac3283.jpg, 0, 0, 0, 0, 0, 0, 0, 0, 0, 0, 0, 0, 0, 0, 0, 0, 0, 0, 0, 0, 1, 0, 0, 0, 0, 0, 0, 0, 0, 0
Screen-Shot-2023-07-16-at-12-10-32-AM_png_jpg.rf.b3e40e91456993d7138b7bc4083d5d3a.jpg, 0, 0, 0, 0, 0, 0, 0, 0, 0, 0, 0, 0, 0, 0, 0, 0, 0, 0, 0, 0, 1, 0, 0, 0, 0, 0, 0, 0, 0, 0
Screen-Shot-2023-07-15-at-10-50-02-PM_png.rf.b1bd7c209c339f0595bd326b9549b9b1.jpg, 0, 0, 0, 0, 0, 0, 0, 1, 0, 0, 0, 0, 0, 0, 0, 0, 0, 0, 0, 0, 0, 0, 0, 0, 0, 0, 0, 0, 0, 0
y1-JPG1whs_jpg.rf.b2efde49ec8d91b838b6f88b648fb7fe.jpg, 0, 0, 0, 0, 0, 0, 0, 0, 0, 0, 0, 0, 0, 0, 0, 0, 0, 0, 0, 0, 0, 0, 0, 0, 0, 0, 0, 0, 1, 0
Screen-Shot-2023-07-16-at-11-47-52-PM_png_jpg.rf.b3f40cb37b608d84135d095481f430b2.jpg, 0, 0, 1, 0, 0, 0, 0, 0, 0, 0, 0, 0, 0, 0, 0, 0, 0, 0, 0, 0, 0, 0, 0, 0, 0, 0, 0, 0, 0, 0
a1-JPG1whs_jpg.rf.b41cfdf3a752e0744ec778df95c45378.jpg, 0, 1, 0, 0, 0, 0, 0, 0, 0, 0, 0, 0, 0, 0, 0, 0, 0, 0, 0, 0, 0, 0, 0, 0, 0, 0, 0, 0, 0, 0
m1-JPG0whs_jpg.rf.b1f7e9cd8027b02aa6d1b84d36375c68.jpg, 0, 0, 0, 0, 0, 0, 0, 0, 0, 0, 0, 0, 0, 0, 1, 0, 0, 0, 0, 0, 0, 0, 0, 0, 0, 0, 0, 0, 0, 0
s1-JPG1rot_jpg.rf.b429c813591c193f550b5f285943ca7e.jpg, 0, 0, 0, 0, 0, 0, 0, 0, 0, 0, 0, 0, 0, 0, 0, 0, 0, 0, 0, 0, 0, 0, 1, 0, 0, 0, 0, 0, 0, 0
s1-JPG9whs_jpg.rf.b450f46cad5273e40958fce3527816e4.jpg, 0, 0, 0, 0, 0, 0, 0, 0, 0, 0, 0, 0, 0, 0, 0, 0, 0, 0, 0, 0, 0, 0, 1, 0, 0, 0, 0, 0, 0, 0
Screen-Shot-2023-07-15-at-11-16-37-PM_png_jpg.rf.b35d37b137b70cb95e303beda76856ef.jpg, 0, 0, 0, 0, 0, 0, 0, 0, 0, 0, 0, 1, 0, 0, 0, 0, 0, 0, 0, 0, 0, 0, 0, 0, 0, 0, 0, 0, 0, 0
Screen-Shot-2023-07-16-at-11-58-18-PM_png_jpg.rf.b3d8627f893b9d9a41200053d6c91fd7.jpg, 0, 0, 0, 0, 0, 0, 0, 0, 1, 0, 0, 0, 0, 0, 0, 0, 0, 0, 0, 0, 0, 0, 0, 0, 0, 0, 0, 0, 0, 0
Screen-Shot-2023-07-15-at-11-41-13-PM_png_jpg.rf.b45dd700a206fbc733514226101da55d.jpg, 0, 0, 0, 0, 0, 0, 0, 0, 0, 0, 0, 0, 0, 0, 0, 0, 0, 0, 0, 0, 0, 1, 0, 0, 0, 0, 0, 0, 0, 0
s1-JPG15dim_jpg.rf.b456c8602147c7907d81bbd741d6a846.jpg, 0, 0, 0, 0, 0, 0, 0, 0, 0, 0, 0, 0, 0, 0, 0, 0, 0, 0, 0, 0, 0, 0, 1, 0, 0, 0, 0, 0, 0, 0
Screen-Shot-2023-07-15-at-11-44-36-PM_png_jpg.rf.b440c5ff354362c5df01bfc26d3c1a7c.jpg, 0, 0, 0, 0, 0, 0, 0, 0, 0, 0, 0, 0, 0, 0, 0, 0, 0, 0, 0, 0, 0, 0, 0, 1, 0, 0, 0, 0, 0, 0
Screen-Shot-2023-07-15-at-10-52-11-PM_png_jpg.rf.b4afb44c5b0165d41b474babb0d75252.jpg, 0, 0, 0, 0, 0, 0, 0, 1, 0, 0, 0, 0, 0, 0, 0, 0, 0, 0, 0, 0, 0, 0, 0, 0, 0, 0, 0, 0, 0, 0
Screen-Shot-2023-07-15-at-11-00-27-PM_png_jpg.rf.b4950ee2a3c210a53c951fa76c559df3.jpg, 0, 0, 0, 1, 0, 0, 0, 0, 0, 0, 0, 0, 0, 0, 0, 0, 0, 0, 0, 0, 0, 0, 0, 0, 0, 0, 0, 0, 0, 0
Screen-Shot-2023-07-16-at-12-01-16-AM_png_jpg.rf.b46ac3a6a6b4fde51de80841ca0fe375.jpg, 0, 0, 0, 0, 0, 0, 0, 0, 0, 0, 0, 0, 0, 0, 0, 0, 0, 0, 0, 0, 0, 0, 0, 0, 0, 0, 0, 0, 1, 0
Screen-Shot-2023-07-15-at-11-42-36-PM_png_jpg.rf.b39a21e340b90247f4162702e8f87f1c.jpg, 0, 0, 0, 0, 0, 0, 0, 0, 0, 0, 0, 0, 0, 0, 0, 0, 0, 0, 0, 0, 0, 0, 1, 0, 0, 0, 0, 0, 0, 0
Screen-Shot-2023-07-16-at-12-09-52-AM_png_jpg.rf.b476defa4fabf2f92d5bf2053f5e3cc9.jpg, 0, 0, 0, 0, 0, 0, 0, 0, 0, 0, 0, 0, 0, 0, 0, 0, 0, 0, 0, 0, 1, 0, 0, 0, 0, 0, 0, 0, 0, 0
Screen-Shot-2023-07-17-at-12-05-50-AM_png_jpg.rf.b4605f46f6255cc483cecd48dbbffea8.jpg, 0, 0, 0, 0, 0, 0, 0, 0, 0, 0, 0, 0, 0, 0, 1, 0, 0, 0, 0, 0, 0, 0, 0, 0, 0, 0, 0, 0, 0, 0
Screen-Shot-2023-07-17-at-12-03-08-AM_png_jpg.rf.b52dd3b86874bb0ee0f035655b3bb8b6.jpg, 0, 0, 0, 0, 0, 0, 0, 0, 0, 0, 0, 0, 1, 0, 0, 0, 0, 0, 0, 0, 0, 0, 0, 0, 0, 0, 0, 0, 0, 0
Screen-Shot-2023-07-16-at-12-08-18-AM_png_jpg.rf.b4c811cab0225e94d01f439be1a85e83.jpg, 0, 0, 0, 0, 0, 0, 0, 0, 0, 0, 0, 0, 0, 0, 0, 0, 0, 0, 0, 0, 1, 0, 0, 0, 0, 0, 0, 0, 0, 0
b1-JPG12dim_jpg.rf.b53ce44d296c4cf388c864f34c4ef79b.jpg, 0, 0, 1, 0, 0, 0, 0, 0, 0, 0, 0, 0, 0, 0, 0, 0, 0, 0, 0, 0, 0, 0, 0, 0, 0, 0, 0, 0, 0, 0
Screen-Shot-2023-07-17-at-12-11-51-AM_png_jpg.rf.b44be81baa32c492131954af8ba42784.jpg, 0, 0, 0, 0, 0, 0, 0, 0, 0, 0, 0, 0, 0, 0, 0, 0, 0, 0, 0, 0, 0, 0, 1, 0, 0, 0, 0, 0, 0, 0
Screen-Shot-2023-07-15-at-11-13-54-PM_png_jpg.rf.b4bdc2ef049b63f3aa76af0d4ad97abb.jpg, 0, 0, 0, 0, 0, 0, 0, 0, 0, 0, 1, 0, 0, 0, 0, 0, 0, 0, 0, 0, 0, 0, 0, 0, 0, 0, 0, 0, 0, 0
e1-JPG14whs_jpg.rf.b4e9ba8308308586df18a6f7f23a0b8d.jpg, 0, 0, 0, 0, 0, 0, 1, 0, 0, 0, 0, 0, 0, 0, 0, 0, 0, 0, 0, 0, 0, 0, 0, 0, 0, 0, 0, 0, 0, 0
g1-JPG2whs_jpg.rf.b58021a06db9a3ec33a91fe7a37b7937.jpg, 1, 0, 0, 0, 0, 0, 0, 0, 0, 0, 0, 0, 0, 0, 0, 0, 0, 0, 0, 0, 0, 0, 0, 0, 0, 0, 0, 0, 0, 0
Screen-Shot-2023-07-15-at-11-42-20-PM_png_jpg.rf.b56ffcde97e59f2489c118cbdf801ca9.jpg, 0, 0, 0, 0, 0, 0, 0, 0, 0, 0, 0, 0, 0, 0, 0, 0, 0, 0, 0, 0, 0, 0, 1, 0, 0, 0, 0, 0, 0, 0
Screen-Shot-2023-07-17-at-12-08-44-AM_png.rf.b5a94e9b603736dafa13e74df371704a.jpg, 0, 0, 0, 0, 0, 0, 0, 0, 0, 0, 0, 0, 0, 0, 0, 0, 0, 1, 0, 0, 0, 0, 0, 0, 0, 0, 0, 0, 0, 0
Screen-Shot-2023-07-17-at-12-06-07-AM_png_jpg.rf.b58311d772c028dd07cf2437b0877567.jpg, 0, 0, 0, 0, 0, 0, 0, 0, 0, 0, 0, 0, 0, 0, 1, 0, 0, 0, 0, 0, 0, 0, 0, 0, 0, 0, 0, 0, 0, 0
Screen-Shot-2023-07-16-at-12-00-26-AM_png_jpg.rf.b55d7b80537d87693962b5fd7f1b8f26.jpg, 0, 0, 0, 0, 0, 0, 0, 0, 0, 0, 0, 0, 0, 0, 0, 0, 0, 0, 0, 0, 0, 0, 0, 0, 0, 0, 0, 1, 0, 0
Screen-Shot-2023-07-17-at-12-13-03-AM_png_jpg.rf.b595aef0da19c0d028f2faa8d6c585ae.jpg, 0, 0, 0, 0, 0, 0, 0, 0, 0, 0, 0, 0, 0, 0, 0, 0, 0, 0, 0, 0, 0, 0, 0, 1, 0, 0, 0, 0, 0, 0
Screen-Shot-2023-07-16-at-12-12-25-AM_png.rf.b57192e90bf72d5e984776b5a5169c8a.jpg, 0, 0, 0, 0, 0, 0, 0, 0, 0, 0, 0, 0, 0, 0, 0, 0, 0, 0, 0, 0, 1, 0, 0, 0, 0, 0, 0, 0, 0, 0
Screen-Shot-2023-07-16-at-11-58-54-PM_png_jpg.rf.b5c8a43c21e8896370661aef83375d94.jpg, 0, 0, 0, 0, 0, 0, 0, 0, 1, 0, 0, 0, 0, 0, 0, 0, 0, 0, 0, 0, 0, 0, 0, 0, 0, 0, 0, 0, 0, 0
Screen-Shot-2023-07-15-at-11-46-47-PM_png.rf.b5ecd33aa5daf2805f8b1776a562ef8a.jpg, 0, 0, 0, 0, 0, 0, 0, 0, 0, 0, 0, 0, 0, 0, 0, 0, 0, 0, 0, 0, 0, 0, 0, 1, 0, 0, 0, 0, 0, 0
Screen-Shot-2023-07-17-at-12-12-16-AM_png_jpg.rf.b65c11d4acdb49980760cd8269799ce2.jpg, 0, 0, 0, 0, 0, 0, 0, 0, 0, 0, 0, 0, 0, 0, 0, 0, 0, 0, 0, 0, 0, 0, 1, 0, 0, 0, 0, 0, 0, 0
m1-JPG16rot_jpg.rf.b5ed20aa4d2b6c17ec4e1ac01a182eef.jpg, 0, 0, 0, 0, 0, 0, 0, 0, 0, 0, 0, 0, 0, 0, 1, 0, 0, 0, 0, 0, 0, 0, 0, 0, 0, 0, 0, 0, 0, 0
Screen-Shot-2023-07-15-at-11-55-50-PM_png_jpg.rf.b516222b27c2fb16ac3b97623c078066.jpg, 0, 0, 0, 0, 0, 0, 0, 0, 0, 0, 0, 0, 0, 0, 0, 0, 0, 0, 0, 0, 0, 0, 0, 0, 0, 1, 0, 0, 0, 0
Screen-Shot-2023-07-15-at-11-57-00-PM_png_jpg.rf.b627df3e5f7c57d0e287a394f8190e21.jpg, 0, 0, 0, 0, 0, 0, 0, 0, 0, 0, 0, 0, 0, 0, 0, 0, 0, 0, 0, 0, 0, 0, 0, 0, 0, 0, 1, 0, 0, 0
k1-JPG3dim_jpg.rf.b560738082e6f02e1c9d306e19fa688d.jpg, 0, 0, 0, 0, 0, 0, 0, 0, 0, 0, 0, 0, 1, 0, 0, 0, 0, 0, 0, 0, 0, 0, 0, 0, 0, 0, 0, 0, 0, 0
Screen-Shot-2023-07-17-at-12-15-39-AM_png_jpg.rf.b6784ef8f31686ce31e9c813a7ae91d2.jpg, 0, 0, 0, 0, 0, 0, 0, 0, 0, 0, 0, 0, 0, 0, 0, 0, 0, 0, 0, 0, 0, 0, 0, 0, 0, 0, 1, 0, 0, 0
Screen-Shot-2023-07-16-at-12-03-09-AM_png_jpg.rf.b6916f252b18d0ed0dd76e4ff0e8813a.jpg, 0, 0, 0, 0, 0, 0, 0, 0, 0, 0, 0, 0, 0, 0, 0, 0, 0, 0, 0, 0, 0, 0, 0, 0, 0, 0, 0, 0, 0, 1
Screen-Shot-2023-07-17-at-12-17-23-AM_png.rf.b55388c6fdb716ac63f09a4c154df4da.jpg, 0, 0, 0, 0, 0, 0, 0, 0, 0, 0, 0, 0, 0, 0, 0, 0, 0, 0, 0, 0, 0, 0, 0, 0, 0, 0, 0, 0, 1, 0
Screen-Shot-2023-07-15-at-11-09-53-PM_png_jpg.rf.b7ddb5fc0815da6f18cafc934267e233.jpg, 0, 0, 0, 0, 0, 0, 0, 0, 0, 1, 0, 0, 0, 0, 0, 0, 0, 0, 0, 0, 0, 0, 0, 0, 0, 0, 0, 0, 0, 0
Screen-Shot-2023-07-15-at-11-19-09-PM-copy_png_jpg.rf.b4b10b352aef4a215682304847d9d572.jpg, 0, 0, 0, 0, 0, 0, 0, 0, 0, 0, 0, 0, 1, 0, 0, 0, 0, 0, 0, 0, 0, 0, 0, 0, 0, 0, 0, 0, 0, 0
Screen-Shot-2023-07-17-at-12-18-38-AM_png_jpg.rf.b693eb8d7e1b1656481908339f4b0452.jpg, 0, 0, 0, 0, 0, 0, 0, 0, 0, 0, 0, 0, 0, 0, 0, 0, 0, 0, 0, 0, 0, 0, 0, 0, 0, 0, 0, 0, 0, 1
y1-JPG3rot_jpg.rf.b72894b68ccb4e6154d81c13a718042a.jpg, 0, 0, 0, 0, 0, 0, 0, 0, 0, 0, 0, 0, 0, 0, 0, 0, 0, 0, 0, 0, 0, 0, 0, 0, 0, 0, 0, 0, 1, 0
Screen-Shot-2023-07-17-at-12-05-40-AM_png_jpg.rf.b68d82e02a9024834ecc95ea53065cfd.jpg, 0, 0, 0, 0, 0, 0, 0, 0, 0, 0, 0, 0, 0, 1, 0, 0, 0, 0, 0, 0, 0, 0, 0, 0, 0, 0, 0, 0, 0, 0
g1-JPG14whs_jpg.rf.b6fe76a708592a5c22afcbf20cd746c7.jpg, 0, 0, 0, 0, 0, 0, 0, 0, 1, 0, 0, 0, 0, 0, 0, 0, 0, 0, 0, 0, 0, 0, 0, 0, 0, 0, 0, 0, 0, 0
Screen-Shot-2023-07-17-at-12-12-39-AM_png_jpg.rf.b6f5e0c8f99afeaa3ecaabcb59cceec8.jpg, 0, 0, 0, 0, 0, 0, 0, 0, 0, 0, 0, 0, 0, 0, 0, 0, 0, 0, 0, 0, 0, 0, 0, 1, 0, 0, 0, 0, 0, 0
Screen-Shot-2023-07-15-at-11-27-47-PM-copy_png_jpg.rf.b6d0aad0c83ba97a716eff97174c6f17.jpg, 0, 0, 0, 0, 0, 0, 0, 0, 0, 0, 0, 0, 0, 0, 0, 1, 0, 0, 0, 0, 0, 0, 0, 0, 0, 0, 0, 0, 0, 0
Screen-Shot-2023-07-15-at-11-05-20-PM_png_jpg.rf.b5bf6e9975ea57d74d49a9da8d0c9131.jpg, 0, 0, 0, 0, 0, 0, 1, 0, 0, 0, 0, 0, 0, 0, 0, 0, 0, 0, 0, 0, 0, 0, 0, 0, 0, 0, 0, 0, 0, 0
Screen-Shot-2023-07-17-at-12-18-02-AM_png_jpg.rf.b7282be63b296a37b2aad3c555018c65.jpg, 0, 0, 0, 0, 0, 0, 0, 0, 0, 0, 0, 0, 0, 0, 0, 0, 0, 0, 0, 0, 0, 0, 0, 0, 0, 0, 0, 0, 1, 0
Screen-Shot-2023-07-15-at-11-59-35-PM_png_jpg.rf.b7e7f402bc0b76d201fd0a2d2a4bec48.jpg, 0, 0, 0, 0, 0, 0, 0, 0, 0, 0, 0, 0, 0, 0, 0, 0, 0, 0, 0, 0, 0, 0, 0, 0, 0, 0, 0, 1, 0, 0
g1-JPG0rot_jpg.rf.b79299a15596c66a7f4cf73b7647beb3.jpg, 0, 0, 0, 0, 0, 0, 0, 0, 1, 0, 0, 0, 0, 0, 0, 0, 0, 0, 0, 0, 0, 0, 0, 0, 0, 0, 0, 0, 0, 0
Screen-Shot-2023-07-17-at-12-06-13-AM_png.rf.b6c4bf6ee2776b988971dbfffec70958.jpg, 0, 0, 0, 0, 0, 0, 0, 0, 0, 0, 0, 0, 0, 0, 1, 0, 0, 0, 0, 0, 0, 0, 0, 0, 0, 0, 0, 0, 0, 0
Screen-Shot-2023-07-15-at-11-30-37-PM_png.rf.b7d5a68b804b8528f0653ff75159397b.jpg, 0, 0, 0, 0, 0, 0, 0, 0, 0, 0, 0, 0, 0, 0, 0, 0, 1, 0, 0, 0, 0, 0, 0, 0, 0, 0, 0, 0, 0, 0
Screen-Shot-2023-07-17-at-12-16-17-AM_png_jpg.rf.b80554fcb17ca26095ba201be3ed55aa.jpg, 0, 0, 0, 0, 0, 0, 0, 0, 0, 0, 0, 0, 0, 0, 0, 0, 0, 0, 0, 0, 0, 0, 0, 0, 0, 0, 0, 1, 0, 0
Screen-Shot-2023-07-16-at-12-05-44-AM_png_jpg.rf.b70498e017682880c53bd68caa18d6d5.jpg, 0, 0, 0, 0, 1, 0, 0, 0, 0, 0, 0, 0, 0, 0, 0, 0, 0, 0, 0, 0, 0, 0, 0, 0, 0, 0, 0, 0, 0, 0
p1-JPG19rot_jpg.rf.b810a6017be64431cd8641485dda518d.jpg, 0, 0, 0, 0, 0, 0, 0, 0, 0, 0, 0, 0, 0, 0, 0, 0, 0, 1, 0, 0, 0, 0, 0, 0, 0, 0, 0, 0, 0, 0
Screen-Shot-2023-07-15-at-11-43-45-PM_png_jpg.rf.b83031d0884d66103fe054234fd1aae2.jpg, 0, 0, 0, 0, 0, 0, 0, 0, 0, 0, 0, 0, 0, 0, 0, 0, 0, 0, 0, 0, 0, 0, 1, 0, 0, 0, 0, 0, 0, 0
Screen-Shot-2023-07-16-at-12-03-23-AM_png_jpg.rf.b80791221554b7c39ce84c501c57d1ac.jpg, 0, 0, 0, 0, 0, 0, 0, 0, 0, 0, 0, 0, 0, 0, 0, 0, 0, 0, 0, 0, 0, 0, 0, 0, 0, 0, 0, 0, 0, 1
Screen-Shot-2023-07-17-at-12-10-43-AM_png_jpg.rf.b858e78f481f65cec7e4b413074bfc38.jpg, 0, 0, 0, 0, 0, 0, 0, 0, 0, 0, 0, 0, 0, 0, 0, 0, 0, 0, 0, 1, 0, 0, 0, 0, 0, 0, 0, 0, 0, 0
Screen-Shot-2023-07-15-at-11-13-29-PM_png_jpg.rf.b847dfab922b7372dac9b2a4c9333139.jpg, 0, 0, 0, 0, 0, 0, 0, 0, 0, 0, 1, 0, 0, 0, 0, 0, 0, 0, 0, 0, 0, 0, 0, 0, 0, 0, 0, 0, 0, 0
t1-JPG1dim_jpg.rf.b87bcb7e49ca8c34d07cb5737698e2a2.jpg, 0, 0, 0, 0, 0, 0, 0, 0, 0, 0, 0, 0, 0, 0, 0, 0, 0, 0, 0, 0, 0, 0, 0, 1, 0, 0, 0, 0, 0, 0
Screen-Shot-2023-07-15-at-10-50-22-PM_png_jpg.rf.b86983089d1b9efa97e98bfa308751e2.jpg, 0, 0, 0, 0, 0, 0, 0, 1, 0, 0, 0, 0, 0, 0, 0, 0, 0, 0, 0, 0, 0, 0, 0, 0, 0, 0, 0, 0, 0, 0
Screen-Shot-2023-07-15-at-11-30-37-PM_png_jpg.rf.b7f1d9e4a81aa698d2a816b55dd67c4f.jpg, 0, 0, 0, 0, 0, 0, 0, 0, 0, 0, 0, 0, 0, 0, 0, 0, 1, 0, 0, 0, 0, 0, 0, 0, 0, 0, 0, 0, 0, 0
b1-JPG3dim_jpg.rf.b86d930887420204fd105e92e9ee52dd.jpg, 0, 0, 1, 0, 0, 0, 0, 0, 0, 0, 0, 0, 0, 0, 0, 0, 0, 0, 0, 0, 0, 0, 0, 0, 0, 0, 0, 0, 0, 0
Screen-Shot-2023-07-15-at-11-55-36-PM_png_jpg.rf.b6d1753a7e272bfd94af758b9ac9b399.jpg, 0, 0, 0, 0, 0, 0, 0, 0, 0, 0, 0, 0, 0, 0, 0, 0, 0, 0, 0, 0, 0, 0, 0, 0, 0, 1, 0, 0, 0, 0
h1-JPG3dim_jpg.rf.b45095d2e7aa6a5550ff4df7ca6e8999.jpg, 1, 0, 0, 0, 0, 0, 0, 0, 0, 0, 0, 0, 0, 0, 0, 0, 0, 0, 0, 0, 0, 0, 0, 0, 0, 0, 0, 0, 0, 0
Screen-Shot-2023-07-15-at-11-55-50-PM_png_jpg.rf.b885916a00824d93835ce053b919841a.jpg, 0, 0, 0, 0, 0, 0, 0, 0, 0, 0, 0, 0, 0, 0, 0, 0, 0, 0, 0, 0, 0, 0, 0, 0, 0, 1, 0, 0, 0, 0
Screen-Shot-2023-07-15-at-11-05-10-PM_png.rf.b9421f36c2d4330222b09ac2f917e4f0.jpg, 0, 0, 0, 0, 0, 0, 1, 0, 0, 0, 0, 0, 0, 0, 0, 0, 0, 0, 0, 0, 0, 0, 0, 0, 0, 0, 0, 0, 0, 0
Screen-Shot-2023-07-15-at-10-53-35-PM_png_jpg.rf.b93d89edf6b86a10393a417537e1842e.jpg, 0, 0, 0, 0, 0, 0, 0, 1, 0, 0, 0, 0, 0, 0, 0, 0, 0, 0, 0, 0, 0, 0, 0, 0, 0, 0, 0, 0, 0, 0
i1-JPG14rot_jpg.rf.b875299d0cd51e7210ef2a718ca86f87.jpg, 0, 0, 0, 0, 0, 0, 0, 0, 0, 0, 1, 0, 0, 0, 0, 0, 0, 0, 0, 0, 0, 0, 0, 0, 0, 0, 0, 0, 0, 0
Screen-Shot-2023-07-15-at-11-49-50-PM_png_jpg.rf.b9140af295b72afa1c0c44b7475cbcee.jpg, 0, 0, 0, 0, 0, 0, 0, 0, 0, 0, 0, 0, 0, 0, 0, 0, 0, 0, 0, 0, 0, 0, 0, 0, 1, 0, 0, 0, 0, 0
Screen-Shot-2023-07-15-at-11-33-29-PM_png_jpg.rf.b89146c1cfeadfa8dcc33d0491a17cf9.jpg, 0, 0, 0, 0, 0, 0, 0, 0, 0, 0, 0, 0, 0, 0, 0, 0, 0, 1, 0, 0, 0, 0, 0, 0, 0, 0, 0, 0, 0, 0
e1-JPG18rot_jpg.rf.b966c5a54212c95448949aa26e9cb1a4.jpg, 0, 0, 0, 0, 0, 0, 1, 0, 0, 0, 0, 0, 0, 0, 0, 0, 0, 0, 0, 0, 0, 0, 0, 0, 0, 0, 0, 0, 0, 0
Screen-Shot-2023-07-15-at-11-26-57-PM_png_jpg.rf.b9f5e12efdd53bf8a73002ca21b8b133.jpg, 0, 0, 0, 0, 0, 0, 0, 0, 0, 0, 0, 0, 0, 0, 0, 1, 0, 0, 0, 0, 0, 0, 0, 0, 0, 0, 0, 0, 0, 0
a1-JPG19whs_jpg.rf.b90c622a41ddba49cf77a4cd0e5e0c29.jpg, 0, 1, 0, 0, 0, 0, 0, 0, 0, 0, 0, 0, 0, 0, 0, 0, 0, 0, 0, 0, 0, 0, 0, 0, 0, 0, 0, 0, 0, 0
Screen-Shot-2023-07-15-at-10-58-09-PM_png_jpg.rf.b9da00b81dd0b25a9bf5f3f1d0c699ba.jpg, 0, 0, 1, 0, 0, 0, 0, 0, 0, 0, 0, 0, 0, 0, 0, 0, 0, 0, 0, 0, 0, 0, 0, 0, 0, 0, 0, 0, 0, 0
Screen-Shot-2023-07-15-at-11-47-01-PM_png_jpg.rf.b8fe1d9bb49e1fcc9d1e2991f35414de.jpg, 0, 0, 0, 0, 0, 0, 0, 0, 0, 0, 0, 0, 0, 0, 0, 0, 0, 0, 0, 0, 0, 0, 0, 1, 0, 0, 0, 0, 0, 0
Screen-Shot-2023-07-17-at-12-18-02-AM_png_jpg.rf.ba0f73cdcc2312735ceb4d2617f9ad85.jpg, 0, 0, 0, 0, 0, 0, 0, 0, 0, 0, 0, 0, 0, 0, 0, 0, 0, 0, 0, 0, 0, 0, 0, 0, 0, 0, 0, 0, 1, 0
Screen-Shot-2023-07-15-at-11-27-07-PM_png_jpg.rf.b8cca5e98703869a043e67b3cd8b241c.jpg, 0, 0, 0, 0, 0, 0, 0, 0, 0, 0, 0, 0, 0, 0, 0, 1, 0, 0, 0, 0, 0, 0, 0, 0, 0, 0, 0, 0, 0, 0
Screen-Shot-2023-07-16-at-12-08-12-AM_png_jpg.rf.baea277186879b306f0ac1b4014a235c.jpg, 0, 0, 0, 0, 0, 0, 0, 0, 0, 0, 0, 0, 0, 0, 0, 0, 0, 0, 0, 0, 1, 0, 0, 0, 0, 0, 0, 0, 0, 0
Screen-Shot-2023-07-15-at-11-12-22-PM_png_jpg.rf.ba3ab9b0ea6442c9761548c89e004245.jpg, 0, 0, 0, 0, 0, 0, 0, 0, 0, 0, 1, 0, 0, 0, 0, 0, 0, 0, 0, 0, 0, 0, 0, 0, 0, 0, 0, 0, 0, 0
Screen-Shot-2023-07-15-at-11-15-38-PM_png_jpg.rf.b8b13e147a39bdba0a00b2fe18083694.jpg, 0, 0, 0, 0, 0, 0, 0, 0, 0, 0, 0, 1, 0, 0, 0, 0, 0, 0, 0, 0, 0, 0, 0, 0, 0, 0, 0, 0, 0, 0
Screen-Shot-2023-07-15-at-11-22-57-PM_png_jpg.rf.bb537bbdc99f8e08faf0f0ef397978a9.jpg, 0, 0, 0, 0, 0, 0, 0, 0, 0, 0, 0, 0, 0, 0, 1, 0, 0, 0, 0, 0, 0, 0, 0, 0, 0, 0, 0, 0, 0, 0
w1-JPG13rot_jpg.rf.ba9e4605d18fadb7cc844800c23f9118.jpg, 0, 0, 0, 0, 0, 0, 0, 0, 0, 0, 0, 0, 0, 0, 0, 0, 0, 0, 0, 0, 0, 0, 0, 0, 0, 0, 1, 0, 0, 0
Screen-Shot-2023-07-15-at-11-35-51-PM_png.rf.ba6a2875a51bd9ab736c39a08dd017bc.jpg, 0, 0, 0, 0, 0, 0, 0, 0, 0, 0, 0, 0, 0, 0, 0, 0, 0, 0, 0, 1, 0, 0, 0, 0, 0, 0, 0, 0, 0, 0
Screen-Shot-2023-07-15-at-10-54-55-PM_png_jpg.rf.ba97ccedaaa47af917b215938b4d70f9.jpg, 0, 1, 0, 0, 0, 0, 0, 0, 0, 0, 0, 0, 0, 0, 0, 0, 0, 0, 0, 0, 0, 0, 0, 0, 0, 0, 0, 0, 0, 0
Screen-Shot-2023-07-15-at-11-02-53-PM_png_jpg.rf.ba24c9668efcc13543510d8eb4d21f28.jpg, 0, 0, 0, 0, 0, 1, 0, 0, 0, 0, 0, 0, 0, 0, 0, 0, 0, 0, 0, 0, 0, 0, 0, 0, 0, 0, 0, 0, 0, 0
Screen-Shot-2023-07-15-at-11-08-01-PM_png_jpg.rf.bb4b1926eb97f3e94f3eb8372f9bc290.jpg, 0, 0, 0, 0, 0, 0, 0, 0, 1, 0, 0, 0, 0, 0, 0, 0, 0, 0, 0, 0, 0, 0, 0, 0, 0, 0, 0, 0, 0, 0
Screen-Shot-2023-07-16-at-12-08-12-AM_png_jpg.rf.b9dc1fa87d1f89fffc1e0ab44add104f.jpg, 0, 0, 0, 0, 0, 0, 0, 0, 0, 0, 0, 0, 0, 0, 0, 0, 0, 0, 0, 0, 1, 0, 0, 0, 0, 0, 0, 0, 0, 0
u1-JPG4whs_jpg.rf.bbb98cb1abd3b28e38e6a7d082d44971.jpg, 0, 0, 0, 0, 0, 0, 0, 0, 0, 0, 0, 0, 0, 0, 0, 0, 0, 0, 0, 0, 0, 0, 0, 0, 1, 0, 0, 0, 0, 0
n1-JPG1rot_jpg.rf.bc910fe7c85cb58fcd5d48be42043b6d.jpg, 1, 0, 0, 0, 0, 0, 0, 0, 0, 0, 0, 0, 0, 0, 0, 0, 0, 0, 0, 0, 0, 0, 0, 0, 0, 0, 0, 0, 0, 0
Screen-Shot-2023-07-17-at-12-15-28-AM_png_jpg.rf.bc1ce3f0332d8e32fc9b9fef20b2a5c9.jpg, 0, 0, 0, 0, 0, 0, 0, 0, 0, 0, 0, 0, 0, 0, 0, 0, 0, 0, 0, 0, 0, 0, 0, 0, 0, 0, 1, 0, 0, 0
Screen-Shot-2023-07-17-at-12-00-35-AM_png_jpg.rf.ba85f88750bde0970514028313890de2.jpg, 0, 0, 0, 0, 0, 0, 0, 0, 0, 0, 1, 0, 0, 0, 0, 0, 0, 0, 0, 0, 0, 0, 0, 0, 0, 0, 0, 0, 0, 0
m1-JPG5whs_jpg.rf.bbb49fc365382f03ea585dea60f3b3fc.jpg, 0, 0, 0, 0, 0, 0, 0, 0, 0, 0, 0, 0, 0, 0, 1, 0, 0, 0, 0, 0, 0, 0, 0, 0, 0, 0, 0, 0, 0, 0
Screen-Shot-2023-07-17-at-12-00-26-AM_png_jpg.rf.bbef8591b4a37457d6e6f101bde3debe.jpg, 0, 0, 0, 0, 0, 0, 0, 0, 0, 0, 1, 0, 0, 0, 0, 0, 0, 0, 0, 0, 0, 0, 0, 0, 0, 0, 0, 0, 0, 0
Screen-Shot-2023-07-15-at-11-40-08-PM_png_jpg.rf.bb9b33851118ecbd56df5863d74c4780.jpg, 0, 0, 0, 0, 0, 0, 0, 0, 0, 0, 0, 0, 0, 0, 0, 0, 0, 0, 0, 0, 0, 1, 0, 0, 0, 0, 0, 0, 0, 0
Screen-Shot-2023-07-17-at-12-08-40-AM_png.rf.bc49697f883cfcdb600a2117a184a829.jpg, 0, 0, 0, 0, 0, 0, 0, 0, 0, 0, 0, 0, 0, 0, 0, 0, 0, 1, 0, 0, 0, 0, 0, 0, 0, 0, 0, 0, 0, 0
Screen-Shot-2023-07-17-at-12-12-33-AM_png_jpg.rf.ba25443bd51be62cfc842c3c201d5a88.jpg, 0, 0, 0, 0, 0, 0, 0, 0, 0, 0, 0, 0, 0, 0, 0, 0, 0, 0, 0, 0, 0, 0, 0, 1, 0, 0, 0, 0, 0, 0
Screen-Shot-2023-07-17-at-12-16-48-AM_png_jpg.rf.b82597bdc32e81e459549a6735ace5ce.jpg, 0, 0, 0, 0, 0, 0, 0, 0, 0, 0, 0, 0, 0, 0, 0, 0, 0, 0, 0, 0, 0, 0, 0, 0, 0, 0, 0, 1, 0, 0
j1-JPG6rot_jpg.rf.bc96baeb43d1d4342b0e22ccdedd771f.jpg, 1, 0, 0, 0, 0, 0, 0, 0, 0, 0, 0, 0, 0, 0, 0, 0, 0, 0, 0, 0, 0, 0, 0, 0, 0, 0, 0, 0, 0, 0
t1-JPG0rot_jpg.rf.bb7127d093288b5f946eba3773d4d4e2.jpg, 0, 0, 0, 0, 0, 0, 0, 0, 0, 0, 0, 0, 0, 0, 0, 0, 0, 0, 0, 0, 0, 0, 0, 1, 0, 0, 0, 0, 0, 0
k1-JPG5rot_jpg.rf.ba38dcb4f77775e364bb2f5b0ac7b1f7.jpg, 0, 0, 0, 0, 0, 0, 0, 0, 0, 0, 0, 0, 1, 0, 0, 0, 0, 0, 0, 0, 0, 0, 0, 0, 0, 0, 0, 0, 0, 0
s1-JPG5dim_jpg.rf.bca1b0642919935b86019d13f796d858.jpg, 1, 0, 0, 0, 0, 0, 0, 0, 0, 0, 0, 0, 0, 0, 0, 0, 0, 0, 0, 0, 0, 0, 0, 0, 0, 0, 0, 0, 0, 0
i1-JPG1rot_jpg.rf.bc889c3935f82aa59712f2deb89ce622.jpg, 0, 0, 0, 0, 0, 0, 0, 0, 0, 0, 1, 0, 0, 0, 0, 0, 0, 0, 0, 0, 0, 0, 0, 0, 0, 0, 0, 0, 0, 0
Screen-Shot-2023-07-15-at-10-59-38-PM_png_jpg.rf.bcbf0b5443443bd1dc001da8e50c8bbe.jpg, 0, 0, 1, 0, 0, 0, 0, 0, 0, 0, 0, 0, 0, 0, 0, 0, 0, 0, 0, 0, 0, 0, 0, 0, 0, 0, 0, 0, 0, 0
Screen-Shot-2023-07-15-at-11-46-47-PM_png_jpg.rf.bcaae9a7e7196819ef29282b2b2f52bd.jpg, 0, 0, 0, 0, 0, 0, 0, 0, 0, 0, 0, 0, 0, 0, 0, 0, 0, 0, 0, 0, 0, 0, 0, 1, 0, 0, 0, 0, 0, 0
Screen-Shot-2023-07-15-at-11-11-51-PM_png_jpg.rf.bc50e0114008cec44e585053f692e4e1.jpg, 0, 0, 0, 0, 0, 0, 0, 0, 0, 1, 0, 0, 0, 0, 0, 0, 0, 0, 0, 0, 0, 0, 0, 0, 0, 0, 0, 0, 0, 0
Screen-Shot-2023-07-15-at-11-45-02-PM_png_jpg.rf.bb4ed423a318d5b7d2d1d53f6d0299a7.jpg, 0, 0, 0, 0, 0, 0, 0, 0, 0, 0, 0, 0, 0, 0, 0, 0, 0, 0, 0, 0, 0, 0, 0, 1, 0, 0, 0, 0, 0, 0
Screen-Shot-2023-07-15-at-11-09-12-PM_png_jpg.rf.bc4131c4ac8209808ef8c0005e004ad4.jpg, 0, 0, 0, 0, 0, 0, 0, 0, 1, 0, 0, 0, 0, 0, 0, 0, 0, 0, 0, 0, 0, 0, 0, 0, 0, 0, 0, 0, 0, 0
Screen-Shot-2023-07-17-at-12-08-33-AM_png_jpg.rf.bcf758ccb541f30ef3ca3e8e357cd1a4.jpg, 0, 0, 0, 0, 0, 0, 0, 0, 0, 0, 0, 0, 0, 0, 0, 0, 1, 0, 0, 0, 0, 0, 0, 0, 0, 0, 0, 0, 0, 0
e1-JPG17rot_jpg.rf.bced1035660b828065842ea96e8c6669.jpg, 0, 0, 0, 0, 0, 0, 1, 0, 0, 0, 0, 0, 0, 0, 0, 0, 0, 0, 0, 0, 0, 0, 0, 0, 0, 0, 0, 0, 0, 0
Screen-Shot-2023-07-15-at-10-54-55-PM_png_jpg.rf.bc244789173ec7018210bd2a4f1a8025.jpg, 0, 1, 0, 0, 0, 0, 0, 0, 0, 0, 0, 0, 0, 0, 0, 0, 0, 0, 0, 0, 0, 0, 0, 0, 0, 0, 0, 0, 0, 0
g1-JPG15whs_jpg.rf.bce6bf6efdfcd26b7809abdee10f2fa5.jpg, 0, 0, 0, 0, 0, 0, 0, 0, 1, 0, 0, 0, 0, 0, 0, 0, 0, 0, 0, 0, 0, 0, 0, 0, 0, 0, 0, 0, 0, 0
Screen-Shot-2023-07-17-at-12-04-03-AM_png_jpg.rf.bd1bc157b913fcf83e783a2e3b471ded.jpg, 0, 0, 0, 0, 0, 0, 0, 0, 0, 0, 0, 0, 0, 1, 0, 0, 0, 0, 0, 0, 0, 0, 0, 0, 0, 0, 0, 0, 0, 0
Screen-Shot-2023-07-17-at-12-10-37-AM_png_jpg.rf.bd1a7eaad0e9bf676a2d4eb23663649f.jpg, 0, 0, 0, 0, 0, 0, 0, 0, 0, 0, 0, 0, 0, 0, 0, 0, 0, 0, 0, 1, 0, 0, 0, 0, 0, 0, 0, 0, 0, 0
Screen-Shot-2023-07-15-at-11-18-42-PM_png_jpg.rf.bd855a185e34a20480205761d532c350.jpg, 0, 0, 0, 0, 0, 0, 0, 0, 0, 0, 0, 0, 1, 0, 0, 0, 0, 0, 0, 0, 0, 0, 0, 0, 0, 0, 0, 0, 0, 0
Screen-Shot-2023-07-15-at-11-03-10-PM_png_jpg.rf.bd61eea48a2143a29417e619027df630.jpg, 0, 0, 0, 0, 0, 1, 0, 0, 0, 0, 0, 0, 0, 0, 0, 0, 0, 0, 0, 0, 0, 0, 0, 0, 0, 0, 0, 0, 0, 0
Screen-Shot-2023-07-17-at-12-21-11-AM_png_jpg.rf.bd78e2c572e2897076e879d9becb3bbf.jpg, 0, 0, 0, 0, 0, 0, 0, 0, 0, 0, 0, 0, 0, 0, 0, 0, 0, 0, 1, 0, 0, 0, 0, 0, 0, 0, 0, 0, 0, 0
Screen-Shot-2023-07-16-at-12-08-18-AM_png_jpg.rf.bd5aa408a2536dfbe937387390140539.jpg, 0, 0, 0, 0, 0, 0, 0, 0, 0, 0, 0, 0, 0, 0, 0, 0, 0, 0, 0, 0, 1, 0, 0, 0, 0, 0, 0, 0, 0, 0
a1-JPG9rot_jpg.rf.bdc77b110864ad93dc660695a3430422.jpg, 0, 1, 0, 0, 0, 0, 0, 0, 0, 0, 0, 0, 0, 0, 0, 0, 0, 0, 0, 0, 0, 0, 0, 0, 0, 0, 0, 0, 0, 0
Screen-Shot-2023-07-15-at-11-55-05-PM_png_jpg.rf.bcc3f72ba5a43a57be257b654658d06a.jpg, 0, 0, 0, 0, 0, 0, 0, 0, 0, 0, 0, 0, 0, 0, 0, 0, 0, 0, 0, 0, 0, 0, 0, 0, 0, 1, 0, 0, 0, 0
Screen-Shot-2023-07-17-at-12-18-54-AM_png.rf.bd9769a0e4be6723f28c6ac7efe0d9ee.jpg, 0, 0, 0, 0, 0, 0, 0, 0, 0, 0, 0, 0, 0, 0, 0, 0, 0, 0, 0, 0, 0, 0, 0, 0, 0, 0, 0, 0, 0, 1
Screen-Shot-2023-07-16-at-11-58-25-PM_png_jpg.rf.bcc15dfb1f9bc0108c91845b137bd38d.jpg, 0, 0, 0, 0, 0, 0, 0, 0, 1, 0, 0, 0, 0, 0, 0, 0, 0, 0, 0, 0, 0, 0, 0, 0, 0, 0, 0, 0, 0, 0
a1-JPG16whs_jpg.rf.be42b3130159fb20942ed5f868a73434.jpg, 1, 0, 0, 0, 0, 0, 0, 0, 0, 0, 0, 0, 0, 0, 0, 0, 0, 0, 0, 0, 0, 0, 0, 0, 0, 0, 0, 0, 0, 0
Screen-Shot-2023-07-15-at-11-05-10-PM_png_jpg.rf.bd5be7690327012f7ed7269eb3586063.jpg, 0, 0, 0, 0, 0, 0, 1, 0, 0, 0, 0, 0, 0, 0, 0, 0, 0, 0, 0, 0, 0, 0, 0, 0, 0, 0, 0, 0, 0, 0
Screen-Shot-2023-07-17-at-12-17-41-AM_png_jpg.rf.bec1772f263edcab86fdb7d2a78cb030.jpg, 0, 0, 0, 0, 0, 0, 0, 0, 0, 0, 0, 0, 0, 0, 0, 0, 0, 0, 0, 0, 0, 0, 0, 0, 0, 0, 0, 0, 1, 0
Screen-Shot-2023-07-17-at-12-15-46-AM_png_jpg.rf.be079bc12d3846c7cc37f4358d37eb2c.jpg, 0, 0, 0, 0, 0, 0, 0, 0, 0, 0, 0, 0, 0, 0, 0, 0, 0, 0, 0, 0, 0, 0, 0, 0, 0, 0, 1, 0, 0, 0
Screen-Shot-2023-07-15-at-11-28-48-PM_png_jpg.rf.bea6e878c7358684d7942e1760c3de08.jpg, 0, 0, 0, 0, 0, 0, 0, 0, 0, 0, 0, 0, 0, 0, 0, 0, 1, 0, 0, 0, 0, 0, 0, 0, 0, 0, 0, 0, 0, 0
Screen-Shot-2023-07-17-at-12-20-04-AM_png.rf.becb84d424f51ba422a0c8cce28c569a.jpg, 0, 0, 0, 0, 1, 0, 0, 0, 0, 0, 0, 0, 0, 0, 0, 0, 0, 0, 0, 0, 0, 0, 0, 0, 0, 0, 0, 0, 0, 0
Screen-Shot-2023-07-16-at-11-54-06-PM_png_jpg.rf.be67865450265fb968c77dc2d7e82985.jpg, 0, 0, 0, 0, 0, 0, 1, 0, 0, 0, 0, 0, 0, 0, 0, 0, 0, 0, 0, 0, 0, 0, 0, 0, 0, 0, 0, 0, 0, 0
m1-JPG5dim_jpg.rf.bece0c51e521c9edee0d33bd375e52d8.jpg, 0, 0, 0, 0, 0, 0, 0, 0, 0, 0, 0, 0, 0, 0, 1, 0, 0, 0, 0, 0, 0, 0, 0, 0, 0, 0, 0, 0, 0, 0
Screen-Shot-2023-07-15-at-11-49-50-PM_png_jpg.rf.be8d909498330a2d549c98044ddfc423.jpg, 0, 0, 0, 0, 0, 0, 0, 0, 0, 0, 0, 0, 0, 0, 0, 0, 0, 0, 0, 0, 0, 0, 0, 0, 1, 0, 0, 0, 0, 0
Screen-Shot-2023-07-15-at-11-49-02-PM_png_jpg.rf.bf2cdbf762b28337f1d7481967f8e19b.jpg, 0, 0, 0, 0, 0, 0, 0, 0, 0, 0, 0, 0, 0, 0, 0, 0, 0, 0, 0, 0, 0, 0, 0, 0, 1, 0, 0, 0, 0, 0
Screen-Shot-2023-07-16-at-12-03-09-AM_png_jpg.rf.be876eef4d3cfa4905dc2ddbe97869b7.jpg, 0, 0, 0, 0, 0, 0, 0, 0, 0, 0, 0, 0, 0, 0, 0, 0, 0, 0, 0, 0, 0, 0, 0, 0, 0, 0, 0, 0, 0, 1
Screen-Shot-2023-07-15-at-11-37-01-PM_png_jpg.rf.bf359570f9df8e87db925dea5f2f8e14.jpg, 0, 0, 0, 0, 0, 0, 0, 0, 0, 0, 0, 0, 0, 0, 0, 0, 0, 0, 0, 1, 0, 0, 0, 0, 0, 0, 0, 0, 0, 0
Screen-Shot-2023-07-15-at-11-20-16-PM_png_jpg.rf.bd0a4b78308350d21550ba3693b7936c.jpg, 0, 0, 0, 0, 0, 0, 0, 0, 0, 0, 0, 0, 0, 1, 0, 0, 0, 0, 0, 0, 0, 0, 0, 0, 0, 0, 0, 0, 0, 0
Screen-Shot-2023-07-17-at-12-15-28-AM_png_jpg.rf.bf5ce4214da2691fcf2b4ccf7d2457d3.jpg, 0, 0, 0, 0, 0, 0, 0, 0, 0, 0, 0, 0, 0, 0, 0, 0, 0, 0, 0, 0, 0, 0, 0, 0, 0, 0, 1, 0, 0, 0
h1-JPG5whs_jpg.rf.bed680228e8c93863608eb25e8cf02ee.jpg, 1, 0, 0, 0, 0, 0, 0, 0, 0, 0, 0, 0, 0, 0, 0, 0, 0, 0, 0, 0, 0, 0, 0, 0, 0, 0, 0, 0, 0, 0
k1-JPG13rot_jpg.rf.bf3826cde678a87361352f475e38e89f.jpg, 0, 0, 0, 0, 0, 0, 0, 0, 0, 0, 0, 0, 1, 0, 0, 0, 0, 0, 0, 0, 0, 0, 0, 0, 0, 0, 0, 0, 0, 0
Screen-Shot-2023-07-16-at-12-15-42-PM_png_jpg.rf.bf3407e0c03246785e5776b28b50c24f.jpg, 0, 0, 0, 0, 0, 0, 0, 0, 0, 0, 0, 0, 0, 0, 0, 0, 0, 0, 1, 0, 0, 0, 0, 0, 0, 0, 0, 0, 0, 0
Screen-Shot-2023-07-15-at-11-30-28-PM_png_jpg.rf.bf41d98f62b1878e3099f6a65abbcb85.jpg, 0, 0, 0, 0, 0, 0, 0, 0, 0, 0, 0, 0, 0, 0, 0, 0, 1, 0, 0, 0, 0, 0, 0, 0, 0, 0, 0, 0, 0, 0
Screen-Shot-2023-07-17-at-12-17-23-AM_png_jpg.rf.bfc9ca5aa9c76104db1de831d1c02b57.jpg, 0, 0, 0, 0, 0, 0, 0, 0, 0, 0, 0, 0, 0, 0, 0, 0, 0, 0, 0, 0, 0, 0, 0, 0, 0, 0, 0, 0, 1, 0
c1-JPG8rot_jpg.rf.be27ab4db1e5556630d78f58eb6e6b7c.jpg, 1, 0, 0, 0, 0, 0, 0, 0, 0, 0, 0, 0, 0, 0, 0, 0, 0, 0, 0, 0, 0, 0, 0, 0, 0, 0, 0, 0, 0, 0
f1-JPG16rot_jpg.rf.bdba42f15934c30c3703cd4e9aa596fb.jpg, 0, 0, 0, 0, 0, 0, 0, 1, 0, 0, 0, 0, 0, 0, 0, 0, 0, 0, 0, 0, 0, 0, 0, 0, 0, 0, 0, 0, 0, 0
Screen-Shot-2023-07-17-at-12-12-11-AM_png_jpg.rf.c00fe0d20075b182495f54dc070f048e.jpg, 0, 0, 0, 0, 0, 0, 0, 0, 0, 0, 0, 0, 0, 0, 0, 0, 0, 0, 0, 0, 0, 0, 1, 0, 0, 0, 0, 0, 0, 0
Screen-Shot-2023-07-16-at-12-06-27-AM_png_jpg.rf.bfdf29689fcfedcc7961b48114c370a7.jpg, 0, 0, 0, 0, 1, 0, 0, 0, 0, 0, 0, 0, 0, 0, 0, 0, 0, 0, 0, 0, 0, 0, 0, 0, 0, 0, 0, 0, 0, 0
a1-JPG6dim_jpg.rf.c024bf2165a02dce8e783966358fbc89.jpg, 0, 1, 0, 0, 0, 0, 0, 0, 0, 0, 0, 0, 0, 0, 0, 0, 0, 0, 0, 0, 0, 0, 0, 0, 0, 0, 0, 0, 0, 0
Screen-Shot-2023-07-15-at-11-46-38-PM_png.rf.bf8f075f6c87de1d06bbf6c5fbd34bcb.jpg, 0, 0, 0, 0, 0, 0, 0, 0, 0, 0, 0, 0, 0, 0, 0, 0, 0, 0, 0, 0, 0, 0, 0, 1, 0, 0, 0, 0, 0, 0
Screen-Shot-2023-07-15-at-11-49-13-PM_png_jpg.rf.bf05ac255901318b26a171244f347308.jpg, 0, 0, 0, 0, 0, 0, 0, 0, 0, 0, 0, 0, 0, 0, 0, 0, 0, 0, 0, 0, 0, 0, 0, 0, 1, 0, 0, 0, 0, 0
Screen-Shot-2023-07-16-at-11-52-45-PM_png_jpg.rf.be5a23041d73987ce4746f2658845ed7.jpg, 0, 0, 0, 0, 0, 1, 0, 0, 0, 0, 0, 0, 0, 0, 0, 0, 0, 0, 0, 0, 0, 0, 0, 0, 0, 0, 0, 0, 0, 0
Screen-Shot-2023-07-16-at-11-50-27-PM_png.rf.bff775f4478acb9cd2a403afd05817fe.jpg, 0, 0, 0, 1, 0, 0, 0, 0, 0, 0, 0, 0, 0, 0, 0, 0, 0, 0, 0, 0, 0, 0, 0, 0, 0, 0, 0, 0, 0, 0
l1-JPG3rot_jpg.rf.bfaae29227debdf8abc7b6c1e938db34.jpg, 0, 0, 0, 0, 0, 0, 0, 0, 0, 0, 0, 0, 0, 1, 0, 0, 0, 0, 0, 0, 0, 0, 0, 0, 0, 0, 0, 0, 0, 0
Screen-Shot-2023-07-16-at-11-48-02-PM_png_jpg.rf.c004669f0886411d309b8474f3b4ae65.jpg, 0, 0, 0, 1, 0, 0, 0, 0, 0, 0, 0, 0, 0, 0, 0, 0, 0, 0, 0, 0, 0, 0, 0, 0, 0, 0, 0, 0, 0, 0
Screen-Shot-2023-07-16-at-12-03-47-AM_png_jpg.rf.bf6483cfefd06d434ceaaa40c24057f4.jpg, 0, 0, 0, 0, 0, 0, 0, 0, 0, 0, 0, 0, 0, 0, 0, 0, 0, 0, 0, 0, 0, 0, 0, 0, 0, 0, 0, 0, 0, 1
Screen-Shot-2023-07-15-at-10-59-21-PM_png_jpg.rf.c0e96012826195d36f87b8bfc2ad9074.jpg, 0, 0, 1, 0, 0, 0, 0, 0, 0, 0, 0, 0, 0, 0, 0, 0, 0, 0, 0, 0, 0, 0, 0, 0, 0, 0, 0, 0, 0, 0
n1-JPG1dim_jpg.rf.c0239488928276701e865b5fa3b4e004.jpg, 0, 0, 0, 0, 0, 0, 0, 0, 0, 0, 0, 0, 0, 0, 0, 1, 0, 0, 0, 0, 0, 0, 0, 0, 0, 0, 0, 0, 0, 0
Screen-Shot-2023-07-15-at-11-35-01-PM_png_jpg.rf.c12b23e016d9e4263af2f146f66e314e.jpg, 0, 0, 0, 0, 0, 0, 0, 0, 0, 0, 0, 0, 0, 0, 0, 0, 0, 0, 0, 1, 0, 0, 0, 0, 0, 0, 0, 0, 0, 0
Screen-Shot-2023-07-15-at-11-46-20-PM_png_jpg.rf.c0e4c4a8db10f786db0212ede30b464a.jpg, 0, 0, 0, 0, 0, 0, 0, 0, 0, 0, 0, 0, 0, 0, 0, 0, 0, 0, 0, 0, 0, 0, 0, 1, 0, 0, 0, 0, 0, 0
q1-JPG8rot_jpg.rf.c030dcbaf993985fa9716dd931cc4435.jpg, 0, 0, 0, 0, 0, 0, 0, 0, 0, 0, 0, 0, 0, 0, 0, 0, 0, 0, 0, 1, 0, 0, 0, 0, 0, 0, 0, 0, 0, 0
Screen-Shot-2023-07-15-at-11-01-44-PM_png_jpg.rf.c09a7d0bd1eafada5453c05cdaf86f8e.jpg, 0, 0, 0, 1, 0, 0, 0, 0, 0, 0, 0, 0, 0, 0, 0, 0, 0, 0, 0, 0, 0, 0, 0, 0, 0, 0, 0, 0, 0, 0
Screen-Shot-2023-07-16-at-12-01-32-AM_png_jpg.rf.c06f6c1aa8b3ad835891860e6a2af9bb.jpg, 0, 0, 0, 0, 0, 0, 0, 0, 0, 0, 0, 0, 0, 0, 0, 0, 0, 0, 0, 0, 0, 0, 0, 0, 0, 0, 0, 0, 1, 0
Screen-Shot-2023-07-17-at-12-13-27-AM_png.rf.c0a0a9b638316cfedf6f7f9fea03eefb.jpg, 0, 0, 0, 0, 0, 0, 0, 0, 0, 0, 0, 0, 0, 0, 0, 0, 0, 0, 0, 0, 0, 0, 0, 0, 1, 0, 0, 0, 0, 0
v1-JPG14whs_jpg.rf.bec77999dc64a1e794cf37cc6827e170.jpg, 0, 0, 0, 0, 0, 0, 0, 0, 0, 0, 0, 0, 0, 0, 0, 0, 0, 0, 0, 0, 0, 0, 0, 0, 0, 1, 0, 0, 0, 0
Screen-Shot-2023-07-15-at-11-57-50-PM_png_jpg.rf.c14c8de8e6919b32df75f388e5e98bd6.jpg, 0, 0, 0, 0, 0, 0, 0, 0, 0, 0, 0, 0, 0, 0, 0, 0, 0, 0, 0, 0, 0, 0, 0, 0, 0, 0, 1, 0, 0, 0
Screen-Shot-2023-07-16-at-11-47-15-PM_png_jpg.rf.c03383493f66072c35576d68a9326f0e.jpg, 0, 0, 1, 0, 0, 0, 0, 0, 0, 0, 0, 0, 0, 0, 0, 0, 0, 0, 0, 0, 0, 0, 0, 0, 0, 0, 0, 0, 0, 0
Screen-Shot-2023-07-17-at-12-22-02-AM_png_jpg.rf.c15b369dcc6d513aed936227ec94fc11.jpg, 0, 0, 0, 0, 0, 0, 0, 0, 0, 0, 0, 0, 0, 0, 0, 0, 0, 0, 1, 0, 0, 0, 0, 0, 0, 0, 0, 0, 0, 0
Screen-Shot-2023-07-16-at-11-43-16-PM_png_jpg.rf.c0e409e01b3112e8f31436a846640f37.jpg, 0, 1, 0, 0, 0, 0, 0, 0, 0, 0, 0, 0, 0, 0, 0, 0, 0, 0, 0, 0, 0, 0, 0, 0, 0, 0, 0, 0, 0, 0
Screen-Shot-2023-07-15-at-10-58-39-PM_png_jpg.rf.c08d62d4b45c24750de4963305b30470.jpg, 0, 0, 1, 0, 0, 0, 0, 0, 0, 0, 0, 0, 0, 0, 0, 0, 0, 0, 0, 0, 0, 0, 0, 0, 0, 0, 0, 0, 0, 0
Screen-Shot-2023-07-15-at-11-59-21-PM_png_jpg.rf.c14d29a6fafbe63a42e78b3525847876.jpg, 0, 0, 0, 0, 0, 0, 0, 0, 0, 0, 0, 0, 0, 0, 0, 0, 0, 0, 0, 0, 0, 0, 0, 0, 0, 0, 0, 1, 0, 0
s1-JPG2whs_jpg.rf.c1c19a38f742e0586f9fa6d506b6ef72.jpg, 0, 0, 0, 0, 0, 0, 0, 0, 0, 0, 0, 0, 0, 0, 0, 0, 0, 0, 0, 0, 0, 0, 1, 0, 0, 0, 0, 0, 0, 0
Screen-Shot-2023-07-15-at-10-47-56-PM_png_jpg.rf.c1cdf54e1242efc9399fc984e42cda39.jpg, 0, 0, 0, 1, 0, 0, 0, 0, 0, 0, 0, 0, 0, 0, 0, 0, 0, 0, 0, 0, 0, 0, 0, 0, 0, 0, 0, 0, 0, 0
Screen-Shot-2023-07-15-at-11-01-18-PM_png_jpg.rf.c1f59b4d921c537056dc5953f964eaff.jpg, 0, 0, 0, 1, 0, 0, 0, 0, 0, 0, 0, 0, 0, 0, 0, 0, 0, 0, 0, 0, 0, 0, 0, 0, 0, 0, 0, 0, 0, 0
y1-JPG2whs_jpg.rf.c17f3cbae3f08a970850437cc1c0a8ed.jpg, 0, 0, 0, 0, 0, 0, 0, 0, 0, 0, 0, 0, 0, 0, 0, 0, 0, 0, 0, 0, 0, 0, 0, 0, 0, 0, 0, 0, 0, 1
Screen-Shot-2023-07-16-at-12-07-08-AM_png.rf.c162f388eff25aef94660bf7cd50f089.jpg, 0, 0, 0, 0, 1, 0, 0, 0, 0, 0, 0, 0, 0, 0, 0, 0, 0, 0, 0, 0, 0, 0, 0, 0, 0, 0, 0, 0, 0, 0
Screen-Shot-2023-07-15-at-10-47-56-PM_png_jpg.rf.c1eb992fdf2753e2f1815f340c4ca870.jpg, 0, 0, 0, 1, 0, 0, 0, 0, 0, 0, 0, 0, 0, 0, 0, 0, 0, 0, 0, 0, 0, 0, 0, 0, 0, 0, 0, 0, 0, 0
g1-JPG19dim_jpg.rf.c13f67010bde7242c6e31070213e5a38.jpg, 0, 0, 0, 0, 0, 0, 0, 0, 1, 0, 0, 0, 0, 0, 0, 0, 0, 0, 0, 0, 0, 0, 0, 0, 0, 0, 0, 0, 0, 0
Screen-Shot-2023-07-16-at-12-09-57-AM_png_jpg.rf.c1d8b7f68765d16c7ae4077d5af6fe66.jpg, 0, 0, 0, 0, 0, 0, 0, 0, 0, 0, 0, 0, 0, 0, 0, 0, 0, 0, 0, 0, 1, 0, 0, 0, 0, 0, 0, 0, 0, 0
Screen-Shot-2023-07-17-at-12-16-17-AM_png_jpg.rf.c1cdc93af5f04368d988ed658caf00cf.jpg, 0, 0, 0, 0, 0, 0, 0, 0, 0, 0, 0, 0, 0, 0, 0, 0, 0, 0, 0, 0, 0, 0, 0, 0, 0, 0, 0, 1, 0, 0
Screen-Shot-2023-07-15-at-11-29-18-PM_png_jpg.rf.c211c65867de8b6a7c58f04ef3a36799.jpg, 0, 0, 0, 0, 0, 0, 0, 0, 0, 0, 0, 0, 0, 0, 0, 0, 1, 0, 0, 0, 0, 0, 0, 0, 0, 0, 0, 0, 0, 0
Screen-Shot-2023-07-15-at-11-20-36-PM_png_jpg.rf.c1a52ee06c293cd5ff7ccb255c575cb6.jpg, 0, 0, 0, 0, 0, 0, 0, 0, 0, 0, 0, 0, 0, 1, 0, 0, 0, 0, 0, 0, 0, 0, 0, 0, 0, 0, 0, 0, 0, 0
j1-JPG7dim_jpg.rf.c2348ed192fd6557e4cb76685015ba50.jpg, 1, 0, 0, 0, 0, 0, 0, 0, 0, 0, 0, 0, 0, 0, 0, 0, 0, 0, 0, 0, 0, 0, 0, 0, 0, 0, 0, 0, 0, 0
Screen-Shot-2023-07-15-at-11-27-07-PM_png_jpg.rf.c210590ecddf4dc47c91cb17e4f3ccdb.jpg, 0, 0, 0, 0, 0, 0, 0, 0, 0, 0, 0, 0, 0, 0, 0, 1, 0, 0, 0, 0, 0, 0, 0, 0, 0, 0, 0, 0, 0, 0
Screen-Shot-2023-07-15-at-11-49-50-PM_png_jpg.rf.c079006426c5a97bcd1e06f19cfd5d55.jpg, 0, 0, 0, 0, 0, 0, 0, 0, 0, 0, 0, 0, 0, 0, 0, 0, 0, 0, 0, 0, 0, 0, 0, 0, 1, 0, 0, 0, 0, 0
Screen-Shot-2023-07-17-at-12-20-55-AM_png_jpg.rf.c1e581b489d42b5ad9784a72027116cf.jpg, 0, 0, 0, 0, 0, 0, 0, 0, 0, 0, 0, 0, 0, 0, 0, 0, 0, 0, 1, 0, 0, 0, 0, 0, 0, 0, 0, 0, 0, 0
u1-JPG3whs_jpg.rf.c2237cca2adc142d2a349ce79b4eb639.jpg, 0, 0, 0, 0, 0, 0, 0, 0, 0, 0, 0, 0, 0, 0, 0, 0, 0, 0, 0, 0, 0, 0, 0, 0, 1, 0, 0, 0, 0, 0
Screen-Shot-2023-07-17-at-12-15-28-AM_png_jpg.rf.c248ea7389953b9be04d542c2fc600d2.jpg, 0, 0, 0, 0, 0, 0, 0, 0, 0, 0, 0, 0, 0, 0, 0, 0, 0, 0, 0, 0, 0, 0, 0, 0, 0, 0, 1, 0, 0, 0
Screen-Shot-2023-07-17-at-12-17-57-AM_png_jpg.rf.c23a2ac9ed879cd549dac2623b4fd75e.jpg, 0, 0, 0, 0, 0, 0, 0, 0, 0, 0, 0, 0, 0, 0, 0, 0, 0, 0, 0, 0, 0, 0, 0, 0, 0, 0, 0, 0, 1, 0
Screen-Shot-2023-07-15-at-11-36-25-PM_png_jpg.rf.c296796a6f4413efeb63aca2ccb09f76.jpg, 0, 0, 0, 0, 0, 0, 0, 0, 0, 0, 0, 0, 0, 0, 0, 0, 0, 0, 0, 1, 0, 0, 0, 0, 0, 0, 0, 0, 0, 0
Screen-Shot-2023-07-15-at-11-36-55-PM_png_jpg.rf.c2469912ebe9a4456c44e78ff32f07e9.jpg, 0, 0, 0, 0, 0, 0, 0, 0, 0, 0, 0, 0, 0, 0, 0, 0, 0, 0, 0, 1, 0, 0, 0, 0, 0, 0, 0, 0, 0, 0
Screen-Shot-2023-07-15-at-10-58-09-PM_png_jpg.rf.c2a92753d4944dd12f1723d0258e923d.jpg, 0, 0, 1, 0, 0, 0, 0, 0, 0, 0, 0, 0, 0, 0, 0, 0, 0, 0, 0, 0, 0, 0, 0, 0, 0, 0, 0, 0, 0, 0
m1-JPG8whs_jpg.rf.c3362bb1346555af6995f9fddd590f96.jpg, 0, 0, 0, 0, 0, 0, 0, 0, 0, 0, 0, 0, 0, 0, 1, 0, 0, 0, 0, 0, 0, 0, 0, 0, 0, 0, 0, 0, 0, 0
Screen-Shot-2023-07-15-at-11-20-22-PM-copy_png_jpg.rf.c33fd4bfd236c0a475e468037c2e9baf.jpg, 0, 0, 0, 0, 0, 0, 0, 0, 0, 0, 0, 0, 0, 1, 0, 0, 0, 0, 0, 0, 0, 0, 0, 0, 0, 0, 0, 0, 0, 0
Screen-Shot-2023-07-15-at-11-58-18-PM_png_jpg.rf.c30a9ba1bc7d4eecd470154a06426606.jpg, 0, 0, 0, 0, 0, 0, 0, 0, 0, 0, 0, 0, 0, 0, 0, 0, 0, 0, 0, 0, 0, 0, 0, 0, 0, 0, 0, 1, 0, 0
Screen-Shot-2023-07-17-at-12-13-03-AM_png_jpg.rf.c27c0fc5de0652516c235ea1c5486de2.jpg, 0, 0, 0, 0, 0, 0, 0, 0, 0, 0, 0, 0, 0, 0, 0, 0, 0, 0, 0, 0, 0, 0, 0, 1, 0, 0, 0, 0, 0, 0
Screen-Shot-2023-07-17-at-12-18-06-AM_png_jpg.rf.c42d47445afe33fbc2b81b9575890cf9.jpg, 0, 0, 0, 0, 0, 0, 0, 0, 0, 0, 0, 0, 0, 0, 0, 0, 0, 0, 0, 0, 0, 0, 0, 0, 0, 0, 0, 0, 1, 0
Screen-Shot-2023-07-15-at-11-14-24-PM_png_jpg.rf.c4102b8d8d971ff4363519b0b5a4dbf8.jpg, 0, 0, 0, 0, 0, 0, 0, 0, 0, 0, 0, 1, 0, 0, 0, 0, 0, 0, 0, 0, 0, 0, 0, 0, 0, 0, 0, 0, 0, 0
Screen-Shot-2023-07-15-at-11-12-05-PM_png_jpg.rf.c40fd515bbd47dc8f8bcc1b33201cf0b.jpg, 0, 0, 0, 0, 0, 0, 0, 0, 0, 0, 1, 0, 0, 0, 0, 0, 0, 0, 0, 0, 0, 0, 0, 0, 0, 0, 0, 0, 0, 0
Screen-Shot-2023-07-17-at-12-03-03-AM_png.rf.c475d73945b853ce45521c1704c0b868.jpg, 0, 0, 0, 0, 0, 0, 0, 0, 0, 0, 0, 0, 1, 0, 0, 0, 0, 0, 0, 0, 0, 0, 0, 0, 0, 0, 0, 0, 0, 0
Screen-Shot-2023-07-15-at-10-56-00-PM_png_jpg.rf.c44d112b971bf9ce4d60573e4668f653.jpg, 0, 1, 0, 0, 0, 0, 0, 0, 0, 0, 0, 0, 0, 0, 0, 0, 0, 0, 0, 0, 0, 0, 0, 0, 0, 0, 0, 0, 0, 0
Screen-Shot-2023-07-17-at-12-04-03-AM_png_jpg.rf.c4dedf1d09c63ad41b3bf1a6fdebb37f.jpg, 0, 0, 0, 0, 0, 0, 0, 0, 0, 0, 0, 0, 0, 1, 0, 0, 0, 0, 0, 0, 0, 0, 0, 0, 0, 0, 0, 0, 0, 0
Screen-Shot-2023-07-15-at-11-02-53-PM_png_jpg.rf.c531d24d340bf93b59df6158f63fc488.jpg, 0, 0, 0, 0, 0, 1, 0, 0, 0, 0, 0, 0, 0, 0, 0, 0, 0, 0, 0, 0, 0, 0, 0, 0, 0, 0, 0, 0, 0, 0
Screen-Shot-2023-07-16-at-11-54-23-PM_png.rf.c1d40d762bdad10dece63ce3a1cfeaf8.jpg, 0, 0, 0, 0, 0, 0, 1, 0, 0, 0, 0, 0, 0, 0, 0, 0, 0, 0, 0, 0, 0, 0, 0, 0, 0, 0, 0, 0, 0, 0
v1-JPG8dim_jpg.rf.c4405b9bdddeb6885aa25cee5ed75103.jpg, 0, 0, 0, 0, 0, 0, 0, 0, 0, 0, 0, 0, 0, 0, 0, 0, 0, 0, 0, 0, 0, 0, 0, 0, 0, 1, 0, 0, 0, 0
Screen-Shot-2023-07-17-at-12-06-40-AM_png_jpg.rf.c50593bd39edb5364b6c4e7f940ead34.jpg, 0, 0, 0, 0, 0, 0, 0, 0, 0, 0, 0, 0, 0, 0, 1, 0, 0, 0, 0, 0, 0, 0, 0, 0, 0, 0, 0, 0, 0, 0
Screen-Shot-2023-07-17-at-12-12-11-AM_png_jpg.rf.c52dd1dc697d0338dc1cdb5c586edef6.jpg, 0, 0, 0, 0, 0, 0, 0, 0, 0, 0, 0, 0, 0, 0, 0, 0, 0, 0, 0, 0, 0, 0, 1, 0, 0, 0, 0, 0, 0, 0
Screen-Shot-2023-07-16-at-12-03-09-AM_png_jpg.rf.c36409d4d000b9592545065405f925e7.jpg, 0, 0, 0, 0, 0, 0, 0, 0, 0, 0, 0, 0, 0, 0, 0, 0, 0, 0, 0, 0, 0, 0, 0, 0, 0, 0, 0, 0, 0, 1
Screen-Shot-2023-07-15-at-10-48-38-PM-copy-2_png_jpg.rf.c5381479bd9af0bd7f65a8df2cafb0cb.jpg, 0, 0, 0, 0, 0, 0, 1, 0, 0, 0, 0, 0, 0, 0, 0, 0, 0, 0, 0, 0, 0, 0, 0, 0, 0, 0, 0, 0, 0, 0
Screen-Shot-2023-07-11-at-12-28-38-PM_png_jpg.rf.c5487fa910e82add20bd49f69ec69a0c.jpg, 0, 0, 0, 0, 1, 0, 0, 0, 0, 0, 0, 0, 0, 0, 0, 0, 0, 0, 0, 0, 0, 0, 0, 0, 0, 0, 0, 0, 0, 0
c1-JPG6rot_jpg.rf.c3a4888407d8db46f65f1d9f439fe400.jpg, 0, 0, 0, 1, 0, 0, 0, 0, 0, 0, 0, 0, 0, 0, 0, 0, 0, 0, 0, 0, 0, 0, 0, 0, 0, 0, 0, 0, 0, 0
o1-JPG6dim_jpg.rf.c59e364f9901d7f5a0ad24770b812089.jpg, 1, 0, 0, 0, 0, 0, 0, 0, 0, 0, 0, 0, 0, 0, 0, 0, 0, 0, 0, 0, 0, 0, 0, 0, 0, 0, 0, 0, 0, 0
h1-JPG9dim_jpg.rf.c292a36561ecbdbc756022721bff8192.jpg, 0, 0, 0, 0, 0, 0, 0, 0, 0, 1, 0, 0, 0, 0, 0, 0, 0, 0, 0, 0, 0, 0, 0, 0, 0, 0, 0, 0, 0, 0
Screen-Shot-2023-07-15-at-11-40-51-PM_png_jpg.rf.c621911edfa64643c39f9af0b0773e6e.jpg, 0, 0, 0, 0, 0, 0, 0, 0, 0, 0, 0, 0, 0, 0, 0, 0, 0, 0, 0, 0, 0, 1, 0, 0, 0, 0, 0, 0, 0, 0
Screen-Shot-2023-07-17-at-12-14-04-AM_png_jpg.rf.c5af7b1984fa058e4ce1f8158679c068.jpg, 0, 0, 0, 0, 0, 0, 0, 0, 0, 0, 0, 0, 0, 0, 0, 0, 0, 0, 0, 0, 0, 0, 0, 0, 1, 0, 0, 0, 0, 0
Screen-Shot-2023-07-15-at-11-10-37-PM_png_jpg.rf.c6d5988e4daddadebe4101b3a2f30868.jpg, 0, 0, 0, 0, 0, 0, 0, 0, 0, 1, 0, 0, 0, 0, 0, 0, 0, 0, 0, 0, 0, 0, 0, 0, 0, 0, 0, 0, 0, 0
Screen-Shot-2023-07-11-at-12-28-38-PM_png_jpg.rf.c62b58945119808a6599a971239f7ee4.jpg, 0, 0, 0, 0, 1, 0, 0, 0, 0, 0, 0, 0, 0, 0, 0, 0, 0, 0, 0, 0, 0, 0, 0, 0, 0, 0, 0, 0, 0, 0
Screen-Shot-2023-07-15-at-11-02-17-PM_png_jpg.rf.c5a009b3a4bd772ab3172c77097c3703.jpg, 0, 0, 0, 1, 0, 0, 0, 0, 0, 0, 0, 0, 0, 0, 0, 0, 0, 0, 0, 0, 0, 0, 0, 0, 0, 0, 0, 0, 0, 0
Screen-Shot-2023-07-15-at-10-59-30-PM_png_jpg.rf.c6de4dc238d5cea9f0909d4a4d06b19e.jpg, 0, 0, 1, 0, 0, 0, 0, 0, 0, 0, 0, 0, 0, 0, 0, 0, 0, 0, 0, 0, 0, 0, 0, 0, 0, 0, 0, 0, 0, 0
p1-JPG1rot_jpg.rf.c69ee24704b1f90da4efd27b9e51ba9c.jpg, 0, 0, 0, 0, 0, 0, 0, 0, 0, 0, 0, 0, 0, 0, 0, 0, 0, 1, 0, 0, 0, 0, 0, 0, 0, 0, 0, 0, 0, 0
Screen-Shot-2023-07-17-at-12-21-11-AM_png_jpg.rf.c691710d6d1016903401e942815f2c0e.jpg, 0, 0, 0, 0, 0, 0, 0, 0, 0, 0, 0, 0, 0, 0, 0, 0, 0, 0, 1, 0, 0, 0, 0, 0, 0, 0, 0, 0, 0, 0
r1-JPG16whs_jpg.rf.c6ed5533240bafd50cfec48a46df22e9.jpg, 0, 0, 0, 0, 0, 0, 0, 0, 0, 0, 0, 0, 0, 0, 0, 0, 0, 0, 0, 0, 0, 1, 0, 0, 0, 0, 0, 0, 0, 0
Screen-Shot-2023-07-15-at-11-08-01-PM_png_jpg.rf.c6d05997f9a44f713da10004bfd0d9a8.jpg, 0, 0, 0, 0, 0, 0, 0, 0, 1, 0, 0, 0, 0, 0, 0, 0, 0, 0, 0, 0, 0, 0, 0, 0, 0, 0, 0, 0, 0, 0
Screen-Shot-2023-07-15-at-11-55-36-PM_png_jpg.rf.c4c2c5748e33a5c2a3586111a6c75920.jpg, 0, 0, 0, 0, 0, 0, 0, 0, 0, 0, 0, 0, 0, 0, 0, 0, 0, 0, 0, 0, 0, 0, 0, 0, 0, 1, 0, 0, 0, 0
b1-JPG14dim_jpg.rf.c5ebcb8f5bb4b8a0ee57695d3ffde855.jpg, 0, 0, 1, 0, 0, 0, 0, 0, 0, 0, 0, 0, 0, 0, 0, 0, 0, 0, 0, 0, 0, 0, 0, 0, 0, 0, 0, 0, 0, 0
k1-JPG15whs_jpg.rf.c6033b457d73cf8fd9f683ac3fbdc46c.jpg, 0, 0, 0, 0, 0, 0, 0, 0, 0, 0, 0, 0, 1, 0, 0, 0, 0, 0, 0, 0, 0, 0, 0, 0, 0, 0, 0, 0, 0, 0
Screen-Shot-2023-07-15-at-11-09-12-PM_png.rf.c607157ceea1fb8b8f285b393f8e2c61.jpg, 0, 0, 0, 0, 0, 0, 0, 0, 1, 0, 0, 0, 0, 0, 0, 0, 0, 0, 0, 0, 0, 0, 0, 0, 0, 0, 0, 0, 0, 0
Screen-Shot-2023-07-15-at-11-22-35-PM_png_jpg.rf.c51ff4a97daf1fbd470005ceee1f2766.jpg, 0, 0, 0, 0, 0, 0, 0, 0, 0, 0, 0, 0, 0, 0, 1, 0, 0, 0, 0, 0, 0, 0, 0, 0, 0, 0, 0, 0, 0, 0
Screen-Shot-2023-07-15-at-10-59-38-PM_png.rf.c621a369fe1b5748bee66321702764ad.jpg, 0, 0, 1, 0, 0, 0, 0, 0, 0, 0, 0, 0, 0, 0, 0, 0, 0, 0, 0, 0, 0, 0, 0, 0, 0, 0, 0, 0, 0, 0
b1-JPG3rot_jpg.rf.c6f42639b4d5a1238e2b3058ea549ccc.jpg, 1, 0, 0, 0, 0, 0, 0, 0, 0, 0, 0, 0, 0, 0, 0, 0, 0, 0, 0, 0, 0, 0, 0, 0, 0, 0, 0, 0, 0, 0
Screen-Shot-2023-07-15-at-11-36-55-PM_png_jpg.rf.c6f7a0416cbf6d8d6d0f01581397dcb2.jpg, 0, 0, 0, 0, 0, 0, 0, 0, 0, 0, 0, 0, 0, 0, 0, 0, 0, 0, 0, 1, 0, 0, 0, 0, 0, 0, 0, 0, 0, 0
u1-JPG8rot_jpg.rf.c5cb0a8142d2d9407d622a8d1817d604.jpg, 0, 0, 0, 0, 0, 0, 0, 0, 0, 0, 0, 0, 0, 0, 0, 0, 0, 0, 0, 0, 0, 0, 0, 0, 1, 0, 0, 0, 0, 0
l1-JPG12dim_jpg.rf.c4c91ca1f74a46563d36a768eb1e09b5.jpg, 0, 0, 0, 0, 0, 0, 0, 0, 0, 0, 0, 0, 0, 1, 0, 0, 0, 0, 0, 0, 0, 0, 0, 0, 0, 0, 0, 0, 0, 0
Screen-Shot-2023-07-15-at-11-48-52-PM-copy-2_png.rf.c7324a3368dd8e39efbad457c9fa4f91.jpg, 0, 0, 0, 0, 0, 0, 0, 0, 0, 0, 0, 0, 0, 0, 0, 0, 0, 0, 0, 0, 0, 0, 0, 0, 1, 0, 0, 0, 0, 0
c1-JPG7dim_jpg.rf.c765de8d913be665b0a8b48f99687b4a.jpg, 0, 0, 0, 1, 0, 0, 0, 0, 0, 0, 0, 0, 0, 0, 0, 0, 0, 0, 0, 0, 0, 0, 0, 0, 0, 0, 0, 0, 0, 0
Screen-Shot-2023-07-15-at-11-12-42-PM_png_jpg.rf.c711367dbe88a267024a41b381f09d1d.jpg, 0, 0, 0, 0, 0, 0, 0, 0, 0, 0, 1, 0, 0, 0, 0, 0, 0, 0, 0, 0, 0, 0, 0, 0, 0, 0, 0, 0, 0, 0
b1-JPG8whs_jpg.rf.c73a28283c6eb9f7c9d7b03582387874.jpg, 0, 0, 1, 0, 0, 0, 0, 0, 0, 0, 0, 0, 0, 0, 0, 0, 0, 0, 0, 0, 0, 0, 0, 0, 0, 0, 0, 0, 0, 0
j1-JPG10dim_jpg.rf.c7837aa3fa07b70369c5d7bca983e7e9.jpg, 0, 0, 0, 0, 0, 0, 0, 0, 0, 0, 0, 1, 0, 0, 0, 0, 0, 0, 0, 0, 0, 0, 0, 0, 0, 0, 0, 0, 0, 0
Screen-Shot-2023-07-17-at-12-10-25-AM_png_jpg.rf.c7d727eaf52d1e395e03f1e2ec11fbdf.jpg, 0, 0, 0, 0, 0, 0, 0, 0, 0, 0, 0, 0, 0, 0, 0, 0, 0, 0, 0, 1, 0, 0, 0, 0, 0, 0, 0, 0, 0, 0
Screen-Shot-2023-07-17-at-12-22-39-AM_png_jpg.rf.c75f44d82e126702cda76b33fbc22914.jpg, 0, 0, 0, 0, 0, 0, 0, 0, 0, 0, 0, 0, 0, 0, 0, 0, 0, 0, 0, 0, 1, 0, 0, 0, 0, 0, 0, 0, 0, 0
s1-JPG11rot_jpg.rf.c7966d67d6b925294a16bfd1710914ea.jpg, 1, 0, 0, 0, 0, 0, 0, 0, 0, 0, 0, 0, 0, 0, 0, 0, 0, 0, 0, 0, 0, 0, 0, 0, 0, 0, 0, 0, 0, 0
k1-JPG14rot_jpg.rf.c74ae4b9c0fc262dc8322b9c458c2bbb.jpg, 0, 0, 0, 0, 0, 0, 0, 0, 0, 0, 0, 0, 1, 0, 0, 0, 0, 0, 0, 0, 0, 0, 0, 0, 0, 0, 0, 0, 0, 0
f1-JPG13whs_jpg.rf.c66642207b8f0dd8f805135c592c6fa7.jpg, 0, 0, 0, 0, 0, 0, 0, 1, 0, 0, 0, 0, 0, 0, 0, 0, 0, 0, 0, 0, 0, 0, 0, 0, 0, 0, 0, 0, 0, 0
Screen-Shot-2023-07-15-at-11-55-58-PM_png_jpg.rf.c7b7e759123f8bbb14d83bb393cd90f5.jpg, 0, 0, 0, 0, 0, 0, 0, 0, 0, 0, 0, 0, 0, 0, 0, 0, 0, 0, 0, 0, 0, 0, 0, 0, 0, 1, 0, 0, 0, 0
Screen-Shot-2023-07-16-at-12-16-54-PM_png.rf.c6f6b1039ee90299a42230e135a32553.jpg, 0, 0, 0, 0, 0, 0, 0, 0, 0, 0, 0, 0, 0, 0, 0, 0, 0, 0, 1, 0, 0, 0, 0, 0, 0, 0, 0, 0, 0, 0
p1-JPG15rot_jpg.rf.c7bc024213038432334b43c6743a21fd.jpg, 0, 0, 0, 0, 0, 0, 0, 0, 0, 0, 0, 0, 0, 0, 0, 0, 0, 1, 0, 0, 0, 0, 0, 0, 0, 0, 0, 0, 0, 0
Screen-Shot-2023-07-17-at-12-03-41-AM_png_jpg.rf.c7a9505ddd57d5ccb913d7856d49c80e.jpg, 0, 0, 0, 0, 0, 0, 0, 0, 0, 0, 0, 0, 0, 1, 0, 0, 0, 0, 0, 0, 0, 0, 0, 0, 0, 0, 0, 0, 0, 0
Screen-Shot-2023-07-16-at-12-00-26-AM_png_jpg.rf.c6219891f99bc97181cd313a880d9840.jpg, 0, 0, 0, 0, 0, 0, 0, 0, 0, 0, 0, 0, 0, 0, 0, 0, 0, 0, 0, 0, 0, 0, 0, 0, 0, 0, 0, 1, 0, 0
Screen-Shot-2023-07-15-at-11-07-47-PM_png_jpg.rf.c734aa59275a4e025a88cdb86cd673a1.jpg, 0, 0, 0, 0, 0, 0, 0, 0, 1, 0, 0, 0, 0, 0, 0, 0, 0, 0, 0, 0, 0, 0, 0, 0, 0, 0, 0, 0, 0, 0
Screen-Shot-2023-07-15-at-11-00-36-PM_png.rf.c7acea13351bd176a1154cfacf36975c.jpg, 0, 0, 0, 1, 0, 0, 0, 0, 0, 0, 0, 0, 0, 0, 0, 0, 0, 0, 0, 0, 0, 0, 0, 0, 0, 0, 0, 0, 0, 0
b1-JPG15whs_jpg.rf.c7baf501a0397964ce6ed709e938a814.jpg, 0, 0, 1, 0, 0, 0, 0, 0, 0, 0, 0, 0, 0, 0, 0, 0, 0, 0, 0, 0, 0, 0, 0, 0, 0, 0, 0, 0, 0, 0
Screen-Shot-2023-07-17-at-12-05-40-AM_png_jpg.rf.c73b168f048282e6847dcabd818cb877.jpg, 0, 0, 0, 0, 0, 0, 0, 0, 0, 0, 0, 0, 0, 1, 0, 0, 0, 0, 0, 0, 0, 0, 0, 0, 0, 0, 0, 0, 0, 0
Screen-Shot-2023-07-15-at-11-31-58-PM_png_jpg.rf.c8237d2c98ab9227c927c9b861d30f8d.jpg, 0, 0, 0, 0, 0, 0, 0, 0, 0, 0, 0, 0, 0, 0, 0, 0, 1, 0, 0, 0, 0, 0, 0, 0, 0, 0, 0, 0, 0, 0
t1-JPG17dim_jpg.rf.c7c70de658155262b19dc12614d517c7.jpg, 0, 0, 0, 0, 0, 0, 0, 0, 0, 0, 0, 0, 0, 0, 0, 0, 0, 0, 0, 0, 0, 0, 0, 1, 0, 0, 0, 0, 0, 0
Screen-Shot-2023-07-16-at-12-01-04-AM_png_jpg.rf.c841bb89f2e0e9469aea685056bd14e3.jpg, 0, 0, 0, 0, 0, 0, 0, 0, 0, 0, 0, 0, 0, 0, 0, 0, 0, 0, 0, 0, 0, 0, 0, 0, 0, 0, 0, 0, 1, 0
Screen-Shot-2023-07-17-at-12-20-55-AM_png_jpg.rf.c8126c1e90b15e07ef2c9970e39529aa.jpg, 0, 0, 0, 0, 0, 0, 0, 0, 0, 0, 0, 0, 0, 0, 0, 0, 0, 0, 1, 0, 0, 0, 0, 0, 0, 0, 0, 0, 0, 0
Screen-Shot-2023-07-15-at-11-22-57-PM_png.rf.c86fb0c8981013a0024b1c0357cbbe25.jpg, 0, 0, 0, 0, 0, 0, 0, 0, 0, 0, 0, 0, 0, 0, 1, 0, 0, 0, 0, 0, 0, 0, 0, 0, 0, 0, 0, 0, 0, 0
e1-JPG15rot_jpg.rf.c876df73d0cfb8808ea78d3f3b7e44d2.jpg, 0, 0, 0, 0, 0, 0, 1, 0, 0, 0, 0, 0, 0, 0, 0, 0, 0, 0, 0, 0, 0, 0, 0, 0, 0, 0, 0, 0, 0, 0
Screen-Shot-2023-07-16-at-11-59-14-PM_png_jpg.rf.c8ab4242489d58a9fa25179a389507b4.jpg, 0, 0, 0, 0, 0, 0, 0, 0, 0, 1, 0, 0, 0, 0, 0, 0, 0, 0, 0, 0, 0, 0, 0, 0, 0, 0, 0, 0, 0, 0
o1-JPG3whs_jpg.rf.c8938fc355c7fb390c2083b9076b06db.jpg, 0, 0, 0, 0, 0, 0, 0, 0, 0, 0, 0, 0, 0, 0, 0, 0, 1, 0, 0, 0, 0, 0, 0, 0, 0, 0, 0, 0, 0, 0
Screen-Shot-2023-07-15-at-11-33-58-PM_png_jpg.rf.c53a2b4efd026d6685c3afb81fdbdff9.jpg, 0, 0, 0, 0, 0, 0, 0, 0, 0, 0, 0, 0, 0, 0, 0, 0, 0, 1, 0, 0, 0, 0, 0, 0, 0, 0, 0, 0, 0, 0
Screen-Shot-2023-07-15-at-11-03-54-PM_png_jpg.rf.c874f501629f780f6e463370f7e04708.jpg, 0, 0, 0, 0, 0, 1, 0, 0, 0, 0, 0, 0, 0, 0, 0, 0, 0, 0, 0, 0, 0, 0, 0, 0, 0, 0, 0, 0, 0, 0
Screen-Shot-2023-07-15-at-10-57-00-PM_png_jpg.rf.c833e9220a14e1fb641582654ba82bfa.jpg, 0, 1, 0, 0, 0, 0, 0, 0, 0, 0, 0, 0, 0, 0, 0, 0, 0, 0, 0, 0, 0, 0, 0, 0, 0, 0, 0, 0, 0, 0
Screen-Shot-2023-07-16-at-11-58-54-PM_png_jpg.rf.c8b2cb6b91ce271d999ef1da19bfbb10.jpg, 0, 0, 0, 0, 0, 0, 0, 0, 1, 0, 0, 0, 0, 0, 0, 0, 0, 0, 0, 0, 0, 0, 0, 0, 0, 0, 0, 0, 0, 0
x1-JPG1whs_jpg.rf.c77fcc5b61dfe3861e0bc7c29a83d363.jpg, 0, 0, 0, 0, 0, 0, 0, 0, 0, 0, 0, 0, 0, 0, 0, 0, 0, 0, 0, 0, 0, 0, 0, 0, 0, 0, 0, 1, 0, 0
Screen-Shot-2023-07-16-at-11-51-14-PM_png_jpg.rf.c8ef3f5cee5a5fd237f4f54be533a9e6.jpg, 0, 0, 0, 0, 0, 1, 0, 0, 0, 0, 0, 0, 0, 0, 0, 0, 0, 0, 0, 0, 0, 0, 0, 0, 0, 0, 0, 0, 0, 0
Screen-Shot-2023-07-15-at-11-18-11-PM_png_jpg.rf.c8eca104a0fb38b961c21f609471fb4f.jpg, 0, 0, 0, 0, 0, 0, 0, 0, 0, 0, 0, 0, 1, 0, 0, 0, 0, 0, 0, 0, 0, 0, 0, 0, 0, 0, 0, 0, 0, 0
w1-JPG7rot_jpg.rf.c81d8d4229db891628d0ac04b7f76bba.jpg, 0, 0, 0, 0, 0, 0, 0, 0, 0, 0, 0, 0, 0, 0, 0, 0, 0, 0, 0, 0, 0, 0, 0, 0, 0, 0, 1, 0, 0, 0
u1-JPG2whs_jpg.rf.c8b71aea9f40c9b5b5e119f83e68111e.jpg, 0, 0, 0, 0, 0, 0, 0, 0, 0, 0, 0, 0, 0, 0, 0, 0, 0, 0, 0, 0, 0, 0, 0, 0, 1, 0, 0, 0, 0, 0
Screen-Shot-2023-07-17-at-12-10-25-AM_png_jpg.rf.c8a93e6415739e2d9df22b6c962acd73.jpg, 0, 0, 0, 0, 0, 0, 0, 0, 0, 0, 0, 0, 0, 0, 0, 0, 0, 0, 0, 1, 0, 0, 0, 0, 0, 0, 0, 0, 0, 0
Screen-Shot-2023-07-17-at-12-07-38-AM_png_jpg.rf.c96a68ffa9569568fbe113da64913de9.jpg, 0, 0, 0, 0, 0, 0, 0, 0, 0, 0, 0, 0, 0, 0, 0, 1, 0, 0, 0, 0, 0, 0, 0, 0, 0, 0, 0, 0, 0, 0
Screen-Shot-2023-07-16-at-11-58-25-PM_png_jpg.rf.c8df1f772421a12aaedc83dfb39a4ade.jpg, 0, 0, 0, 0, 0, 0, 0, 0, 1, 0, 0, 0, 0, 0, 0, 0, 0, 0, 0, 0, 0, 0, 0, 0, 0, 0, 0, 0, 0, 0
b1-JPG13rot_jpg.rf.c95f73be7ce07b086b081eee0910c3d0.jpg, 0, 0, 1, 0, 0, 0, 0, 0, 0, 0, 0, 0, 0, 0, 0, 0, 0, 0, 0, 0, 0, 0, 0, 0, 0, 0, 0, 0, 0, 0
Screen-Shot-2023-07-15-at-11-41-47-PM_png_jpg.rf.c9409590d0f6241ee832b3dca5e8999f.jpg, 0, 0, 0, 0, 0, 0, 0, 0, 0, 0, 0, 0, 0, 0, 0, 0, 0, 0, 0, 0, 0, 1, 0, 0, 0, 0, 0, 0, 0, 0
Screen-Shot-2023-07-15-at-11-01-18-PM_png_jpg.rf.c8f96d4765bcef397ccc0744d592aaeb.jpg, 0, 0, 0, 1, 0, 0, 0, 0, 0, 0, 0, 0, 0, 0, 0, 0, 0, 0, 0, 0, 0, 0, 0, 0, 0, 0, 0, 0, 0, 0
Screen-Shot-2023-07-16-at-12-09-08-AM_png_jpg.rf.c91b624a840adaf7f323caca14bb3df3.jpg, 0, 0, 0, 0, 0, 0, 0, 0, 0, 0, 0, 0, 0, 0, 0, 0, 0, 0, 0, 0, 1, 0, 0, 0, 0, 0, 0, 0, 0, 0
Screen-Shot-2023-07-15-at-11-01-44-PM_png_jpg.rf.c8f266f21921718ef71b2e1ca543b622.jpg, 0, 0, 0, 1, 0, 0, 0, 0, 0, 0, 0, 0, 0, 0, 0, 0, 0, 0, 0, 0, 0, 0, 0, 0, 0, 0, 0, 0, 0, 0
Screen-Shot-2023-07-15-at-11-57-26-PM_png_jpg.rf.c9aff14ac738d6cd80a8d13dd0230a82.jpg, 0, 0, 0, 0, 0, 0, 0, 0, 0, 0, 0, 0, 0, 0, 0, 0, 0, 0, 0, 0, 0, 0, 0, 0, 0, 0, 1, 0, 0, 0
Screen-Shot-2023-07-17-at-12-13-53-AM_png_jpg.rf.c96e3db05ce6a8b99e1a23d11ef75416.jpg, 0, 0, 0, 0, 0, 0, 0, 0, 0, 0, 0, 0, 0, 0, 0, 0, 0, 0, 0, 0, 0, 0, 0, 0, 1, 0, 0, 0, 0, 0
Screen-Shot-2023-07-17-at-12-22-53-AM_png_jpg.rf.c989d63e2fb0470cac6f8db9288cef2f.jpg, 0, 0, 0, 0, 0, 0, 0, 0, 0, 0, 0, 0, 0, 0, 0, 0, 0, 0, 0, 0, 1, 0, 0, 0, 0, 0, 0, 0, 0, 0
u1-JPG10rot_jpg.rf.c9c17865e928b4df2942b0875065698f.jpg, 0, 0, 0, 0, 0, 0, 0, 0, 0, 0, 0, 0, 0, 0, 0, 0, 0, 0, 0, 0, 0, 0, 0, 0, 1, 0, 0, 0, 0, 0
Screen-Shot-2023-07-15-at-11-16-55-PM_png_jpg.rf.c9e16a0099de4b28898e5e56fdfdf721.jpg, 0, 0, 0, 0, 0, 0, 0, 0, 0, 0, 0, 0, 1, 0, 0, 0, 0, 0, 0, 0, 0, 0, 0, 0, 0, 0, 0, 0, 0, 0
l1-JPG17dim_jpg.rf.c818ba6d33b41a6575587ef718659754.jpg, 0, 0, 0, 0, 0, 0, 0, 0, 0, 0, 0, 0, 0, 1, 0, 0, 0, 0, 0, 0, 0, 0, 0, 0, 0, 0, 0, 0, 0, 0
s1-JPG6whs_jpg.rf.ca152342f6f9bc8eaa4b3c18d0efa265.jpg, 0, 0, 0, 0, 0, 0, 0, 0, 0, 0, 0, 0, 0, 0, 0, 0, 0, 0, 0, 0, 0, 0, 1, 0, 0, 0, 0, 0, 0, 0
d1-JPG16dim_jpg.rf.ca41422e25726803483581b5d1b6cd7d.jpg, 1, 0, 0, 0, 0, 0, 0, 0, 0, 0, 0, 0, 0, 0, 0, 0, 0, 0, 0, 0, 0, 0, 0, 0, 0, 0, 0, 0, 0, 0
y1-JPG17rot_jpg.rf.c97d85f40c79831da52dbd5730ebf947.jpg, 0, 0, 0, 0, 0, 0, 0, 0, 0, 0, 0, 0, 0, 0, 0, 0, 0, 0, 0, 0, 0, 0, 0, 0, 0, 0, 0, 0, 1, 0
Screen-Shot-2023-07-17-at-12-00-19-AM_png_jpg.rf.ca15e835075d5f79a5f7767f17f32808.jpg, 0, 0, 0, 0, 0, 0, 0, 0, 0, 0, 1, 0, 0, 0, 0, 0, 0, 0, 0, 0, 0, 0, 0, 0, 0, 0, 0, 0, 0, 0
Screen-Shot-2023-07-17-at-12-10-25-AM_png_jpg.rf.ca29d6458af5e624a1772fc2e155cef5.jpg, 0, 0, 0, 0, 0, 0, 0, 0, 0, 0, 0, 0, 0, 0, 0, 0, 0, 0, 0, 1, 0, 0, 0, 0, 0, 0, 0, 0, 0, 0
Screen-Shot-2023-07-15-at-11-57-13-PM_png.rf.c9dc09b1a3e676e8733fb524ba3365d4.jpg, 0, 0, 0, 0, 0, 0, 0, 0, 0, 0, 0, 0, 0, 0, 0, 0, 0, 0, 0, 0, 0, 0, 0, 0, 0, 0, 1, 0, 0, 0
v1-JPG1whs_jpg.rf.ca1b3d7d072cd0358428aa524f3d8513.jpg, 0, 0, 0, 0, 0, 0, 0, 0, 0, 0, 0, 0, 0, 0, 0, 0, 0, 0, 0, 0, 0, 0, 0, 0, 0, 1, 0, 0, 0, 0
d1-JPG12dim_jpg.rf.c9e7df502bf3ae4b94bb35cff3f72c54.jpg, 0, 0, 0, 0, 0, 1, 0, 0, 0, 0, 0, 0, 0, 0, 0, 0, 0, 0, 0, 0, 0, 0, 0, 0, 0, 0, 0, 0, 0, 0
y1-JPG9whs_jpg.rf.cab1c49ddb808e97696065a819b3f25d.jpg, 0, 0, 0, 0, 0, 0, 0, 0, 0, 0, 0, 0, 0, 0, 0, 0, 0, 0, 0, 0, 0, 0, 0, 0, 0, 0, 0, 0, 1, 0
Screen-Shot-2023-07-17-at-12-03-36-AM_png.rf.ca43f861a148da93dc401027046d7014.jpg, 0, 0, 0, 0, 0, 0, 0, 0, 0, 0, 0, 0, 0, 1, 0, 0, 0, 0, 0, 0, 0, 0, 0, 0, 0, 0, 0, 0, 0, 0
m1-JPG3whs_jpg.rf.ca733d334705286a8699c19449751389.jpg, 0, 0, 0, 0, 0, 0, 0, 0, 0, 0, 0, 0, 0, 0, 1, 0, 0, 0, 0, 0, 0, 0, 0, 0, 0, 0, 0, 0, 0, 0
k1-JPG3whs_jpg.rf.ca4c3eb1f0fd4866951a2f9ab61a291a.jpg, 0, 0, 0, 0, 0, 0, 0, 0, 0, 0, 0, 0, 1, 0, 0, 0, 0, 0, 0, 0, 0, 0, 0, 0, 0, 0, 0, 0, 0, 0
Screen-Shot-2023-07-15-at-11-03-30-PM_png_jpg.rf.c9c0698bb2c4abaff37cab449d58d64b.jpg, 0, 0, 0, 0, 0, 1, 0, 0, 0, 0, 0, 0, 0, 0, 0, 0, 0, 0, 0, 0, 0, 0, 0, 0, 0, 0, 0, 0, 0, 0
Screen-Shot-2023-07-17-at-12-03-41-AM_png_jpg.rf.c97b4964188f6fda7940841a99e7eadf.jpg, 0, 0, 0, 0, 0, 0, 0, 0, 0, 0, 0, 0, 0, 1, 0, 0, 0, 0, 0, 0, 0, 0, 0, 0, 0, 0, 0, 0, 0, 0
l1-JPG13rot_jpg.rf.cabfde0db58b6aa11f56825648a52e1b.jpg, 0, 0, 0, 0, 0, 0, 0, 0, 0, 0, 0, 0, 0, 1, 0, 0, 0, 0, 0, 0, 0, 0, 0, 0, 0, 0, 0, 0, 0, 0
i1-JPG16dim_jpg.rf.ca5e6aa08c50a4089ca32a56d6aa170e.jpg, 0, 0, 0, 0, 0, 0, 0, 0, 0, 0, 1, 0, 0, 0, 0, 0, 0, 0, 0, 0, 0, 0, 0, 0, 0, 0, 0, 0, 0, 0
Screen-Shot-2023-07-16-at-12-03-23-AM_png.rf.cab6796ab210d0eb9d6c47d1d9e9e2f5.jpg, 0, 0, 0, 0, 0, 0, 0, 0, 0, 0, 0, 0, 0, 0, 0, 0, 0, 0, 0, 0, 0, 0, 0, 0, 0, 0, 0, 0, 0, 1
Screen-Shot-2023-07-15-at-11-55-58-PM_png_jpg.rf.cb095f8d7b306c08169a06b484c61a7b.jpg, 0, 0, 0, 0, 0, 0, 0, 0, 0, 0, 0, 0, 0, 0, 0, 0, 0, 0, 0, 0, 0, 0, 0, 0, 0, 1, 0, 0, 0, 0
Screen-Shot-2023-07-15-at-10-57-11-PM_png_jpg.rf.c9b1219c63e50ad981bc937841d4db09.jpg, 0, 1, 0, 0, 0, 0, 0, 0, 0, 0, 0, 0, 0, 0, 0, 0, 0, 0, 0, 0, 0, 0, 0, 0, 0, 0, 0, 0, 0, 0
Screen-Shot-2023-07-15-at-11-03-30-PM_png.rf.cae8fd1dde89d967b4eb08746114ca03.jpg, 0, 0, 0, 0, 0, 1, 0, 0, 0, 0, 0, 0, 0, 0, 0, 0, 0, 0, 0, 0, 0, 0, 0, 0, 0, 0, 0, 0, 0, 0
l1-JPG2dim_jpg.rf.cb100aae387421a11cd2927dff8505b6.jpg, 1, 0, 0, 0, 0, 0, 0, 0, 0, 0, 0, 0, 0, 0, 0, 0, 0, 0, 0, 0, 0, 0, 0, 0, 0, 0, 0, 0, 0, 0
Screen-Shot-2023-07-16-at-11-57-45-PM_png_jpg.rf.cad98ea630870db47cf8d3012b7a3bbf.jpg, 0, 0, 0, 0, 0, 0, 0, 1, 0, 0, 0, 0, 0, 0, 0, 0, 0, 0, 0, 0, 0, 0, 0, 0, 0, 0, 0, 0, 0, 0
i1-JPG10dim_jpg.rf.cba01b523fae55ec29f8ccfd98dbf22d.jpg, 1, 0, 0, 0, 0, 0, 0, 0, 0, 0, 0, 0, 0, 0, 0, 0, 0, 0, 0, 0, 0, 0, 0, 0, 0, 0, 0, 0, 0, 0
i1-JPG5rot_jpg.rf.cbb9cfc962ff6b7f9f6941ed809ff6de.jpg, 0, 0, 0, 0, 0, 0, 0, 0, 0, 0, 1, 0, 0, 0, 0, 0, 0, 0, 0, 0, 0, 0, 0, 0, 0, 0, 0, 0, 0, 0
q1-JPG13rot_jpg.rf.cb8c3bda729f6622c91eee74d574dc56.jpg, 0, 0, 0, 0, 0, 0, 0, 0, 0, 0, 0, 0, 0, 0, 0, 0, 0, 0, 0, 1, 0, 0, 0, 0, 0, 0, 0, 0, 0, 0
Screen-Shot-2023-07-15-at-11-32-26-PM_png.rf.cb1bd2e58132171028dc15a01e639378.jpg, 0, 0, 0, 0, 0, 0, 0, 0, 0, 0, 0, 0, 0, 0, 0, 0, 1, 0, 0, 0, 0, 0, 0, 0, 0, 0, 0, 0, 0, 0
z1-JPG18whs_jpg.rf.cba47e121235ec922091a9e7c4304730.jpg, 0, 0, 0, 0, 0, 0, 0, 0, 0, 0, 0, 0, 0, 0, 0, 0, 0, 0, 0, 0, 0, 0, 0, 0, 0, 0, 0, 0, 0, 1
Screen-Shot-2023-07-15-at-11-46-20-PM_png_jpg.rf.cb9cbd9262e431d0e0af63ba04199388.jpg, 0, 0, 0, 0, 0, 0, 0, 0, 0, 0, 0, 0, 0, 0, 0, 0, 0, 0, 0, 0, 0, 0, 0, 1, 0, 0, 0, 0, 0, 0
m1-JPG7rot_jpg.rf.cc9258c266d6a9e5b351bd04065b44c7.jpg, 0, 0, 0, 0, 0, 0, 0, 0, 0, 0, 0, 0, 0, 0, 1, 0, 0, 0, 0, 0, 0, 0, 0, 0, 0, 0, 0, 0, 0, 0
Screen-Shot-2023-07-15-at-10-57-00-PM_png_jpg.rf.cc2034499046de031aebb1eacb7b7701.jpg, 0, 1, 0, 0, 0, 0, 0, 0, 0, 0, 0, 0, 0, 0, 0, 0, 0, 0, 0, 0, 0, 0, 0, 0, 0, 0, 0, 0, 0, 0
w1-JPG19whs_jpg.rf.cc9c9edc653d3f4252a37dcee87d3318.jpg, 0, 0, 0, 0, 0, 0, 0, 0, 0, 0, 0, 0, 0, 0, 0, 0, 0, 0, 0, 0, 0, 0, 0, 0, 0, 0, 1, 0, 0, 0
f1-JPG8dim_jpg.rf.cb826585ac53882253d39c2085aa1267.jpg, 1, 0, 0, 0, 0, 0, 0, 0, 0, 0, 0, 0, 0, 0, 0, 0, 0, 0, 0, 0, 0, 0, 0, 0, 0, 0, 0, 0, 0, 0
Screen-Shot-2023-07-17-at-12-18-02-AM_png_jpg.rf.cbd18f594647d93a91782a3ddda02cbd.jpg, 0, 0, 0, 0, 0, 0, 0, 0, 0, 0, 0, 0, 0, 0, 0, 0, 0, 0, 0, 0, 0, 0, 0, 0, 0, 0, 0, 0, 1, 0
Screen-Shot-2023-07-17-at-12-20-50-AM_png_jpg.rf.cc0980dce66e0ffd465011b4835ee273.jpg, 0, 0, 0, 0, 0, 0, 0, 0, 0, 0, 0, 0, 0, 0, 0, 0, 0, 0, 1, 0, 0, 0, 0, 0, 0, 0, 0, 0, 0, 0
p1-JPG10dim_jpg.rf.caea5e3d32967ffaabf4a398cce16e0f.jpg, 0, 0, 0, 0, 0, 0, 0, 0, 0, 0, 0, 0, 0, 0, 0, 0, 0, 1, 0, 0, 0, 0, 0, 0, 0, 0, 0, 0, 0, 0
Screen-Shot-2023-07-16-at-12-02-54-AM_png_jpg.rf.cbb954f93d353bd4efce679f7ad2b199.jpg, 0, 0, 0, 0, 0, 0, 0, 0, 0, 0, 0, 0, 0, 0, 0, 0, 0, 0, 0, 0, 0, 0, 0, 0, 0, 0, 0, 0, 0, 1
Screen-Shot-2023-07-15-at-11-01-18-PM_png.rf.cca78c38041516b7065fc0460e45217c.jpg, 0, 0, 0, 1, 0, 0, 0, 0, 0, 0, 0, 0, 0, 0, 0, 0, 0, 0, 0, 0, 0, 0, 0, 0, 0, 0, 0, 0, 0, 0
Screen-Shot-2023-07-17-at-12-03-48-AM_png.rf.cc9fdebb0224803552eb2a84d43ab5cf.jpg, 0, 0, 0, 0, 0, 0, 0, 0, 0, 0, 0, 0, 0, 1, 0, 0, 0, 0, 0, 0, 0, 0, 0, 0, 0, 0, 0, 0, 0, 0
Screen-Shot-2023-07-15-at-11-08-17-PM_png_jpg.rf.cc8183013040aa1509cc4b91f7d4905f.jpg, 0, 0, 0, 0, 0, 0, 0, 0, 1, 0, 0, 0, 0, 0, 0, 0, 0, 0, 0, 0, 0, 0, 0, 0, 0, 0, 0, 0, 0, 0
s1-JPG2rot_jpg.rf.ccdf72a2ec39b18193050088dddb9aec.jpg, 0, 0, 0, 0, 0, 0, 0, 0, 0, 0, 0, 0, 0, 0, 0, 0, 0, 0, 0, 0, 0, 0, 1, 0, 0, 0, 0, 0, 0, 0
Screen-Shot-2023-07-16-at-11-55-17-PM_png_jpg.rf.cb721ba9d6aebb933064ed3d35c52875.jpg, 0, 0, 0, 0, 0, 0, 1, 0, 0, 0, 0, 0, 0, 0, 0, 0, 0, 0, 0, 0, 0, 0, 0, 0, 0, 0, 0, 0, 0, 0
Screen-Shot-2023-07-17-at-12-16-32-AM_png_jpg.rf.cd1b84a94ccc3f127ea3fff03c6d3d35.jpg, 0, 0, 0, 0, 0, 0, 0, 0, 0, 0, 0, 0, 0, 0, 0, 0, 0, 0, 0, 0, 0, 0, 0, 0, 0, 0, 0, 1, 0, 0
Screen-Shot-2023-07-16-at-11-50-15-PM_png_jpg.rf.cd0598f33e317ddf7353a53a5175af7c.jpg, 0, 0, 0, 1, 0, 0, 0, 0, 0, 0, 0, 0, 0, 0, 0, 0, 0, 0, 0, 0, 0, 0, 0, 0, 0, 0, 0, 0, 0, 0
q1-JPG17rot_jpg.rf.cd02f1398ff0981c15d5105b1468f767.jpg, 0, 0, 0, 0, 0, 0, 0, 0, 0, 0, 0, 0, 0, 0, 0, 0, 0, 0, 0, 1, 0, 0, 0, 0, 0, 0, 0, 0, 0, 0
Screen-Shot-2023-07-17-at-12-09-20-AM_png_jpg.rf.ca81f5265f073a02af61cd155c9d07b3.jpg, 0, 0, 0, 0, 0, 0, 0, 0, 0, 0, 0, 0, 0, 0, 0, 0, 0, 1, 0, 0, 0, 0, 0, 0, 0, 0, 0, 0, 0, 0
Screen-Shot-2023-07-16-at-11-54-10-PM_png_jpg.rf.cccf6267c825857b9b1dc48b74e8fd36.jpg, 0, 0, 0, 0, 0, 0, 1, 0, 0, 0, 0, 0, 0, 0, 0, 0, 0, 0, 0, 0, 0, 0, 0, 0, 0, 0, 0, 0, 0, 0
Screen-Shot-2023-07-16-at-11-51-14-PM_png_jpg.rf.cd06cd9bd5e2e078a55f79163821c00d.jpg, 0, 0, 0, 0, 0, 1, 0, 0, 0, 0, 0, 0, 0, 0, 0, 0, 0, 0, 0, 0, 0, 0, 0, 0, 0, 0, 0, 0, 0, 0
v1-JPG3rot_jpg.rf.cd8e199d965801232dae51cf15d108c7.jpg, 0, 0, 0, 0, 0, 0, 0, 0, 0, 0, 0, 0, 0, 0, 0, 0, 0, 0, 0, 0, 0, 0, 0, 0, 0, 1, 0, 0, 0, 0
Screen-Shot-2023-07-17-at-12-16-43-AM_png_jpg.rf.cbe6efbcbbf7d6cb0246a004568012dc.jpg, 0, 0, 0, 0, 0, 0, 0, 0, 0, 0, 0, 0, 0, 0, 0, 0, 0, 0, 0, 0, 0, 0, 0, 0, 0, 0, 0, 1, 0, 0
Screen-Shot-2023-07-16-at-11-59-02-PM_png_jpg.rf.cd499e226b367a61e704345b0e2ba9a6.jpg, 0, 0, 0, 0, 0, 0, 0, 0, 0, 1, 0, 0, 0, 0, 0, 0, 0, 0, 0, 0, 0, 0, 0, 0, 0, 0, 0, 0, 0, 0
Screen-Shot-2023-07-17-at-12-03-08-AM_png_jpg.rf.cc0d2be747c12cc45a2f6c9b305b88ef.jpg, 0, 0, 0, 0, 0, 0, 0, 0, 0, 0, 0, 0, 1, 0, 0, 0, 0, 0, 0, 0, 0, 0, 0, 0, 0, 0, 0, 0, 0, 0
Screen-Shot-2023-07-15-at-10-53-02-PM_png_jpg.rf.ccdc10d5a239c8011e3e8f066abb39a0.jpg, 0, 0, 0, 0, 0, 0, 0, 1, 0, 0, 0, 0, 0, 0, 0, 0, 0, 0, 0, 0, 0, 0, 0, 0, 0, 0, 0, 0, 0, 0
Screen-Shot-2023-07-15-at-11-00-36-PM_png_jpg.rf.cd2c6c0fc7488cb2e9de5ec07f8a2653.jpg, 0, 0, 0, 1, 0, 0, 0, 0, 0, 0, 0, 0, 0, 0, 0, 0, 0, 0, 0, 0, 0, 0, 0, 0, 0, 0, 0, 0, 0, 0
o1-JPG2whs_jpg.rf.ccfd2ca876ecf4bbd74c55837a37657c.jpg, 0, 0, 0, 0, 0, 0, 0, 0, 0, 0, 0, 0, 0, 0, 0, 0, 1, 0, 0, 0, 0, 0, 0, 0, 0, 0, 0, 0, 0, 0